,date,stock_id,Trading_Volume,Trading_money,open,max,min,close,spread,Trading_turnover
0,2000-03-24,9921,2895111,119204447,42.0,42.2,40.9,41.2,-1.1,1033
1,2000-03-27,9921,3518154,150977409,41.5,43.8,41.3,43.7,2.5,1047
2,2000-03-28,9921,5552699,248161548,44.7,45.7,42.8,45.2,1.5,1543
3,2000-03-29,9921,3092001,138286613,45.2,45.8,43.7,44.5,-0.7,945
4,2000-03-30,9921,1804457,80411994,44.5,45.3,44.0,44.0,-0.5,823
5,2000-03-31,9921,4597012,207528753,43.5,46.0,43.5,45.5,1.5,1181
6,2000-04-01,9921,2345679,108185808,46.0,46.7,45.5,45.9,0.4,772
7,2000-04-05,9921,3231000,155676800,45.9,49.1,45.9,48.4,2.5,912
8,2000-04-06,9921,2602705,126684245,48.4,49.2,48.0,49.2,0.8,819
9,2000-04-07,9921,2580569,128973636,50.0,50.5,49.5,50.0,0.8,913
10,2000-04-08,9921,2439018,117175941,49.6,50.0,47.2,47.5,-2.5,853
11,2000-04-10,9921,1250000,59272000,47.5,48.0,46.0,48.0,0.5,545
12,2000-04-11,9921,1374307,65343415,49.0,49.0,47.0,47.1,-0.9,534
13,2000-04-12,9921,1295801,59616232,47.1,47.5,45.0,45.0,-2.1,544
14,2000-04-13,9921,935637,41382053,44.0,45.0,43.5,45.0,0.0,365
15,2000-04-14,9921,1492001,68202312,44.8,46.8,44.5,45.8,0.8,620
16,2000-04-15,9921,1204208,52988146,44.1,44.8,42.6,43.8,-2.0,478
17,2000-04-17,9921,645000,28025800,43.8,44.8,43.0,43.3,-0.5,292
18,2000-04-18,9921,988268,43915108,44.5,45.2,44.0,44.0,0.7,471
19,2000-04-19,9921,507100,22337015,44.7,44.7,43.6,43.9,-0.1,236
20,2000-04-20,9921,805047,35537329,43.9,44.3,43.9,44.2,0.3,279
21,2000-04-21,9921,3441014,158315480,44.7,47.2,44.3,47.2,3.0,1190
22,2000-04-24,9921,3069080,147734153,48.5,49.0,47.2,47.5,0.3,1149
23,2000-04-25,9921,1395109,65085350,46.1,47.8,46.1,47.0,-0.5,507
24,2000-04-26,9921,1056014,48014052,48.0,48.0,43.9,44.6,-2.4,362
25,2000-04-27,9921,714111,30976860,41.7,44.5,41.7,43.8,-0.8,248
26,2000-04-28,9921,1346002,62111734,46.6,46.8,44.6,46.8,3.0,389
27,2000-04-29,9921,6136650,306622576,50.0,50.0,49.1,49.3,2.5,1518
28,2000-05-02,9921,9927000,513907600,50.0,52.5,49.8,51.5,2.2,2683
29,2000-05-03,9921,3712352,187428935,50.5,51.5,49.5,49.5,-2.0,1259
30,2000-05-04,9921,4182703,205903421,49.5,51.0,46.9,48.3,-1.2,1448
31,2000-05-05,9921,5502221,272273567,48.0,50.5,47.6,50.5,2.2,1500
32,2000-05-06,9921,5241606,270499109,51.0,53.0,50.5,52.0,1.5,1793
33,2000-05-08,9921,2478000,126806500,52.5,53.0,50.0,51.5,-0.5,843
34,2000-05-09,9921,5737003,301138653,51.0,53.5,50.0,53.5,2.0,1695
35,2000-05-10,9921,2321313,120720660,53.5,53.5,51.0,51.0,-2.5,845
36,2000-05-11,9921,1884480,93896895,50.0,50.5,49.3,49.5,-1.5,754
37,2000-05-12,9921,1963506,98312767,50.5,51.0,49.5,50.0,0.5,772
38,2000-05-15,9921,1509997,73656246,50.0,50.5,48.1,48.7,-1.3,613
39,2000-05-16,9921,1507775,73614746,48.7,49.5,48.5,49.0,0.3,592
40,2000-05-17,9921,2395700,120415114,50.0,51.0,49.6,50.5,1.5,855
41,2000-05-18,9921,2473882,120038510,49.5,50.0,48.0,49.0,-1.5,838
42,2000-05-19,9921,3168012,155790334,49.0,49.9,48.5,49.0,0.0,954
43,2000-05-20,9921,2014333,95245265,49.0,49.0,45.6,45.6,-3.4,768
44,2000-05-22,9921,1638000,76407100,46.9,47.9,46.0,47.0,1.4,684
45,2000-05-23,9921,1754834,83176997,47.2,47.8,46.7,47.7,0.7,671
46,2000-05-24,9921,3278173,159278410,47.2,49.6,47.2,48.4,0.7,1283
47,2000-05-25,9921,2357835,115000092,50.0,50.0,47.1,47.2,-1.2,1044
48,2000-05-26,9921,1002430,47650810,47.2,47.9,47.2,47.5,0.3,448
49,2000-05-29,9921,788010,37782591,48.0,48.5,47.5,48.0,0.5,333
50,2000-05-30,9921,849842,40990170,48.2,48.5,47.8,47.8,-0.2,352
51,2000-05-31,9921,1854310,90808219,48.2,49.9,48.0,49.8,2.0,754
52,2000-06-01,9921,2853390,142438024,49.8,51.0,49.2,49.4,-0.4,1105
53,2000-06-02,9921,1546163,76414704,50.0,50.0,49.0,49.0,-0.4,620
54,2000-06-03,9921,2028750,101666610,50.5,50.5,49.6,50.0,1.0,838
55,2000-06-05,9921,2453000,124827500,50.0,51.5,50.0,51.5,1.5,817
56,2000-06-07,9921,2229100,111468134,51.5,51.5,49.6,49.8,-1.7,708
57,2000-06-08,9921,1710494,85494126,50.5,51.0,49.5,49.8,0.0,628
58,2000-06-09,9921,732344,36073943,49.8,49.8,49.1,49.1,-0.7,338
59,2000-06-12,9921,602282,29294021,49.1,49.5,48.1,48.3,-0.8,292
60,2000-06-13,9921,708889,34009914,48.3,48.3,47.7,47.8,-0.5,306
61,2000-06-14,9921,534499,25866290,48.0,49.0,48.0,48.2,0.4,255
62,2000-06-15,9921,363347,17540734,48.5,49.0,47.8,48.0,-0.2,208
63,2000-06-16,9921,382708,18360272,48.0,48.4,47.6,47.7,-0.3,157
64,2000-06-17,9921,428100,20508305,47.8,48.3,47.7,47.9,0.2,191
65,2000-06-19,9921,400000,19017000,48.1,48.3,47.1,47.6,-0.3,150
66,2000-06-20,9921,695956,33760772,49.6,49.6,47.8,48.2,0.6,377
67,2000-06-21,9921,300101,14322742,48.3,48.5,47.0,47.2,-1.0,159
68,2000-06-22,9921,523754,24848407,47.2,47.9,47.2,47.9,0.7,266
69,2000-06-23,9921,345001,16534647,47.9,48.5,47.5,47.9,0.0,200
70,2000-06-26,9921,318800,15179925,48.8,48.8,47.0,47.0,-0.9,168
71,2000-06-27,9921,373584,17418025,47.2,47.3,46.1,46.6,-0.4,159
72,2000-06-28,9921,530600,24088075,46.6,46.6,44.6,45.2,-1.4,223
73,2000-06-29,9921,765300,34388791,45.2,45.8,43.6,44.6,-0.6,280
74,2000-06-30,9921,767040,34793274,44.6,46.2,43.9,45.8,1.2,294
75,2000-07-03,9921,486901,22350157,45.8,46.5,45.5,45.9,0.1,194
76,2000-07-04,9921,531773,23565770,46.3,46.3,43.8,44.4,-1.5,219
77,2000-07-05,9921,489747,22004194,44.0,45.8,44.0,45.8,1.4,199
78,2000-07-06,9921,382800,17159654,45.5,45.5,44.2,45.2,-0.6,184
79,2000-07-07,9921,294000,13058100,44.4,45.2,44.0,44.2,-1.0,130
80,2000-07-10,9921,758000,34080800,44.5,46.0,44.2,44.3,0.1,359
81,2000-07-11,9921,340700,14994048,44.3,44.8,43.5,43.8,-0.5,174
82,2000-07-12,9921,438313,18685719,43.5,43.8,42.1,42.1,-1.7,192
83,2000-07-13,9921,656000,27834973,42.1,42.9,41.8,42.3,0.2,288
84,2000-07-14,9921,1343613,58957973,42.5,44.8,42.5,44.8,2.5,468
85,2000-07-15,9921,819521,37121519,46.3,46.3,44.5,45.2,0.4,304
86,2000-07-17,9921,1787000,82744100,45.6,46.9,45.6,46.6,1.4,527
87,2000-07-18,9921,991082,44900675,46.3,46.3,44.5,45.3,-1.3,347
88,2000-07-19,9921,482000,21679500,44.6,45.4,44.6,45.4,0.1,181
89,2000-07-20,9921,4020000,189129100,45.0,48.1,45.0,47.8,2.4,1099
90,2000-07-21,9921,7946000,337872700,41.9,43.7,41.5,42.5,0.0,1892
91,2000-07-24,9921,1739680,72852127,42.5,42.5,41.5,41.7,-0.8,504
92,2000-07-25,9921,812600,33378894,41.0,41.9,40.2,41.0,-0.7,296
93,2000-07-26,9921,663300,27347335,41.1,41.7,40.7,41.0,0.0,275
94,2000-07-27,9921,2353001,98453040,41.0,42.4,41.0,42.4,1.4,701
95,2000-07-28,9921,3291450,145209378,42.0,45.3,42.0,45.3,2.9,848
96,2000-07-29,9921,7561361,362924739,47.5,48.4,46.6,47.3,2.0,1589
97,2000-07-31,9921,12085000,602623400,48.0,50.5,47.8,50.5,3.2,2595
98,2000-08-01,9921,5991230,301236268,50.5,51.0,49.2,49.8,-0.7,1260
99,2000-08-02,9921,4796300,239015214,49.1,50.5,48.5,50.0,0.2,1275
100,2000-08-03,9921,3123102,154320322,50.0,50.0,48.3,48.4,-1.6,763
101,2000-08-04,9921,6521753,321708654,48.8,51.0,48.3,51.0,2.6,1657
102,2000-08-05,9921,2523001,126354950,50.5,51.0,49.5,50.5,-0.5,727
103,2000-08-07,9921,3061000,145871100,49.7,49.7,47.0,47.0,-3.5,1027
104,2000-08-08,9921,3538990,163797390,46.2,47.2,45.6,47.2,0.2,915
105,2000-08-09,9921,4558546,221326897,47.9,49.3,47.9,48.7,1.5,1303
106,2000-08-10,9921,3130171,148840578,49.2,49.2,46.5,46.7,-2.0,958
107,2000-08-11,9921,3451499,162828630,46.8,47.9,46.6,46.9,0.2,1137
108,2000-08-14,9921,3197365,152125887,47.6,47.9,47.2,47.7,0.8,961
109,2000-08-15,9921,1336030,63689782,48.0,48.0,47.4,47.7,0.0,478
110,2000-08-16,9921,2690411,130220204,47.7,49.0,47.7,48.3,0.6,842
111,2000-08-17,9921,5052680,248476971,49.0,50.0,48.2,48.8,0.5,1342
112,2000-08-18,9921,3931400,194371820,49.3,49.9,49.0,49.2,0.4,1076
113,2000-08-19,9921,2443300,118295685,49.0,49.3,48.0,48.2,-1.0,629
114,2000-08-21,9921,4296000,208650100,48.2,49.0,48.0,48.6,0.4,932
115,2000-08-22,9921,3066850,147501844,49.2,49.3,47.0,47.1,-1.5,898
116,2000-08-24,9921,2880000,133044500,47.1,47.5,45.5,45.7,-1.4,1053
117,2000-08-25,9921,2966608,129731750,45.7,45.7,43.1,43.9,-1.8,909
118,2000-08-28,9921,2938200,130269136,43.9,45.0,43.3,43.7,-0.2,1005
119,2000-08-29,9921,2985715,131794486,43.9,44.7,43.5,44.5,0.8,990
120,2000-08-30,9921,2346298,100025258,44.5,44.5,41.5,41.9,-2.6,825
121,2000-08-31,9921,1638630,69300363,41.9,43.0,41.9,42.4,0.5,540
122,2000-09-01,9921,2198407,89756566,43.0,43.0,39.7,40.6,-1.8,613
123,2000-09-02,9921,3384311,141266160,41.9,42.2,41.0,41.8,1.2,827
124,2000-09-04,9921,2886000,119241700,42.3,42.3,40.5,41.8,0.0,946
125,2000-09-05,9921,2806750,114851078,42.1,42.1,40.5,40.8,-1.0,799
126,2000-09-06,9921,2445220,97654728,40.5,40.5,39.5,39.5,-1.3,717
127,2000-09-07,9921,2839900,114600070,39.5,40.8,39.5,40.4,0.9,761
128,2000-09-08,9921,1531200,62008638,40.5,41.0,39.8,40.7,0.3,583
129,2000-09-11,9921,1387908,54128362,40.9,40.9,38.0,38.5,-2.2,457
130,2000-09-13,9921,1002133,38704292,38.8,39.6,38.0,39.4,0.9,412
131,2000-09-14,9921,820021,31749023,39.4,39.4,38.5,38.5,-0.9,207
132,2000-09-15,9921,2456152,96598621,39.0,40.0,38.5,38.5,0.0,745
133,2000-09-16,9921,1084208,41695652,38.5,39.2,37.8,38.3,-0.2,529
134,2000-09-18,9921,1387000,52998200,38.9,39.0,37.0,37.0,-1.3,419
135,2000-09-19,9921,2155134,80063417,37.0,38.4,36.3,38.0,1.0,669
136,2000-09-20,9921,3040208,120616329,40.0,40.6,38.2,40.6,2.6,1010
137,2000-09-21,9921,8491588,359047312,40.6,43.2,40.6,42.0,1.4,2112
138,2000-09-22,9921,4204343,176046392,41.5,42.8,40.8,41.5,-0.5,1168
139,2000-09-25,9921,6203470,271233182,42.3,44.4,42.3,44.3,2.8,1629
140,2000-09-26,9921,3967285,173092629,44.3,44.3,42.9,44.3,0.0,1024
141,2000-09-27,9921,4312451,192074809,44.3,45.5,43.6,44.2,-0.1,1297
142,2000-09-28,9921,1711521,74231477,44.2,44.6,42.5,42.5,-1.7,666
143,2000-09-29,9921,4503750,196779165,42.8,44.3,42.6,43.5,1.0,1409
144,2000-09-30,9921,2177910,93735781,42.0,43.6,42.0,43.6,0.1,811
145,2000-10-02,9921,2981000,131118000,43.9,44.8,43.0,43.2,-0.4,1120
146,2000-10-03,9921,1775048,75525119,43.2,43.5,41.6,42.2,-1.0,638
147,2000-10-04,9921,2348770,96110278,40.8,41.7,40.8,41.1,-1.1,465
148,2000-10-05,9921,1985584,83339764,41.8,42.7,41.4,42.2,1.1,697
149,2000-10-06,9921,3826209,167782604,42.2,44.6,42.2,44.6,2.4,1035
150,2000-10-07,9921,7198849,330827134,44.6,46.6,44.5,46.5,1.9,1819
151,2000-10-09,9921,1938000,87950800,46.4,46.4,44.9,44.9,-1.6,621
152,2000-10-11,9921,808295,35098439,43.4,43.8,43.4,43.4,-1.5,196
153,2000-10-12,9921,2310690,95799492,40.7,43.0,40.5,41.2,-2.2,725
154,2000-10-13,9921,2315734,93879272,38.4,42.4,38.4,42.4,1.2,676
155,2000-10-16,9921,3247225,139720367,45.3,45.3,40.0,40.5,-1.9,843
156,2000-10-17,9921,1706370,70745406,41.0,42.0,40.8,41.7,1.2,643
157,2000-10-18,9921,2237300,94287611,41.7,42.9,41.3,41.7,0.0,939
158,2000-10-19,9921,2306585,93269644,41.6,42.1,39.4,39.8,-1.9,691
159,2000-10-20,9921,1505552,63716758,42.5,42.5,41.5,42.5,2.7,484
160,2000-10-21,9921,4622411,207147331,43.6,45.4,43.0,45.4,2.9,1242
161,2000-10-23,9921,2528000,111947700,45.4,45.4,43.9,43.9,-1.5,761
162,2000-10-24,9921,4090712,179762297,43.5,45.0,43.0,43.7,-0.2,1296
163,2000-10-25,9921,3603676,153106568,43.5,43.7,42.2,43.0,-0.7,1052
164,2000-10-26,9921,2393257,102248568,42.1,43.6,42.0,43.0,0.0,918
165,2000-10-27,9921,1031990,43537650,42.5,43.3,41.5,41.5,-1.5,465
166,2000-10-30,9921,1541451,61899210,40.1,40.9,40.1,40.6,-0.9,443
167,2000-10-31,9921,2829550,112636501,39.2,40.9,39.2,39.3,-1.3,927
168,2000-11-01,9921,1545820,60162661,39.8,40.1,38.6,38.6,-0.7,503
169,2000-11-02,9921,2557498,102354120,38.7,41.3,38.7,41.2,2.6,807
170,2000-11-03,9921,1664472,68151034,41.5,41.7,40.2,41.5,0.3,639
171,2000-11-04,9921,789538,31979600,41.6,41.6,40.1,40.1,-1.4,336
172,2000-11-06,9921,1923000,74832500,39.4,39.5,38.7,38.7,-1.4,405
173,2000-11-07,9921,2032850,78677523,38.0,39.2,38.0,39.0,0.3,675
174,2000-11-08,9921,4125938,165982187,39.1,41.3,39.0,40.1,1.1,1458
175,2000-11-09,9921,1351408,53354738,39.5,39.8,39.1,39.6,-0.5,570
176,2000-11-10,9921,3205753,130706764,39.5,41.3,39.4,40.5,0.9,1025
177,2000-11-13,9921,2148505,87289844,40.0,41.8,39.1,40.9,0.4,771
178,2000-11-14,9921,3700172,154358685,41.3,42.1,40.9,41.3,0.4,1069
179,2000-11-15,9921,3018315,124442341,41.9,41.9,40.6,40.6,-0.7,977
180,2000-11-16,9921,1100000,43568700,40.2,40.2,39.1,39.6,-1.0,430
181,2000-11-17,9921,697420,27309348,39.3,39.9,38.5,39.3,-0.3,315
182,2000-11-18,9921,712830,27864652,39.1,39.7,38.5,38.6,-0.7,372
183,2000-11-20,9921,1044000,39829300,38.6,38.6,38.0,38.2,-0.4,342
184,2000-11-21,9921,2211915,88212170,38.2,40.7,38.2,40.7,2.5,843
185,2000-11-22,9921,3300004,137583249,41.5,42.2,41.0,41.0,0.3,958
186,2000-11-23,9921,408502,16452273,39.8,40.9,39.8,40.9,-0.1,223
187,2000-11-24,9921,1938200,81122025,41.1,42.2,41.1,42.0,1.1,684
188,2000-11-27,9921,1026915,42654209,42.0,42.0,41.0,41.3,-0.7,424
189,2000-11-28,9921,432427,17708105,41.5,41.5,40.5,40.5,-0.8,282
190,2000-11-29,9921,640312,26090911,40.0,41.2,40.0,40.9,0.4,297
191,2000-11-30,9921,1311065,52679632,40.9,40.9,39.8,40.0,-0.9,409
192,2000-12-01,9921,919600,37025479,40.2,41.0,39.8,41.0,1.0,353
193,2000-12-02,9921,5617170,234389134,41.5,42.3,40.8,40.9,-0.1,1693
194,2000-12-04,9921,1627000,65485900,40.5,40.7,39.7,39.8,-1.1,486
195,2000-12-05,9921,839000,33842698,40.3,40.9,40.0,40.7,0.9,389
196,2000-12-06,9921,742772,30338223,41.2,41.5,40.0,40.0,-0.7,354
197,2000-12-07,9921,760101,30900919,39.8,41.0,39.8,41.0,1.0,320
198,2000-12-08,9921,502356,20585518,41.3,41.3,40.7,41.2,0.2,210
199,2000-12-11,9921,5473573,230873485,41.5,42.7,41.3,42.7,1.5,1366
200,2000-12-12,9921,2110001,89587220,42.7,42.9,41.9,42.0,-0.7,697
201,2000-12-13,9921,3312660,142023066,42.0,43.4,42.0,42.3,0.3,912
202,2000-12-14,9921,1316464,55191103,42.0,42.2,41.5,41.7,-0.6,390
203,2000-12-15,9921,723000,30177389,41.7,42.0,41.5,42.0,0.3,294
204,2000-12-16,9921,1286135,52650230,42.0,42.0,40.6,40.6,-1.4,486
205,2000-12-18,9921,1343000,54080800,41.0,41.0,39.9,40.4,-0.2,442
206,2000-12-19,9921,2042100,84209619,40.5,42.3,40.0,42.3,1.9,747
207,2000-12-20,9921,3019555,127736154,41.2,42.6,41.2,42.1,-0.2,856
208,2000-12-21,9921,838646,34962252,42.0,42.0,41.0,42.0,-0.1,323
209,2000-12-22,9921,5684565,250882497,42.5,44.9,42.5,44.4,2.4,1720
210,2000-12-26,9921,2241550,99469193,45.0,45.1,43.3,43.9,-0.5,560
211,2000-12-27,9921,3478500,152025640,44.0,44.5,42.5,43.9,0.0,1062
212,2000-12-28,9921,4296214,185253805,42.4,44.3,42.4,44.2,0.3,1084
213,2000-12-29,9921,1887507,82554992,44.4,44.4,43.0,43.8,-0.4,427
214,2000-12-30,9921,4201350,185309652,43.7,44.5,43.1,44.5,0.7,873
215,2001-01-02,9921,6103000,269756900,44.5,45.0,43.4,44.0,-0.5,1529
216,2001-01-03,9921,6084650,263475056,43.0,44.1,42.3,42.4,-1.6,1663
217,2001-01-04,9921,11621250,502401545,42.4,44.5,41.9,43.4,1.0,3891
218,2001-01-05,9921,8197246,347400556,43.0,43.2,41.8,42.5,-0.9,2350
219,2001-01-08,9921,7224276,302367124,42.0,42.5,41.1,41.2,-1.3,1900
220,2001-01-09,9921,6957471,294796665,41.2,42.9,41.2,42.7,1.5,2170
221,2001-01-10,9921,9545943,420565314,43.7,44.8,43.5,44.1,1.4,2719
222,2001-01-11,9921,4014990,173718430,44.3,44.3,42.3,42.7,-1.4,1086
223,2001-01-12,9921,2823470,121005364,43.2,43.5,42.1,42.7,0.0,858
224,2001-01-15,9921,1845770,79269887,42.5,43.4,42.1,43.0,0.3,615
225,2001-01-16,9921,13248850,592428662,43.0,45.5,43.0,45.2,2.2,2873
226,2001-01-17,9921,8169350,369077106,45.5,46.0,44.5,44.7,-0.5,1849
227,2001-01-18,9921,4696440,206078510,44.5,44.6,43.5,43.5,-1.2,1470
228,2001-01-29,9921,5850000,258402400,43.5,45.0,43.5,43.6,0.1,1485
229,2001-01-30,9921,1472735,64265683,43.7,44.3,43.1,43.3,-0.3,550
230,2001-01-31,9921,4925850,217004047,43.5,44.5,43.5,43.8,0.5,1215
231,2001-02-01,9921,4109790,181479111,43.8,45.0,43.4,43.4,-0.4,1294
232,2001-02-02,9921,4965883,218938037,43.7,44.6,43.5,44.2,0.8,1455
233,2001-02-05,9921,13695129,623512893,44.5,46.0,44.5,45.2,1.0,3093
234,2001-02-06,9921,11331745,519853600,45.9,46.6,44.3,44.3,-0.9,2367
235,2001-02-07,9921,11752250,538733217,44.9,46.5,44.7,45.5,1.2,2348
236,2001-02-08,9921,5560100,257202027,47.2,47.2,45.5,45.8,0.3,1436
237,2001-02-09,9921,5976778,275925857,45.8,46.8,45.3,45.8,0.0,1398
238,2001-02-12,9921,2576146,118036751,46.2,46.3,45.3,45.5,-0.3,808
239,2001-02-13,9921,4066421,184333426,45.8,46.2,44.5,45.0,-0.5,1186
240,2001-02-14,9921,4963194,226724948,45.2,46.4,45.1,45.7,0.7,1378
241,2001-02-15,9921,4489980,208101257,46.3,47.0,45.7,46.2,0.5,1396
242,2001-02-16,9921,3192952,145141652,46.3,46.4,44.7,44.7,-1.5,882
243,2001-02-19,9921,1764614,77882582,43.5,44.5,43.5,44.3,-0.4,535
244,2001-02-20,9921,7213626,335731054,46.3,47.3,45.5,46.1,1.8,1660
245,2001-02-21,9921,21779101,1050060830,46.7,49.3,46.6,47.8,1.7,4186
246,2001-02-22,9921,4388519,203733942,47.2,47.5,45.5,46.0,-1.8,968
247,2001-02-23,9921,9485301,454949876,45.8,49.2,45.5,49.2,3.2,1881
248,2001-02-26,9921,19683704,1017846472,50.5,52.5,49.7,52.0,2.8,3538
249,2001-02-27,9921,11447608,584387420,52.0,52.0,49.8,52.0,0.0,2305
250,2001-03-01,9921,14149500,754005870,52.0,55.0,51.5,52.5,0.5,3125
251,2001-03-02,9921,8016398,396259132,52.0,52.0,48.9,48.9,-3.6,2022
252,2001-03-05,9921,5646488,281352781,48.9,50.5,48.9,50.0,1.1,1613
253,2001-03-06,9921,5958682,297616826,51.0,51.0,49.2,49.5,-0.5,1409
254,2001-03-07,9921,4240264,209214700,49.5,50.5,48.4,49.0,-0.5,1197
255,2001-03-08,9921,5691170,284675927,49.0,51.0,48.8,50.0,1.0,1693
256,2001-03-09,9921,3038031,152293405,50.5,51.0,49.5,50.0,0.0,1120
257,2001-03-12,9921,5493844,277725178,49.6,51.5,49.6,51.0,1.0,1629
258,2001-03-13,9921,5236182,261721794,50.0,51.0,48.9,49.0,-2.0,1418
259,2001-03-14,9921,12393018,635548121,50.0,52.0,50.0,52.0,3.0,2893
260,2001-03-15,9921,5837977,300932932,51.5,52.5,50.5,51.0,-1.0,1592
261,2001-03-16,9921,12611710,658734344,51.5,53.5,51.0,51.5,0.5,3293
262,2001-03-19,9921,4739327,243939829,52.5,52.5,51.0,51.0,-0.5,1371
263,2001-03-20,9921,4590934,231275182,51.5,52.0,49.5,51.0,0.0,1360
264,2001-03-21,9921,11894538,627971788,50.5,54.5,50.5,54.5,3.5,2669
265,2001-03-22,9921,25153847,1422675195,56.0,58.0,55.0,55.5,1.0,5465
266,2001-03-23,9921,10937348,617090334,56.5,57.5,55.0,56.5,1.0,3140
267,2001-03-26,9921,6230263,337808031,55.0,56.0,53.0,55.5,-1.0,1834
268,2001-03-27,9921,4395311,241157983,55.0,56.0,54.0,54.0,-1.5,1502
269,2001-03-28,9921,2199379,119250500,54.0,55.0,53.5,54.0,0.0,766
270,2001-03-29,9921,1852223,99824803,53.5,54.5,53.5,54.0,0.0,576
271,2001-03-30,9921,2184441,117618106,54.5,54.5,53.5,53.5,-0.5,655
272,2001-04-02,9921,4071822,213115480,54.0,54.5,50.5,51.0,-2.5,962
273,2001-04-03,9921,2892380,144646013,51.0,51.0,49.1,49.1,-1.9,1085
274,2001-04-04,9921,2895296,144481758,49.1,51.0,49.0,51.0,1.9,935
275,2001-04-06,9921,3799478,195240725,51.5,52.0,50.0,50.0,-1.0,1100
276,2001-04-09,9921,2296208,114803546,49.8,51.0,49.5,50.5,0.5,784
277,2001-04-10,9921,5361803,263245140,50.0,51.0,47.0,47.0,-3.5,1502
278,2001-04-11,9921,8858423,399908255,47.5,47.6,43.8,45.6,-1.4,2449
279,2001-04-12,9921,6820324,318632765,45.6,47.5,45.6,47.4,1.8,2336
280,2001-04-13,9921,7480538,342162730,47.6,47.9,44.2,45.1,-2.3,2255
281,2001-04-16,9921,3099150,137381130,45.1,45.1,44.0,44.6,-0.5,979
282,2001-04-17,9921,2635204,118662618,44.8,45.4,44.5,44.6,0.0,1037
283,2001-04-18,9921,2980036,134514301,45.1,45.6,44.7,45.2,0.6,1116
284,2001-04-19,9921,3870180,174726831,46.3,46.3,44.5,44.9,-0.3,1386
285,2001-04-20,9921,7061244,321360666,44.9,46.2,44.8,45.5,0.6,2220
286,2001-04-23,9921,3874546,178735984,45.5,46.7,45.5,46.2,0.7,1472
287,2001-04-24,9921,5461858,253419390,47.0,47.3,45.6,45.7,-0.5,1497
288,2001-04-25,9921,6133958,286108629,46.0,47.3,45.8,46.0,0.3,2034
289,2001-04-26,9921,2738535,126261892,46.5,46.6,45.6,45.6,-0.4,894
290,2001-04-27,9921,1582450,72424115,45.7,46.3,45.2,45.2,-0.4,614
291,2001-04-30,9921,3771565,171858106,45.3,46.2,45.0,45.4,0.2,1114
292,2001-05-02,9921,3514225,156231530,46.0,46.1,43.3,44.1,-1.3,1022
293,2001-05-03,9921,1686160,74693454,44.2,45.0,43.9,44.8,0.7,542
294,2001-05-04,9921,3021061,134429023,44.8,45.5,43.5,44.1,-0.7,801
295,2001-05-07,9921,1676175,74380113,44.5,44.9,44.1,44.2,0.1,501
296,2001-05-08,9921,3502997,147075536,44.2,44.3,41.2,41.2,-3.0,841
297,2001-05-09,9921,2929260,122727355,41.2,42.7,41.2,41.8,0.6,756
298,2001-05-10,9921,1979962,82458607,41.8,42.0,41.5,41.7,-0.1,430
299,2001-05-11,9921,3033908,130685267,41.4,44.6,41.2,44.2,2.5,1000
300,2001-05-14,9921,2211093,98879941,43.8,45.5,43.8,44.3,0.1,944
301,2001-05-15,9921,877667,38823794,44.2,44.6,43.8,44.5,0.2,362
302,2001-05-16,9921,2123028,95403737,44.1,45.3,44.0,44.6,0.1,858
303,2001-05-17,9921,2493009,112910599,45.0,45.6,44.6,44.6,0.0,771
304,2001-05-18,9921,1101342,49127442,45.2,45.2,44.0,44.2,-0.4,440
305,2001-05-21,9921,1780450,78909254,44.8,45.0,43.8,44.4,0.2,716
306,2001-05-22,9921,2149117,94976566,44.4,45.3,43.4,43.9,-0.5,705
307,2001-05-23,9921,4581388,205842626,43.9,45.9,43.1,44.8,0.9,1624
308,2001-05-24,9921,3926832,176699818,45.3,45.5,44.0,44.1,-0.7,1169
309,2001-05-25,9921,1282666,55992783,43.9,44.1,43.5,43.7,-0.4,475
310,2001-05-28,9921,1679001,74123743,43.5,44.8,43.5,43.5,-0.2,735
311,2001-05-29,9921,2125175,93892450,44.1,44.5,43.7,44.2,0.7,778
312,2001-05-30,9921,1641469,71741890,44.2,44.2,43.5,43.7,-0.5,378
313,2001-05-31,9921,2439236,108786740,44.0,44.9,43.5,44.8,1.1,846
314,2001-06-01,9921,2621036,118194504,45.3,45.7,44.5,45.0,0.2,955
315,2001-06-04,9921,570134,25275895,44.7,45.1,44.0,44.2,-0.8,306
316,2001-06-05,9921,866131,38761997,44.5,45.0,44.3,45.0,0.8,401
317,2001-06-06,9921,4156235,191009815,45.4,46.6,44.7,46.0,1.0,1468
318,2001-06-07,9921,1992721,91706399,45.9,46.5,45.1,45.1,-0.9,752
319,2001-06-08,9921,4838965,216964297,45.0,45.4,44.0,44.2,-0.9,1341
320,2001-06-11,9921,5037620,218514327,43.7,44.2,42.4,43.4,-0.8,1544
321,2001-06-12,9921,2500081,106981997,43.0,43.4,42.4,43.0,-0.4,789
322,2001-06-13,9921,2276382,99013518,43.0,43.8,43.0,43.5,0.5,820
323,2001-06-14,9921,1019000,44348800,43.5,44.0,43.0,43.0,-0.5,488
324,2001-06-15,9921,852924,36878382,43.0,43.7,43.0,43.0,0.0,460
325,2001-06-18,9921,3086258,135983636,43.1,44.6,43.1,44.2,1.2,1332
326,2001-06-19,9921,1806060,80305132,45.2,45.2,44.0,44.1,-0.1,719
327,2001-06-20,9921,985053,43203921,44.1,44.5,43.5,43.5,-0.6,383
328,2001-06-21,9921,831011,35971375,43.7,43.9,43.0,43.0,-0.5,342
329,2001-06-22,9921,673811,29253272,43.1,44.0,43.1,43.6,0.6,333
330,2001-06-26,9921,2729002,121426586,44.1,45.0,43.9,44.4,0.8,1003
331,2001-06-27,9921,1376031,60443868,44.8,44.8,43.3,43.3,-1.1,502
332,2001-06-28,9921,1130251,49235909,43.4,43.9,43.4,43.8,0.5,358
333,2001-06-29,9921,961012,42444721,44.3,44.5,43.5,44.1,0.3,398
334,2001-07-02,9921,1851109,82782681,44.5,45.1,44.2,44.2,0.1,616
335,2001-07-03,9921,1106022,48414267,44.0,44.2,43.6,44.1,-0.1,402
336,2001-07-04,9921,1569500,67913934,44.1,44.1,42.8,43.0,-1.1,403
337,2001-07-05,9921,1027000,44233000,42.9,43.5,42.9,42.9,-0.1,323
338,2001-07-06,9921,5362000,237587700,42.9,45.0,42.8,45.0,2.1,1500
339,2001-07-09,9921,7059000,277163100,38.5,39.8,38.5,39.5,0.0,2157
340,2001-07-10,9921,3080296,123604430,39.7,40.5,39.7,39.8,0.3,1094
341,2001-07-11,9921,2030335,79727365,39.5,40.0,38.6,38.6,-1.2,689
342,2001-07-12,9921,2687765,104218276,38.6,39.7,38.4,39.2,0.6,868
343,2001-07-13,9921,2816647,110039633,39.1,39.5,38.6,38.7,-0.5,779
344,2001-07-16,9921,4745230,183397655,39.0,39.3,37.7,38.8,0.1,1216
345,2001-07-17,9921,830911,31992859,39.0,39.0,38.0,38.6,-0.2,366
346,2001-07-18,9921,953567,36818370,38.6,39.1,38.0,38.0,-0.6,436
347,2001-07-19,9921,4179530,150068536,36.5,37.9,35.4,36.4,-1.6,764
348,2001-07-20,9921,1967000,68366000,35.5,36.0,34.0,35.0,-1.4,631
349,2001-07-23,9921,2780458,97567742,33.1,35.9,33.1,35.1,0.1,839
350,2001-07-24,9921,1191575,41082477,34.4,35.1,33.8,33.8,-1.3,357
351,2001-07-25,9921,1034810,36063338,33.4,35.3,33.4,35.3,1.5,405
352,2001-07-26,9921,867493,31238113,35.5,36.5,35.3,36.4,1.1,383
353,2001-07-27,9921,908278,32543466,36.0,36.4,35.5,35.8,-0.6,265
354,2001-07-31,9921,295545,10431110,35.2,35.9,35.1,35.9,0.1,148
355,2001-08-01,9921,587037,20744438,35.8,35.8,35.0,35.0,-0.9,153
356,2001-08-02,9921,638014,22265087,35.1,35.2,34.7,35.0,0.0,322
357,2001-08-03,9921,3311000,113960600,35.3,35.5,33.8,34.0,-1.0,939
358,2001-08-06,9921,689230,23515080,34.0,34.5,33.9,34.1,0.1,298
359,2001-08-07,9921,774042,25921724,34.0,34.0,33.3,33.3,-0.8,243
360,2001-08-08,9921,931119,31694141,33.5,34.3,33.5,34.1,0.8,382
361,2001-08-09,9921,542139,18417514,34.2,34.2,33.8,33.9,-0.2,196
362,2001-08-10,9921,1501603,51842764,34.2,34.9,34.2,34.4,0.5,541
363,2001-08-13,9921,2968530,106666435,34.8,36.4,34.8,36.3,1.9,939
364,2001-08-14,9921,2350913,86038067,36.6,37.0,36.3,36.5,0.2,588
365,2001-08-15,9921,1652642,60985110,36.5,37.5,36.5,36.5,0.0,441
366,2001-08-16,9921,2413475,90396356,36.3,38.0,36.1,37.6,1.1,969
367,2001-08-17,9921,1199061,43856790,37.8,37.9,36.3,36.4,-1.2,437
368,2001-08-20,9921,1491790,54178609,35.5,36.8,35.5,36.5,0.1,284
369,2001-08-21,9921,2297182,84662007,36.4,37.2,36.3,37.2,0.7,431
370,2001-08-22,9921,2452311,92492909,37.2,38.3,36.8,37.0,-0.2,630
371,2001-08-23,9921,1772000,67197800,37.6,38.5,37.3,37.8,0.8,530
372,2001-08-24,9921,2417100,92373660,37.8,38.7,37.8,38.0,0.2,789
373,2001-08-27,9921,1165754,44761511,38.5,38.7,38.2,38.4,0.4,384
374,2001-08-28,9921,1375058,51147714,38.4,38.5,36.5,36.5,-1.9,562
375,2001-08-29,9921,1448115,53166475,36.1,37.2,36.1,36.6,0.1,510
376,2001-08-30,9921,1713230,63699574,36.6,37.8,36.3,37.0,0.4,571
377,2001-08-31,9921,1116571,41659269,37.0,37.7,36.9,36.9,-0.1,506
378,2001-09-03,9921,556311,20347770,37.5,37.5,36.1,36.1,-0.8,288
379,2001-09-04,9921,877713,31589737,36.5,36.5,35.7,35.8,-0.3,376
380,2001-09-05,9921,1122911,40338089,36.0,36.5,35.7,35.7,-0.1,373
381,2001-09-06,9921,706812,25207611,35.7,36.1,35.5,36.1,0.4,273
382,2001-09-07,9921,425467,15287776,36.0,36.3,35.5,36.3,0.2,179
383,2001-09-10,9921,1121705,39243859,36.2,36.2,34.6,34.8,-1.5,392
384,2001-09-11,9921,853572,29700937,34.8,35.1,34.5,34.8,0.0,271
385,2001-09-13,9921,932361,30220390,32.4,32.4,32.4,32.4,-2.4,171
386,2001-09-14,9921,2797101,91994383,31.6,34.1,31.4,32.7,0.3,922
387,2001-09-19,9921,4824351,157238973,32.7,33.7,31.7,33.7,1.0,914
388,2001-09-20,9921,2482875,84303237,32.6,34.9,32.6,34.5,0.8,759
389,2001-09-21,9921,2546659,87888752,34.6,35.0,34.1,35.0,0.5,703
390,2001-09-24,9921,598000,20823000,34.5,35.4,34.3,35.4,0.4,236
391,2001-09-25,9921,594897,21002547,35.4,35.8,34.6,34.6,-0.8,259
392,2001-09-26,9921,893943,30983975,34.4,35.2,34.1,35.1,0.5,346
393,2001-09-27,9921,223779,7735920,34.6,35.0,34.1,34.7,-0.4,144
394,2001-09-28,9921,704108,24502446,35.0,35.2,34.2,34.7,0.0,314
395,2001-10-02,9921,823432,27460431,34.5,34.5,32.5,33.0,-1.7,267
396,2001-10-03,9921,648836,21373599,33.0,33.2,32.6,32.7,-0.3,280
397,2001-10-04,9921,2028000,64180411,33.2,33.5,30.5,30.8,-1.9,663
398,2001-10-05,9921,3066100,91447140,30.8,30.8,29.0,30.1,-0.7,543
399,2001-10-08,9921,1613784,46077686,29.3,29.7,28.0,28.1,-2.0,449
400,2001-10-09,9921,1831700,48722409,26.2,27.5,26.2,27.2,-0.9,546
401,2001-10-11,9921,4181091,118301580,27.6,29.1,27.6,29.1,1.9,1133
402,2001-10-12,9921,3072057,93349145,31.1,31.1,29.7,30.2,1.1,898
403,2001-10-15,9921,549858,16217710,30.0,30.0,29.2,29.5,-0.7,242
404,2001-10-16,9921,399095,11748734,29.5,29.6,29.1,29.5,0.0,149
405,2001-10-17,9921,1556749,46856726,30.0,30.7,29.5,30.4,0.9,528
406,2001-10-18,9921,640927,19160531,29.5,30.2,29.5,29.9,-0.5,236
407,2001-10-19,9921,519474,15554549,30.1,30.2,29.5,29.9,0.0,233
408,2001-10-22,9921,762825,23178238,29.7,30.7,29.7,30.5,0.6,307
409,2001-10-23,9921,684600,20653903,30.8,30.8,30.0,30.1,-0.4,250
410,2001-10-24,9921,1791650,55271461,30.6,31.4,30.3,30.6,0.5,633
411,2001-10-25,9921,582200,17740226,30.6,30.6,30.3,30.4,-0.2,170
412,2001-10-26,9921,1128480,34552551,30.7,30.9,30.3,30.6,0.2,447
413,2001-10-29,9921,2761994,79541155,30.2,30.2,28.5,28.5,-2.1,453
414,2001-10-30,9921,3753553,100524221,27.0,27.4,26.6,26.6,-1.9,995
415,2001-10-31,9921,2611952,71478103,26.6,28.0,26.6,28.0,1.4,811
416,2001-11-01,9921,1543514,44105417,28.2,29.2,28.1,28.7,0.7,612
417,2001-11-02,9921,1178261,33891899,29.1,29.1,28.6,28.8,0.1,431
418,2001-11-05,9921,1268830,36169625,28.8,28.9,28.3,28.6,-0.2,356
419,2001-11-06,9921,2847303,84878515,29.0,30.3,28.7,29.6,1.0,970
420,2001-11-07,9921,2467833,75295231,30.2,30.8,29.8,30.7,1.1,771
421,2001-11-08,9921,1033898,31048123,30.9,31.0,29.6,29.6,-1.1,370
422,2001-11-09,9921,1475525,43848177,29.5,30.1,29.3,29.5,-0.1,369
423,2001-11-12,9921,1976613,59932337,29.7,30.7,29.6,30.0,0.5,473
424,2001-11-13,9921,1217099,36609343,30.3,30.5,29.6,30.0,0.0,412
425,2001-11-14,9921,1447553,43358707,30.2,30.6,29.7,30.0,0.0,489
426,2001-11-15,9921,953520,28855721,30.0,30.5,30.0,30.3,0.3,313
427,2001-11-16,9921,2457400,76454132,30.5,31.5,30.5,31.2,0.9,765
428,2001-11-19,9921,2393200,76926146,32.0,32.7,31.4,32.4,1.2,710
429,2001-11-20,9921,2926813,94189027,32.9,32.9,31.4,32.4,0.0,674
430,2001-11-21,9921,1222700,39675860,32.7,32.9,32.0,32.5,0.1,335
431,2001-11-22,9921,2085802,69177483,33.0,33.7,32.6,33.0,0.5,613
432,2001-11-23,9921,1455751,47345653,33.0,33.0,32.1,32.5,-0.5,348
433,2001-11-26,9921,1071100,35300232,32.6,33.2,32.6,32.8,0.3,364
434,2001-11-27,9921,4533240,141672844,32.8,32.8,30.6,30.7,-2.1,741
435,2001-11-28,9921,1089769,32830661,30.6,30.8,29.8,29.9,-0.8,306
436,2001-11-29,9921,3742221,111238219,29.9,31.9,28.6,31.9,2.0,682
437,2001-11-30,9921,2265951,70629090,31.1,32.3,30.3,32.1,0.2,577
438,2001-12-03,9921,2069350,66766974,32.2,32.7,31.1,32.1,0.0,731
439,2001-12-04,9921,2194102,68955756,32.0,32.0,30.8,31.5,-0.6,842
440,2001-12-05,9921,5011636,160830369,31.6,32.8,31.0,31.1,-0.4,1453
441,2001-12-06,9921,3491917,113433368,31.9,33.2,31.5,33.2,2.1,1221
442,2001-12-07,9921,5744751,193207060,33.5,34.4,32.6,34.1,0.9,1676
443,2001-12-10,9921,6160351,216127205,34.1,35.9,34.1,35.0,0.9,1469
444,2001-12-11,9921,1904734,65451056,35.0,35.4,33.5,34.0,-1.0,691
445,2001-12-12,9921,3823184,132944406,34.5,35.2,34.0,35.0,1.0,1141
446,2001-12-13,9921,2714772,94396215,35.2,35.5,33.5,33.5,-1.5,952
447,2001-12-14,9921,987550,33295256,33.5,34.2,33.3,33.5,0.0,402
448,2001-12-17,9921,2163347,75370475,34.0,35.3,34.0,34.5,1.0,765
449,2001-12-18,9921,2002368,67690440,35.4,35.4,32.5,32.5,-2.0,625
450,2001-12-19,9921,1963604,65854735,32.6,34.6,32.5,32.8,0.3,629
451,2001-12-20,9921,702987,23397400,32.9,33.9,32.9,33.3,0.5,325
452,2001-12-21,9921,752423,24589552,32.6,33.4,32.2,32.4,-0.9,322
453,2001-12-24,9921,499582,16348614,32.4,33.2,32.4,32.8,0.4,205
454,2001-12-25,9921,946751,31796404,33.1,34.0,32.9,33.6,0.8,406
455,2001-12-26,9921,3351924,114346796,33.8,34.7,33.2,33.6,0.0,1079
456,2001-12-27,9921,2998345,101106989,34.1,34.3,32.4,32.4,-1.2,772
457,2001-12-28,9921,1080881,35116473,32.8,33.1,32.2,32.2,-0.2,458
458,2001-12-31,9921,2993587,99066742,32.2,33.9,32.2,33.5,1.3,977
459,2002-01-02,9921,2099000,71146400,33.5,34.5,33.2,33.8,0.3,803
460,2002-01-03,9921,1043682,35141090,34.0,34.3,33.1,33.1,-0.7,420
461,2002-01-04,9921,1875292,62491615,33.2,33.6,33.0,33.5,0.4,424
462,2002-01-07,9921,3076050,104614966,33.5,34.2,33.4,34.2,0.7,760
463,2002-01-08,9921,1328777,45167751,34.7,34.7,33.3,33.3,-0.9,478
464,2002-01-09,9921,6082653,194046602,33.3,33.3,31.0,32.0,-1.3,1545
465,2002-01-10,9921,3119705,100343455,32.2,32.7,31.7,32.0,0.0,1008
466,2002-01-11,9921,4209058,137402735,32.1,33.3,32.0,32.5,0.5,1460
467,2002-01-14,9921,1565250,49745880,32.5,32.6,31.3,31.5,-1.0,541
468,2002-01-15,9921,5724961,173839254,31.5,32.0,29.3,31.9,0.4,1353
469,2002-01-16,9921,1338320,41495792,31.9,31.9,30.5,30.5,-1.4,497
470,2002-01-17,9921,994828,30586298,30.0,31.2,30.0,31.0,0.5,370
471,2002-01-18,9921,994097,30717467,31.0,31.5,30.4,30.7,-0.3,353
472,2002-01-21,9921,1560101,48352584,31.2,31.4,30.5,30.9,0.2,567
473,2002-01-22,9921,1580155,48789534,31.0,31.3,30.6,31.0,0.1,512
474,2002-01-23,9921,1534866,47994343,31.3,31.5,30.7,30.8,-0.2,511
475,2002-01-24,9921,642550,19836529,30.8,31.2,30.7,30.8,0.0,264
476,2002-01-25,9921,2487738,79319889,31.6,32.3,31.6,31.6,0.8,738
477,2002-01-28,9921,1173270,37429981,31.8,32.2,31.6,31.7,0.1,412
478,2002-01-29,9921,955182,29800176,31.7,31.8,30.7,31.0,-0.7,341
479,2002-01-30,9921,403450,12411315,30.5,31.0,30.5,30.8,-0.2,186
480,2002-01-31,9921,2650500,84459319,31.1,32.5,30.9,32.1,1.3,873
481,2002-02-01,9921,3004700,97315380,32.9,32.9,31.5,31.5,-0.6,806
482,2002-02-04,9921,808656,25766608,31.5,32.1,31.5,31.6,0.1,274
483,2002-02-05,9921,1082015,33485023,31.1,31.6,30.5,31.2,-0.4,381
484,2002-02-06,9921,890231,27766708,31.2,31.5,30.8,31.0,-0.2,344
485,2002-02-18,9921,859000,26623200,31.1,31.4,30.7,31.0,0.0,290
486,2002-02-19,9921,884677,27236577,30.8,31.2,30.6,30.7,-0.3,269
487,2002-02-20,9921,665200,20255608,30.7,31.0,30.3,30.3,-0.4,215
488,2002-02-21,9921,636215,19410894,30.8,30.8,30.3,30.3,0.0,273
489,2002-02-22,9921,800986,24250425,30.4,30.6,30.1,30.3,0.0,224
490,2002-02-25,9921,745241,22434101,30.5,30.6,29.9,29.9,-0.4,208
491,2002-02-26,9921,718856,21542510,29.9,30.4,29.8,29.9,0.0,253
492,2002-02-27,9921,464350,14050211,29.9,30.5,29.9,30.3,0.4,193
493,2002-03-01,9921,672429,20548968,30.5,30.9,30.3,30.3,0.0,293
494,2002-03-04,9921,2845776,87169326,30.3,31.2,30.1,30.3,0.0,702
495,2002-03-05,9921,662351,20155269,30.7,30.8,30.3,30.4,0.1,266
496,2002-03-06,9921,893210,27274749,30.6,30.8,30.3,30.5,0.1,328
497,2002-03-07,9921,4290716,134987242,31.0,32.1,30.9,31.5,1.0,1283
498,2002-03-08,9921,1654206,52144664,31.6,32.0,31.0,31.4,-0.1,510
499,2002-03-11,9921,2201305,70304667,31.5,32.3,31.5,32.0,0.6,757
500,2002-03-12,9921,1112417,35076955,32.0,32.0,31.3,31.5,-0.5,393
501,2002-03-13,9921,3882206,125222871,31.5,32.7,31.5,31.8,0.3,1152
502,2002-03-14,9921,1613439,51085525,32.3,32.3,31.4,31.6,-0.2,451
503,2002-03-15,9921,1123009,35654683,32.0,32.1,31.6,31.6,0.0,387
504,2002-03-18,9921,956510,30550874,32.0,32.2,31.6,32.1,0.5,397
505,2002-03-19,9921,3038174,97984895,32.1,32.7,31.8,32.0,-0.1,780
506,2002-03-20,9921,1764175,56622149,32.1,32.5,31.8,32.0,0.0,465
507,2002-03-21,9921,1037208,33356754,32.2,32.5,32.0,32.1,0.1,414
508,2002-03-22,9921,2273584,73632157,32.4,32.7,32.0,32.0,-0.1,659
509,2002-03-25,9921,5211824,172796009,32.3,33.6,32.2,33.5,1.5,1331
510,2002-03-26,9921,2803505,93417656,33.4,34.0,32.6,33.5,0.0,762
511,2002-03-27,9921,9228699,314778620,33.9,34.8,33.0,33.5,0.0,2158
512,2002-03-28,9921,3180600,105983725,33.5,34.2,32.0,32.2,-1.3,949
513,2002-03-29,9921,1718313,55134849,32.5,32.7,31.6,32.2,0.0,576
514,2002-04-01,9921,1014550,32815943,32.0,32.7,31.8,32.0,-0.2,285
515,2002-04-02,9921,3120327,101070225,32.5,32.7,32.0,32.5,0.5,634
516,2002-04-03,9921,1895901,61689926,32.5,32.8,32.2,32.3,-0.2,600
517,2002-04-04,9921,1690183,54888106,32.3,32.8,32.0,32.0,-0.3,517
518,2002-04-08,9921,2655368,86798279,32.1,33.0,32.0,32.7,0.7,795
519,2002-04-09,9921,1274241,41275463,33.0,33.3,32.0,32.0,-0.7,449
520,2002-04-10,9921,652135,20795893,32.0,32.4,31.7,31.8,-0.2,264
521,2002-04-11,9921,4101546,134244108,32.1,33.0,32.0,32.7,0.9,844
522,2002-04-12,9921,8016144,273104802,32.7,34.9,32.7,34.9,2.2,1961
523,2002-04-15,9921,10389350,375528333,35.1,37.3,34.3,37.3,2.4,2052
524,2002-04-16,9921,4451149,164672578,37.3,38.0,36.3,36.5,-0.8,954
525,2002-04-17,9921,1502606,55306814,37.0,37.4,36.5,36.5,0.0,518
526,2002-04-18,9921,4340050,163741212,37.0,38.5,37.0,38.0,1.5,1196
527,2002-04-19,9921,8875003,346560593,38.7,39.7,38.6,39.3,1.3,2042
528,2002-04-22,9921,4384058,171217842,39.3,39.7,38.6,39.2,-0.1,1370
529,2002-04-23,9921,3868749,149024811,39.2,39.5,37.6,38.5,-0.7,1170
530,2002-04-24,9921,2347182,90291770,38.3,39.0,38.0,38.3,-0.2,777
531,2002-04-25,9921,4293608,166111464,38.6,39.2,37.5,37.5,-0.8,1091
532,2002-04-26,9921,1478575,55641351,37.6,38.0,37.5,37.5,0.0,486
533,2002-04-29,9921,4736320,183046254,38.1,39.4,37.8,38.4,0.9,1161
534,2002-04-30,9921,1697450,64451983,38.9,38.9,37.3,38.0,-0.4,526
535,2002-05-02,9921,6904815,268476014,38.8,39.9,37.7,38.4,0.4,1678
536,2002-05-03,9921,10628874,424045377,38.6,41.0,38.4,41.0,2.6,2510
537,2002-05-06,9921,17312517,728691917,41.4,43.8,39.6,41.7,0.7,4164
538,2002-05-07,9921,4530162,181906796,41.5,41.5,39.0,40.0,-1.7,1301
539,2002-05-08,9921,9060305,372475338,40.0,42.2,39.3,42.0,2.0,2241
540,2002-05-09,9921,4884823,206013988,42.5,42.8,41.5,42.0,0.0,1446
541,2002-05-10,9921,6193565,261656808,42.5,43.0,41.2,41.5,-0.5,2032
542,2002-05-13,9921,3014706,122717948,41.5,42.0,39.8,40.0,-1.5,1077
543,2002-05-14,9921,3155103,123338798,40.0,40.5,38.3,38.6,-1.4,974
544,2002-05-15,9921,4574480,179902932,39.2,40.0,38.5,39.9,1.3,1233
545,2002-05-16,9921,1741629,69114359,39.8,40.3,38.7,39.3,-0.6,681
546,2002-05-17,9921,1802908,71532900,39.6,40.0,39.0,40.0,0.7,612
547,2002-05-20,9921,5260965,210506300,40.8,40.8,39.1,39.8,-0.2,1418
548,2002-05-21,9921,1839856,71471097,39.4,39.7,38.1,38.5,-1.3,573
549,2002-05-22,9921,1597390,61499635,38.1,39.4,37.6,39.0,0.5,606
550,2002-05-23,9921,5939602,239806957,39.0,41.0,38.7,39.7,0.7,1552
551,2002-05-24,9921,9745682,396507533,40.5,41.5,39.9,41.4,1.7,2009
552,2002-05-27,9921,6968254,290908111,41.0,42.3,40.8,42.3,0.9,1939
553,2002-05-28,9921,3737566,156039514,42.2,42.8,41.0,41.3,-1.0,1232
554,2002-05-29,9921,4621256,192246816,41.3,42.2,41.0,42.0,0.7,1361
555,2002-05-30,9921,9681892,412813202,42.1,43.4,41.7,42.0,0.0,2617
556,2002-05-31,9921,3932102,165674361,42.0,43.0,41.5,42.0,0.0,1386
557,2002-06-03,9921,2263102,91445961,41.9,41.9,39.2,39.3,-2.7,825
558,2002-06-04,9921,1801982,70279494,38.1,39.6,38.1,39.5,0.2,664
559,2002-06-05,9921,3750501,148333086,39.6,40.0,38.9,39.3,-0.2,1224
560,2002-06-06,9921,4842298,192919246,39.5,40.6,39.1,39.7,0.4,1385
561,2002-06-07,9921,3384499,132593405,39.3,39.9,38.3,38.4,-1.3,985
562,2002-06-10,9921,2560005,97982787,37.4,38.8,37.4,38.5,0.1,773
563,2002-06-11,9921,2365489,91578327,38.8,39.2,38.0,38.0,-0.5,904
564,2002-06-12,9921,2101450,81398721,38.2,39.0,38.1,38.8,0.8,760
565,2002-06-13,9921,4336722,168842465,39.3,39.6,38.1,38.3,-0.5,1340
566,2002-06-14,9921,2047098,78769432,38.3,38.9,38.1,38.4,0.1,635
567,2002-06-17,9921,5969851,231495607,38.5,39.6,38.4,38.5,0.1,941
568,2002-06-18,9921,2324201,88998696,39.0,39.0,38.0,38.0,-0.5,769
569,2002-06-19,9921,2640591,98010752,38.0,38.3,36.0,36.5,-1.5,896
570,2002-06-20,9921,1551327,57031180,36.0,37.7,36.0,37.5,1.0,608
571,2002-06-21,9921,1712051,64475011,37.4,38.2,37.0,37.1,-0.4,687
572,2002-06-24,9921,1806647,66460678,37.3,37.4,36.2,37.1,0.0,584
573,2002-06-25,9921,2513105,92954871,37.4,37.6,36.0,36.0,-1.1,622
574,2002-06-26,9921,2042100,71952481,36.0,36.5,34.5,34.7,-1.3,661
575,2002-06-27,9921,1045850,36146341,34.7,35.2,34.2,34.6,-0.1,344
576,2002-06-28,9921,1233300,43094126,35.0,35.2,34.7,34.9,0.3,338
577,2002-07-01,9921,1003102,34722040,34.8,34.9,34.4,34.5,-0.4,232
578,2002-07-02,9921,692605,24127662,34.1,35.2,34.1,35.0,0.5,268
579,2002-07-03,9921,898125,31554852,35.0,35.6,34.2,35.0,0.0,355
580,2002-07-04,9921,1905502,68812177,35.2,36.9,35.0,36.7,1.7,629
581,2002-07-05,9921,2939105,109512832,37.0,37.6,36.7,37.5,0.8,739
582,2002-07-08,9921,1304100,48823031,37.7,37.7,37.0,37.0,-0.5,378
583,2002-07-09,9921,1517102,55222253,37.0,37.4,35.7,35.9,-1.1,360
584,2002-07-10,9921,652200,23128243,35.8,36.0,35.0,35.3,-0.6,248
585,2002-07-11,9921,384900,13592907,35.0,35.7,35.0,35.3,0.0,193
586,2002-07-12,9921,888101,31841246,35.5,36.4,35.3,36.3,1.0,336
587,2002-07-15,9921,971100,34843609,35.6,36.2,35.5,36.0,-0.3,287
588,2002-07-16,9921,1034101,36680217,36.0,36.2,35.0,35.2,-0.8,292
589,2002-07-17,9921,360500,12689410,35.2,35.6,35.0,35.1,-0.1,164
590,2002-07-18,9921,850150,30215038,35.5,35.9,35.2,35.3,0.2,242
591,2002-07-19,9921,399730,14112231,35.3,35.6,35.1,35.5,0.2,178
592,2002-07-22,9921,402253,13939354,35.1,35.3,34.3,34.5,-1.0,185
593,2002-07-23,9921,343783,11885270,34.4,34.9,34.2,34.7,0.2,193
594,2002-07-24,9921,979656,34573263,34.8,36.0,34.5,35.9,1.2,374
595,2002-07-25,9921,2618550,96987446,36.6,37.6,36.5,36.8,0.9,772
596,2002-07-26,9921,2097250,77997059,36.5,37.9,36.5,37.1,0.3,638
597,2002-07-29,9921,3137353,118317426,37.2,38.4,37.2,38.0,0.9,744
598,2002-07-30,9921,4676127,182879227,38.6,39.5,38.5,39.3,1.3,1042
599,2002-07-31,9921,2039000,78477000,39.2,39.2,37.8,38.5,-0.8,669
600,2002-08-01,9921,6062000,239000200,38.6,39.8,38.6,39.7,1.2,1389
601,2002-08-02,9921,13567000,506179400,36.6,38.3,36.6,38.2,0.0,3047
602,2002-08-05,9921,5740323,206426774,35.6,36.8,35.6,36.7,-1.5,1191
603,2002-08-06,9921,2985000,109050500,36.5,37.0,35.8,36.0,-0.7,868
604,2002-08-07,9921,4831482,182523665,37.0,38.5,36.8,38.5,2.5,947
605,2002-08-08,9921,10185869,416772879,40.0,41.1,40.0,41.1,2.6,2230
606,2002-08-09,9921,13403968,565148265,42.0,43.4,40.5,41.1,0.0,2860
607,2002-08-12,9921,5123495,212194167,40.9,42.2,40.5,41.2,0.1,1529
608,2002-08-13,9921,5830526,243609912,41.2,42.2,41.0,42.2,1.0,1768
609,2002-08-14,9921,5856564,247402450,42.0,42.9,41.6,41.8,-0.4,1632
610,2002-08-15,9921,5035800,207495735,41.8,42.2,40.5,40.5,-1.3,1476
611,2002-08-16,9921,6437719,250934933,40.5,40.5,38.3,38.7,-1.8,1736
612,2002-08-19,9921,5238531,204898043,38.8,39.5,38.3,39.5,0.8,1533
613,2002-08-20,9921,4086615,162401366,40.0,40.0,39.0,39.5,0.0,1254
614,2002-08-21,9921,4579258,183204936,39.5,40.4,39.5,39.5,0.0,1359
615,2002-08-22,9921,13812582,554129871,39.8,40.6,39.2,40.6,1.1,3617
616,2002-08-23,9921,7353821,297357936,40.6,40.9,39.9,40.1,-0.5,1821
617,2002-08-26,9921,3903891,154796540,40.0,40.1,39.1,39.6,-0.5,1130
618,2002-08-27,9921,2063665,81667200,39.6,40.0,39.2,39.2,-0.4,698
619,2002-08-28,9921,4260093,167085827,39.0,39.8,38.7,39.2,0.0,1261
620,2002-08-29,9921,7903574,315574586,39.2,40.4,39.2,40.4,1.2,2078
621,2002-08-30,9921,9768609,399275363,40.7,41.3,40.4,40.6,0.2,2958
622,2002-09-02,9921,5114620,205619517,41.0,41.0,39.2,39.2,-1.4,1578
623,2002-09-03,9921,4798681,186052459,39.5,39.7,38.0,38.5,-0.7,1388
624,2002-09-04,9921,3046459,117558679,38.0,39.3,37.8,38.6,0.1,1078
625,2002-09-05,9921,2991300,114722920,39.2,39.3,38.0,38.0,-0.6,735
626,2002-09-09,9921,3803000,145480600,38.3,38.6,37.8,38.4,0.4,1364
627,2002-09-10,9921,7222634,285186116,38.6,40.1,38.2,40.0,1.6,2177
628,2002-09-11,9921,5463100,218645080,40.0,40.5,39.5,39.6,-0.4,1479
629,2002-09-12,9921,2572667,100554979,39.6,39.8,38.6,38.8,-0.8,920
630,2002-09-13,9921,2532554,99544282,38.7,39.7,38.5,39.4,0.6,980
631,2002-09-16,9921,7499953,299439157,40.0,40.6,39.2,39.2,-0.2,2253
632,2002-09-17,9921,8346840,333729760,39.5,40.5,39.0,40.3,1.1,2228
633,2002-09-18,9921,10341081,421071035,40.1,41.3,39.8,41.1,0.8,3293
634,2002-09-19,9921,7566940,308264810,41.2,41.3,40.0,40.7,-0.4,2185
635,2002-09-20,9921,4808700,196539330,40.2,41.2,40.2,41.1,0.4,1671
636,2002-09-23,9921,8251587,340441179,41.5,42.2,40.2,40.3,-0.8,2191
637,2002-09-24,9921,4666353,184013239,40.1,40.5,38.5,38.7,-1.6,1549
638,2002-09-25,9921,6165459,237274770,38.7,39.3,37.7,39.0,0.3,1948
639,2002-09-26,9921,2958099,115725041,39.5,39.6,38.8,39.0,0.0,1046
640,2002-09-27,9921,2899869,113187914,38.9,39.4,38.7,39.0,0.0,720
641,2002-09-30,9921,1464172,56782273,38.5,39.3,38.0,39.3,0.3,546
642,2002-10-01,9921,1644369,64538626,39.0,39.6,39.0,39.0,-0.3,515
643,2002-10-02,9921,3055045,120534126,39.2,39.8,38.8,39.6,0.6,1043
644,2002-10-03,9921,3444580,137201429,39.6,40.2,39.3,40.2,0.6,1177
645,2002-10-04,9921,2482587,98970038,40.2,40.2,39.5,39.6,-0.6,759
646,2002-10-07,9921,1757904,68873902,39.0,39.6,39.0,39.3,-0.3,531
647,2002-10-08,9921,1685417,65871196,39.3,39.7,38.3,39.6,0.3,680
648,2002-10-09,9921,808901,31692095,39.6,39.6,39.0,39.1,-0.5,346
649,2002-10-11,9921,1297921,50099119,39.2,39.5,38.0,38.1,-1.0,517
650,2002-10-14,9921,745600,28564334,38.1,38.6,38.0,38.2,0.1,370
651,2002-10-15,9921,4952507,197251366,38.4,40.8,38.4,40.8,2.6,1541
652,2002-10-16,9921,2926119,118106394,41.1,41.2,39.8,39.8,-1.0,967
653,2002-10-17,9921,8417451,349141849,39.6,42.2,39.6,40.9,1.1,2388
654,2002-10-18,9921,9169809,388436606,41.4,43.0,41.1,42.8,1.9,2255
655,2002-10-21,9921,9853632,431434421,42.6,44.7,42.1,44.0,1.2,2884
656,2002-10-22,9921,6803384,296674372,44.5,45.0,42.0,42.0,-2.0,2247
657,2002-10-23,9921,7886272,344669401,42.6,44.6,42.0,44.5,2.5,1985
658,2002-10-24,9921,4617808,200290822,44.4,44.4,42.5,42.6,-1.9,1404
659,2002-10-25,9921,6861713,300939702,42.6,44.5,42.5,43.5,0.9,1855
660,2002-10-28,9921,11788420,538775814,44.3,46.5,44.0,45.4,1.9,2838
661,2002-10-29,9921,4703470,210057633,45.4,45.5,44.1,44.2,-1.2,1295
662,2002-10-30,9921,5577580,247691254,44.5,45.4,43.6,43.8,-0.4,1583
663,2002-10-31,9921,6701780,300872241,44.5,45.6,44.0,44.7,0.9,1856
664,2002-11-01,9921,2720722,119271191,45.0,45.0,43.0,43.0,-1.7,1089
665,2002-11-04,9921,1753806,76092999,43.5,44.0,42.5,42.5,-0.5,691
666,2002-11-05,9921,2268390,97010196,43.1,43.3,42.5,42.5,0.0,851
667,2002-11-06,9921,2657142,114974272,43.2,43.9,42.6,43.8,1.3,920
668,2002-11-07,9921,3468602,153344681,43.7,45.0,43.5,43.7,-0.1,1341
669,2002-11-08,9921,8928688,403397024,43.4,46.0,43.4,45.8,2.1,2730
670,2002-11-11,9921,11506115,541960282,46.2,48.4,45.8,46.9,1.1,3625
671,2002-11-12,9921,8534797,402329829,46.9,48.0,46.1,47.3,0.4,2659
672,2002-11-13,9921,9307817,442599193,47.2,48.8,46.5,47.0,-0.3,3016
673,2002-11-14,9921,6662176,315900030,47.2,48.1,46.5,47.2,0.2,2340
674,2002-11-15,9921,10917435,527424170,47.5,49.0,47.2,49.0,1.8,3068
675,2002-11-18,9921,5420726,257271017,49.0,49.0,46.1,47.4,-1.6,1855
676,2002-11-19,9921,3626892,171619195,47.2,48.0,46.5,46.5,-0.9,1449
677,2002-11-20,9921,3558702,162776548,46.6,46.9,45.2,45.5,-1.0,1176
678,2002-11-21,9921,3478683,158497591,46.0,46.4,45.0,45.0,-0.5,1136
679,2002-11-22,9921,1999927,91616303,45.8,46.3,45.4,45.4,0.4,759
680,2002-11-25,9921,1081259,49042706,45.4,45.8,45.0,45.0,-0.4,462
681,2002-11-26,9921,3781671,172686911,45.2,46.4,45.0,45.0,0.0,1234
682,2002-11-27,9921,3619773,164615412,45.0,46.0,45.0,45.1,0.1,1293
683,2002-11-28,9921,4668953,206532265,45.5,45.8,43.1,43.1,-2.0,1560
684,2002-11-29,9921,4760278,206523455,43.2,44.0,43.0,43.5,0.4,1300
685,2002-12-02,9921,1834742,79631006,43.5,43.7,43.1,43.6,0.1,549
686,2002-12-03,9921,2945610,130357960,43.6,44.6,43.6,44.5,0.9,1041
687,2002-12-04,9921,2515196,111854712,44.4,45.0,43.4,43.4,-1.1,910
688,2002-12-05,9921,1982615,86449847,44.2,44.2,43.2,43.4,0.0,719
689,2002-12-06,9921,8343681,375131039,43.9,45.5,43.5,45.0,1.6,2314
690,2002-12-09,9921,11127522,521059171,46.0,47.5,45.5,46.7,1.7,2742
691,2002-12-10,9921,4014626,186563731,46.5,47.1,45.8,46.1,-0.6,1211
692,2002-12-11,9921,4039580,183115588,46.5,47.0,44.0,44.1,-2.0,1361
693,2002-12-12,9921,2780705,122898263,43.6,44.7,43.6,44.6,0.5,826
694,2002-12-13,9921,2835090,125521697,44.3,45.2,43.8,44.1,-0.5,809
695,2002-12-16,9921,1664318,73517953,44.1,44.8,43.6,44.5,0.4,552
696,2002-12-17,9921,1212836,53791376,44.9,44.9,44.0,44.2,-0.3,423
697,2002-12-18,9921,7585369,347409391,44.7,46.3,44.6,46.3,2.1,2340
698,2002-12-19,9921,6238540,292186537,46.8,47.5,45.8,47.2,0.9,1891
699,2002-12-20,9921,7536573,357515395,47.3,48.2,45.8,45.9,-1.3,2262
700,2002-12-23,9921,5333054,250048873,46.2,47.6,45.9,47.1,1.2,1623
701,2002-12-24,9921,2288108,106149610,47.3,47.3,45.3,45.5,-1.6,928
702,2002-12-25,9921,2604498,116289409,45.3,45.7,44.0,44.1,-1.4,944
703,2002-12-26,9921,3188789,142029912,44.0,45.4,43.5,45.1,1.0,896
704,2002-12-27,9921,2001385,91608040,46.1,46.2,45.2,46.0,0.9,762
705,2002-12-30,9921,648523,29599636,45.8,46.4,45.0,46.4,0.4,328
706,2002-12-31,9921,1115416,50821317,46.0,46.2,45.1,45.9,-0.5,359
707,2003-01-02,9921,2878000,133778000,45.9,47.0,45.2,46.7,0.8,1041
708,2003-01-03,9921,3602286,166916803,46.9,47.3,45.6,46.0,-0.7,1109
709,2003-01-06,9921,4783687,220859788,45.5,47.0,45.5,45.5,-0.5,1511
710,2003-01-07,9921,4663453,209225076,45.6,46.0,44.2,44.4,-1.1,1483
711,2003-01-08,9921,4642506,209820655,44.8,46.0,44.5,44.8,0.4,1660
712,2003-01-09,9921,10930350,505638101,45.2,47.0,45.0,46.6,1.8,3291
713,2003-01-10,9921,8235776,387859403,47.1,48.2,46.2,46.5,-0.1,2309
714,2003-01-13,9921,6142960,287392354,47.3,47.5,46.0,46.0,-0.5,1291
715,2003-01-14,9921,5134189,236817156,46.0,46.8,45.2,45.2,-0.8,1633
716,2003-01-15,9921,3919429,178105661,45.2,45.8,45.1,45.6,0.4,1230
717,2003-01-16,9921,3909113,177004698,45.6,46.1,44.9,45.0,-0.6,1083
718,2003-01-17,9921,5723670,264128062,45.6,46.8,45.2,45.7,0.7,1771
719,2003-01-20,9921,6795718,317921550,45.9,47.5,45.6,47.2,1.5,1985
720,2003-01-21,9921,5892753,275015410,47.3,48.0,45.8,46.0,-1.2,1782
721,2003-01-22,9921,3879170,177374052,45.8,46.3,45.2,46.3,0.3,1182
722,2003-01-23,9921,2718337,123931053,46.0,46.3,45.4,45.5,-0.8,836
723,2003-01-24,9921,4253060,193885456,45.6,46.4,45.0,45.9,0.4,1255
724,2003-01-27,9921,3462752,154985616,45.5,45.9,44.2,45.0,-0.9,846
725,2003-01-28,9921,2375988,106660400,44.5,45.4,44.5,44.5,-0.5,661
726,2003-02-06,9921,1600000,71198100,44.5,44.9,44.0,44.4,-0.1,502
727,2003-02-07,9921,2111631,91789833,44.1,44.6,42.9,44.0,-0.4,555
728,2003-02-10,9921,487326,21107546,43.9,43.9,43.0,43.3,-0.7,223
729,2003-02-11,9921,2649058,113448375,43.8,44.0,42.2,43.3,0.0,636
730,2003-02-12,9921,3103266,136877217,43.2,44.8,42.7,44.8,1.5,1129
731,2003-02-13,9921,1381606,60436243,44.7,44.8,43.0,43.0,-1.8,609
732,2003-02-14,9921,875902,37429164,43.6,43.7,42.5,42.6,-0.4,439
733,2003-02-17,9921,1659869,72381128,43.3,44.0,43.0,43.5,0.9,731
734,2003-02-18,9921,1245510,53533228,43.0,43.2,42.8,43.0,-0.5,339
735,2003-02-19,9921,1665897,71006851,43.2,43.4,42.3,42.3,-0.7,503
736,2003-02-20,9921,2342162,97711973,42.3,42.7,41.1,41.5,-0.8,514
737,2003-02-21,9921,1071369,44056823,41.5,41.7,41.0,41.0,-0.5,505
738,2003-02-24,9921,1683294,68549290,41.2,41.3,40.4,40.8,-0.2,465
739,2003-02-25,9921,1161369,46981175,40.6,40.8,40.2,40.5,-0.3,363
740,2003-02-26,9921,485423,19600542,40.5,40.8,40.0,40.5,0.0,210
741,2003-02-27,9921,1169868,47637458,40.1,41.7,40.0,41.4,0.9,413
742,2003-03-03,9921,1018149,42554126,41.9,42.0,41.4,41.7,0.3,425
743,2003-03-04,9921,1479386,62339313,41.4,42.5,41.4,42.3,0.6,667
744,2003-03-05,9921,782779,32810714,42.0,42.3,41.7,42.0,-0.3,303
745,2003-03-06,9921,489613,20285314,42.2,42.2,41.0,41.1,-0.9,189
746,2003-03-07,9921,347921,14208558,40.6,41.2,40.5,40.9,-0.2,165
747,2003-03-10,9921,740869,29972757,40.9,41.2,40.1,40.3,-0.6,218
748,2003-03-11,9921,1404984,56446345,40.0,40.4,40.0,40.3,0.0,272
749,2003-03-12,9921,302447,12263308,40.7,40.8,40.3,40.8,0.5,162
750,2003-03-13,9921,787141,32109222,40.8,41.2,40.1,40.8,0.0,267
751,2003-03-14,9921,2062928,86618462,41.7,42.5,41.3,41.6,0.8,720
752,2003-03-17,9921,892236,36720467,41.6,41.6,40.9,41.0,-0.6,248
753,2003-03-18,9921,2651346,110770099,41.7,42.3,41.2,41.2,0.2,1019
754,2003-03-19,9921,1216896,49870811,41.5,41.5,40.7,41.0,-0.2,385
755,2003-03-20,9921,1903817,78240013,41.0,41.9,40.7,41.9,0.9,484
756,2003-03-21,9921,1023110,42490172,41.9,41.9,41.2,41.8,-0.1,230
757,2003-03-24,9921,1055667,43604430,42.0,42.0,41.0,41.3,-0.5,199
758,2003-03-25,9921,557029,22815190,41.0,41.2,40.8,41.0,-0.3,98
759,2003-03-26,9921,1557206,63244679,41.0,41.1,40.3,40.5,-0.5,353
760,2003-03-27,9921,358565,14517752,40.1,40.9,40.1,40.6,0.1,131
761,2003-03-28,9921,2601308,104078939,40.2,40.6,39.7,40.0,-0.6,578
762,2003-03-31,9921,985230,38678754,39.6,39.9,39.0,39.5,-0.5,293
763,2003-04-01,9921,2812239,107522791,39.1,39.2,37.7,38.3,-1.2,463
764,2003-04-02,9921,6244811,231786699,38.1,38.2,36.3,36.9,-1.4,985
765,2003-04-03,9921,2313070,85945568,37.3,37.6,36.8,37.3,0.4,541
766,2003-04-04,9921,2052921,78666486,37.3,39.2,37.1,39.0,1.7,813
767,2003-04-07,9921,2486056,101008672,39.9,41.6,39.5,41.4,2.4,983
768,2003-04-08,9921,1192791,48729779,41.1,41.2,40.4,40.4,-1.0,389
769,2003-04-09,9921,758321,30384300,40.3,40.4,39.8,39.9,-0.5,247
770,2003-04-10,9921,477504,19018907,39.9,40.1,39.5,39.5,-0.4,208
771,2003-04-11,9921,440580,17690294,40.1,40.4,39.8,39.9,0.4,184
772,2003-04-14,9921,269375,10783184,40.5,40.6,39.5,39.5,-0.4,147
773,2003-04-15,9921,400126,15721351,39.7,39.8,39.0,39.3,-0.2,153
774,2003-04-16,9921,578642,23200001,39.7,40.4,39.4,40.1,0.8,256
775,2003-04-17,9921,193704,7757968,40.0,40.8,39.6,39.8,-0.3,133
776,2003-04-18,9921,372325,14838469,39.9,40.5,39.6,40.0,0.2,198
777,2003-04-21,9921,623025,24355693,40.0,40.0,38.9,39.0,-1.0,289
778,2003-04-22,9921,645597,25056660,38.5,39.4,38.5,38.7,-0.3,241
779,2003-04-23,9921,258255,10051015,38.8,39.4,38.7,38.8,0.1,160
780,2003-04-24,9921,2738533,106243970,40.0,40.2,37.5,38.4,-0.4,990
781,2003-04-25,9921,1138766,42639458,37.5,38.4,37.0,37.4,-1.0,395
782,2003-04-28,9921,1181228,42935398,37.0,37.0,35.3,36.4,-1.0,357
783,2003-04-29,9921,1744021,63877169,36.7,37.3,36.0,36.5,0.1,570
784,2003-04-30,9921,993473,35720482,36.6,36.6,35.5,36.1,-0.4,371
785,2003-05-02,9921,395731,14264848,35.6,36.5,35.5,36.3,0.2,195
786,2003-05-05,9921,1700733,61602484,36.0,36.7,35.7,36.3,0.0,453
787,2003-05-06,9921,1212750,44161491,36.4,36.9,36.0,36.8,0.5,364
788,2003-05-07,9921,616760,22627022,36.9,36.9,36.5,36.8,0.0,256
789,2003-05-08,9921,338756,12349476,36.7,36.7,36.3,36.3,-0.5,145
790,2003-05-09,9921,824223,30344251,36.5,37.3,36.3,36.8,0.5,325
791,2003-05-12,9921,1432985,53844660,36.9,38.0,36.8,37.4,0.6,538
792,2003-05-13,9921,912500,34426703,37.9,38.3,37.1,37.2,-0.2,387
793,2003-05-14,9921,1116511,41982920,37.5,38.1,37.0,38.0,0.8,380
794,2003-05-15,9921,653357,24602196,37.9,37.9,37.5,37.9,-0.1,176
795,2003-05-16,9921,454297,17252308,38.0,38.2,37.8,38.0,0.1,225
796,2003-05-19,9921,344980,13029653,38.3,38.3,37.5,37.6,-0.4,203
797,2003-05-20,9921,771070,29309818,38.0,38.3,37.5,38.2,0.6,308
798,2003-05-21,9921,514309,19322342,38.2,38.2,37.3,37.4,-0.8,185
799,2003-05-22,9921,820338,31219985,37.4,38.4,37.2,38.4,1.0,288
800,2003-05-23,9921,920088,35654461,38.6,39.0,38.5,38.7,0.3,387
801,2003-05-26,9921,762010,29709485,38.3,39.2,38.3,38.9,0.2,255
802,2003-05-27,9921,384483,14977289,38.9,39.2,38.8,38.9,0.0,205
803,2003-05-28,9921,591983,23178638,39.1,39.6,38.5,38.6,-0.3,254
804,2003-05-29,9921,639095,25652843,39.0,41.3,38.6,41.3,2.7,265
805,2003-05-30,9921,1096420,43886003,39.8,40.5,39.5,39.5,-1.8,431
806,2003-06-02,9921,955158,38579708,40.2,40.8,40.0,40.4,0.9,380
807,2003-06-03,9921,846257,33443104,40.3,40.3,39.1,39.8,-0.6,292
808,2003-06-05,9921,1221081,48310707,40.6,40.6,39.0,39.4,-0.4,422
809,2003-06-06,9921,424338,16709347,39.0,39.7,39.0,39.4,0.0,216
810,2003-06-09,9921,1247927,49859035,39.3,40.4,39.0,40.0,0.6,457
811,2003-06-10,9921,445173,17796780,40.0,40.4,39.7,39.9,-0.1,235
812,2003-06-11,9921,740103,29709685,39.6,40.5,39.6,40.0,0.1,331
813,2003-06-12,9921,846298,34194856,40.3,40.7,40.1,40.5,0.5,338
814,2003-06-13,9921,427971,17288584,40.5,40.7,40.2,40.5,0.0,236
815,2003-06-16,9921,222274,8939202,40.2,40.5,40.1,40.1,-0.4,141
816,2003-06-17,9921,446059,17975905,40.3,40.5,40.1,40.1,0.0,256
817,2003-06-18,9921,953437,38420379,40.4,40.6,40.1,40.2,0.1,409
818,2003-06-19,9921,799333,32260759,40.8,40.8,40.2,40.4,0.2,303
819,2003-06-20,9921,865319,34598472,40.2,40.4,39.8,39.8,-0.6,240
820,2003-06-23,9921,539448,21529637,39.4,40.2,39.4,39.4,-0.4,195
821,2003-06-24,9921,569745,22532803,39.6,39.9,39.2,39.2,-0.2,153
822,2003-06-25,9921,246170,9728230,39.2,39.8,39.1,39.5,0.3,132
823,2003-06-26,9921,391506,15575484,39.7,40.1,39.5,39.6,0.1,164
824,2003-06-27,9921,1314793,51644743,39.7,40.0,38.8,38.9,-0.7,278
825,2003-06-30,9921,1075396,41762620,38.9,39.3,38.6,38.6,-0.3,179
826,2003-07-01,9921,473000,18384400,38.5,39.0,38.5,39.0,0.4,206
827,2003-07-02,9921,2131000,84863400,39.3,40.3,39.1,40.1,1.1,640
828,2003-07-03,9921,1047000,40202400,38.6,39.0,38.1,38.1,0.0,439
829,2003-07-04,9921,1143655,43114013,38.4,38.4,37.4,37.5,-0.6,313
830,2003-07-07,9921,1212904,45551143,37.1,38.5,37.1,37.6,0.1,449
831,2003-07-08,9921,2520667,96663596,38.1,39.1,37.0,38.9,1.3,813
832,2003-07-09,9921,943907,36719094,39.0,39.1,38.5,38.9,0.0,417
833,2003-07-10,9921,438316,17095323,39.0,39.5,38.5,38.6,-0.3,211
834,2003-07-11,9921,500737,19158897,38.5,38.6,38.0,38.5,-0.1,194
835,2003-07-14,9921,398804,15369492,38.7,38.8,38.2,38.5,0.0,228
836,2003-07-15,9921,303291,11673841,38.5,38.7,38.2,38.4,-0.1,148
837,2003-07-16,9921,591114,22778249,38.4,38.8,38.3,38.5,0.1,288
838,2003-07-17,9921,1782242,69427061,38.5,39.5,38.5,38.5,0.0,656
839,2003-07-18,9921,871495,33374557,38.4,38.8,38.0,38.0,-0.5,349
840,2003-07-21,9921,663256,25146004,38.2,38.3,37.6,37.9,-0.1,230
841,2003-07-22,9921,341257,12894599,38.0,38.3,37.5,37.7,-0.2,158
842,2003-07-23,9921,683874,26020200,37.8,38.6,37.6,38.3,0.6,331
843,2003-07-24,9921,1028981,39714173,38.9,38.9,38.2,38.3,0.0,473
844,2003-07-25,9921,391347,14973418,38.3,38.5,38.0,38.2,-0.1,168
845,2003-07-28,9921,5182879,205977302,38.2,40.5,38.2,40.3,2.1,1530
846,2003-07-29,9921,1687434,66076171,40.3,40.4,38.2,38.7,-1.6,544
847,2003-07-30,9921,1912316,73286965,38.5,38.8,38.1,38.7,0.0,580
848,2003-07-31,9921,1706320,66473119,38.7,39.3,38.6,39.3,0.6,570
849,2003-08-01,9921,1127426,44234054,39.5,39.8,38.9,39.0,-0.3,380
850,2003-08-04,9921,636501,24883835,39.2,39.4,38.8,39.0,0.0,276
851,2003-08-05,9921,3478080,137740101,39.0,40.3,38.6,39.6,0.6,1020
852,2003-08-06,9921,4516578,182377571,40.0,40.8,40.0,40.0,0.4,1290
853,2003-08-07,9921,1691453,68194328,40.4,40.6,40.0,40.2,0.2,533
854,2003-08-08,9921,1175275,47566361,40.6,40.8,40.0,40.0,-0.2,465
855,2003-08-11,9921,1745718,71457974,40.5,41.3,40.2,40.8,0.8,686
856,2003-08-12,9921,824758,33562042,41.3,41.3,40.4,40.6,-0.2,340
857,2003-08-13,9921,2991187,123995629,40.8,41.8,40.7,41.5,0.9,892
858,2003-08-14,9921,1275938,52591067,41.8,41.8,40.8,41.0,-0.5,413
859,2003-08-15,9921,1337887,55447754,41.5,41.7,41.1,41.5,0.5,450
860,2003-08-18,9921,4606542,196710041,41.9,43.5,41.8,42.9,1.4,1214
861,2003-08-19,9921,1986245,85228644,43.0,43.4,42.5,43.3,0.4,719
862,2003-08-20,9921,640429,27459833,43.5,43.5,42.5,42.7,-0.6,287
863,2003-08-21,9921,1013201,42803894,42.9,42.9,42.0,42.1,-0.6,497
864,2003-08-22,9921,1017045,43042635,42.3,42.6,42.0,42.4,0.3,412
865,2003-08-25,9921,1305802,55561640,42.4,42.8,42.3,42.8,0.4,506
866,2003-08-26,9921,718237,30230947,42.5,42.9,41.6,41.8,-1.0,301
867,2003-08-27,9921,391611,16308484,41.8,42.0,41.5,41.5,-0.3,187
868,2003-08-28,9921,1430394,58526043,41.5,41.8,40.6,40.6,-0.9,375
869,2003-08-29,9921,918055,37392906,40.7,41.1,40.3,41.1,0.5,509
870,2003-09-01,9921,982830,41059836,41.4,42.1,41.3,41.6,0.5,316
871,2003-09-02,9921,482202,20042437,41.6,42.0,41.3,41.6,0.0,211
872,2003-09-03,9921,2065433,86655408,42.1,42.3,41.3,41.3,-0.3,573
873,2003-09-04,9921,927399,37971781,41.3,41.3,40.6,40.7,-0.6,360
874,2003-09-05,9921,1748481,70422575,40.7,41.1,39.8,40.0,-0.7,491
875,2003-09-08,9921,685719,27774712,40.0,40.8,40.0,40.4,0.4,314
876,2003-09-09,9921,1765073,71932699,40.4,40.9,40.4,40.5,0.1,330
877,2003-09-10,9921,860692,35059354,40.6,41.0,40.5,40.6,0.1,298
878,2003-09-12,9921,417181,16942998,40.6,41.0,40.5,40.7,0.1,150
879,2003-09-15,9921,424541,17400982,40.7,41.2,40.7,41.0,0.3,155
880,2003-09-16,9921,337006,13873423,40.9,41.4,40.9,41.2,0.2,137
881,2003-09-17,9921,562384,23097814,41.5,41.5,40.7,40.7,-0.5,171
882,2003-09-18,9921,371239,15101963,40.5,40.9,40.5,40.8,0.1,164
883,2003-09-19,9921,543958,22295171,41.0,41.4,40.9,40.9,0.1,171
884,2003-09-22,9921,468776,19060263,40.9,40.9,40.5,40.7,-0.2,156
885,2003-09-23,9921,734077,29671005,40.5,40.9,40.3,40.5,-0.2,137
886,2003-09-24,9921,623108,25227950,40.5,41.0,40.2,41.0,0.5,323
887,2003-09-25,9921,569174,23036573,40.7,40.8,40.3,40.5,-0.5,151
888,2003-09-26,9921,189334,7633044,40.3,40.5,40.2,40.3,-0.2,72
889,2003-09-29,9921,555738,22320473,40.2,40.7,40.0,40.0,-0.3,164
890,2003-09-30,9921,289443,11600928,40.0,40.2,40.0,40.0,0.0,95
891,2003-10-01,9921,310212,12435336,40.0,40.3,40.0,40.0,0.0,98
892,2003-10-02,9921,126274,5090704,40.1,40.5,40.1,40.3,0.3,63
893,2003-10-03,9921,835368,33858426,40.3,40.8,40.0,40.8,0.5,179
894,2003-10-06,9921,2017083,83585756,40.8,41.8,40.5,41.3,0.5,657
895,2003-10-07,9921,546710,22519637,41.5,41.5,41.0,41.3,0.0,266
896,2003-10-08,9921,721700,29848214,41.3,41.7,41.0,41.0,-0.3,272
897,2003-10-09,9921,1504766,62421419,41.5,41.9,41.2,41.5,0.5,449
898,2003-10-13,9921,2166729,92143087,42.0,43.0,41.7,42.9,1.4,613
899,2003-10-14,9921,1044151,44453829,43.4,43.4,42.2,42.5,-0.4,363
900,2003-10-15,9921,598535,25329953,42.5,42.7,42.0,42.2,-0.3,222
901,2003-10-16,9921,2414847,103465209,42.3,43.3,42.2,42.8,0.6,720
902,2003-10-17,9921,1122207,47575123,42.8,43.0,42.0,42.5,-0.3,257
903,2003-10-20,9921,867838,36597305,42.3,42.6,42.0,42.0,-0.5,279
904,2003-10-21,9921,1083846,45134427,42.0,42.2,41.4,41.9,-0.1,345
905,2003-10-22,9921,600855,25100442,41.5,42.2,41.5,41.8,-0.1,216
906,2003-10-23,9921,563311,23487861,41.5,42.1,41.3,42.0,0.2,241
907,2003-10-24,9921,1860275,79124765,41.5,43.2,41.5,42.8,0.8,552
908,2003-10-27,9921,4202017,183253600,43.0,44.5,42.5,44.5,1.7,1135
909,2003-10-28,9921,3890173,173364628,44.5,45.0,44.1,45.0,0.5,1046
910,2003-10-29,9921,4738564,214638516,45.1,46.1,44.2,44.9,-0.1,1024
911,2003-10-30,9921,2398801,106067083,45.0,45.0,43.3,44.0,-0.9,631
912,2003-10-31,9921,1256787,55292642,44.0,44.4,43.7,44.0,0.0,352
913,2003-11-03,9921,1400981,62153380,44.6,44.8,43.6,43.9,-0.1,459
914,2003-11-04,9921,2140106,93895321,43.9,44.2,43.6,43.8,-0.1,618
915,2003-11-05,9921,1059021,46215348,43.8,43.9,43.5,43.5,-0.3,324
916,2003-11-06,9921,942019,40795355,43.8,44.0,42.5,42.6,-0.9,401
917,2003-11-07,9921,727710,31026047,42.8,42.9,42.5,42.7,0.1,295
918,2003-11-10,9921,802228,34678143,42.6,43.4,42.6,43.3,0.6,265
919,2003-11-11,9921,785097,34142534,43.5,43.6,43.3,43.3,0.0,236
920,2003-11-12,9921,1903574,82463283,44.0,44.2,42.5,42.7,-0.6,593
921,2003-11-13,9921,1611403,68248518,42.8,43.0,42.0,42.5,-0.2,506
922,2003-11-14,9921,464937,19788049,42.6,42.8,42.3,42.5,0.0,217
923,2003-11-17,9921,442012,18656884,42.4,42.4,42.1,42.3,-0.2,187
924,2003-11-18,9921,1028922,43538374,42.3,42.7,42.1,42.1,-0.2,265
925,2003-11-19,9921,932640,39184980,42.1,42.2,41.8,42.1,0.0,254
926,2003-11-20,9921,789539,33513471,42.3,42.6,42.2,42.3,0.2,216
927,2003-11-21,9921,355069,14941779,42.0,42.5,41.8,42.2,-0.1,143
928,2003-11-24,9921,462211,19548457,42.2,42.6,42.0,42.3,0.1,135
929,2003-11-25,9921,511941,21722596,42.5,42.6,42.3,42.5,0.2,158
930,2003-11-26,9921,1407619,60834245,42.7,43.7,42.4,43.3,0.8,531
931,2003-11-27,9921,757299,32300257,43.3,43.3,42.0,42.0,-1.3,286
932,2003-11-28,9921,640407,27139507,42.5,42.7,42.2,42.5,0.5,173
933,2003-12-01,9921,196000,8291000,42.0,42.6,42.0,42.3,-0.2,84
934,2003-12-02,9921,328686,13983544,42.6,42.9,42.3,42.3,0.0,156
935,2003-12-03,9921,1254969,52892371,42.3,42.4,42.0,42.3,0.0,257
936,2003-12-04,9921,731080,30951944,42.4,42.6,42.3,42.3,0.0,164
937,2003-12-05,9921,354968,14952032,42.3,42.3,42.0,42.1,-0.2,145
938,2003-12-08,9921,633544,26584740,42.1,42.1,41.8,41.9,-0.2,215
939,2003-12-09,9921,342863,14441276,42.4,42.4,42.0,42.2,0.3,136
940,2003-12-10,9921,311811,13171220,42.2,42.4,42.2,42.2,0.0,129
941,2003-12-11,9921,423070,17893638,42.2,42.6,42.1,42.4,0.2,177
942,2003-12-12,9921,639552,26955440,42.8,42.9,41.9,42.0,-0.4,217
943,2003-12-15,9921,702251,29357188,42.0,42.1,41.7,41.7,-0.3,247
944,2003-12-16,9921,391775,16416942,41.7,42.2,41.7,41.9,0.2,106
945,2003-12-17,9921,441152,18387335,42.0,42.2,41.5,41.6,-0.3,186
946,2003-12-18,9921,337741,13992558,41.2,41.8,41.2,41.6,0.0,131
947,2003-12-19,9921,407342,16913054,41.6,41.8,41.4,41.6,0.0,120
948,2003-12-22,9921,1060064,43921936,41.4,41.8,41.2,41.6,0.0,247
949,2003-12-23,9921,852241,35358863,41.8,41.8,41.3,41.5,-0.1,168
950,2003-12-24,9921,2289418,94355457,41.5,41.5,41.0,41.4,-0.1,390
951,2003-12-25,9921,1481364,60657968,41.4,41.4,40.8,40.8,-0.6,281
952,2003-12-26,9921,698554,28601975,40.8,41.1,40.6,41.0,0.2,169
953,2003-12-29,9921,195435,7969530,41.0,41.0,40.5,40.5,-0.5,104
954,2003-12-30,9921,1047346,42954239,40.5,41.3,40.5,41.2,0.7,194
955,2003-12-31,9921,673024,27769159,41.2,41.5,40.9,41.2,0.0,179
956,2004-01-02,9921,1085000,44719800,41.0,41.5,41.0,41.5,0.3,341
957,2004-01-05,9921,1297465,54235370,41.7,42.1,41.5,42.0,0.5,439
958,2004-01-06,9921,1104811,46362449,42.0,42.2,41.8,42.2,0.2,290
959,2004-01-07,9921,515449,21683260,42.3,42.4,41.6,41.6,-0.6,288
960,2004-01-08,9921,783031,32572470,41.6,41.8,41.4,41.6,0.0,255
961,2004-01-09,9921,773467,32200205,41.9,41.9,41.5,41.6,0.0,282
962,2004-01-12,9921,724138,30036864,41.8,41.9,41.3,41.5,-0.1,230
963,2004-01-13,9921,812123,33583864,41.7,41.7,41.2,41.2,-0.3,191
964,2004-01-14,9921,534942,22167911,41.3,41.8,41.2,41.4,0.2,219
965,2004-01-15,9921,837391,34661379,41.4,41.6,41.2,41.3,-0.1,199
966,2004-01-16,9921,788045,32561725,41.3,41.6,41.1,41.1,-0.2,250
967,2004-01-27,9921,1631000,68049500,41.5,42.1,41.2,41.9,0.8,472
968,2004-01-28,9921,3209335,135887529,41.6,42.8,41.6,42.3,0.4,823
969,2004-01-29,9921,2427536,102471832,42.3,42.5,42.0,42.0,-0.3,473
970,2004-01-30,9921,1865857,79529211,42.8,42.9,42.3,42.3,0.3,473
971,2004-02-02,9921,3667016,158358908,42.5,43.6,42.5,42.9,0.6,909
972,2004-02-03,9921,1362907,57500966,43.0,43.0,41.9,42.3,-0.6,478
973,2004-02-04,9921,606540,25479100,42.3,42.3,41.8,42.0,-0.3,250
974,2004-02-05,9921,4573879,196003720,42.0,43.4,41.8,42.2,0.2,1246
975,2004-02-06,9921,3546258,152116786,42.8,43.2,42.5,42.8,0.6,798
976,2004-02-09,9921,3574526,157384149,44.0,44.5,43.5,43.5,0.7,1028
977,2004-02-10,9921,1727725,75172205,43.7,44.1,43.0,43.6,0.1,663
978,2004-02-11,9921,2677136,118169812,43.5,44.5,43.5,43.7,0.1,785
979,2004-02-12,9921,2589459,112587512,44.3,44.3,43.1,43.2,-0.5,609
980,2004-02-13,9921,515476,22439834,43.4,43.8,43.2,43.6,0.4,186
981,2004-02-16,9921,1491539,65634636,43.8,44.3,43.6,44.1,0.5,462
982,2004-02-17,9921,4415582,199504771,44.5,45.6,44.5,44.8,0.7,1166
983,2004-02-18,9921,1647958,73238874,45.1,45.2,44.1,44.2,-0.6,558
984,2004-02-19,9921,1331353,58773093,44.7,44.8,43.9,44.2,0.0,428
985,2004-02-20,9921,749834,32986440,44.5,44.5,43.8,43.9,-0.3,260
986,2004-02-23,9921,377677,16521482,43.9,44.0,43.6,43.6,-0.3,194
987,2004-02-24,9921,786968,34351346,43.6,44.0,43.3,43.3,-0.3,201
988,2004-02-25,9921,1046019,45687753,43.3,44.0,43.3,43.5,0.2,312
989,2004-02-26,9921,1470997,65000107,44.0,44.5,43.8,44.5,1.0,427
990,2004-02-27,9921,1445810,64659227,44.8,44.9,44.6,44.6,0.1,499
991,2004-03-01,9921,553239,24766372,45.2,45.2,44.5,44.6,0.0,292
992,2004-03-02,9921,853026,38065693,45.0,45.0,44.3,44.8,0.2,295
993,2004-03-03,9921,1236378,55018854,44.5,44.8,44.2,44.8,0.0,279
994,2004-03-04,9921,1174259,52458319,44.8,44.8,44.5,44.5,-0.3,316
995,2004-03-05,9921,1432646,63982569,44.5,44.9,44.2,44.2,-0.3,592
996,2004-03-08,9921,730127,32388220,44.2,44.7,44.1,44.1,-0.1,343
997,2004-03-09,9921,620805,27463586,44.1,44.6,44.0,44.6,0.5,219
998,2004-03-10,9921,328534,14575766,44.6,44.6,44.2,44.2,-0.4,123
999,2004-03-11,9921,2791384,125506289,44.6,45.2,44.2,44.2,0.0,799
1000,2004-03-12,9921,2369425,104004521,44.2,44.4,43.4,43.4,-0.8,583
1001,2004-03-15,9921,1428735,62007836,43.5,43.9,42.9,43.0,-0.4,379
1002,2004-03-16,9921,1087976,46853724,43.0,43.4,42.8,42.8,-0.2,319
1003,2004-03-17,9921,1910337,83689547,43.8,44.2,43.2,44.2,1.4,569
1004,2004-03-18,9921,10113510,464620059,44.9,46.9,44.7,46.0,1.8,1997
1005,2004-03-19,9921,5942295,279944140,46.6,48.0,46.2,47.7,1.7,1850
1006,2004-03-22,9921,488125,21676189,44.4,44.4,44.4,44.4,-3.3,126
1007,2004-03-23,9921,3581224,151432760,41.3,44.4,41.3,44.4,0.0,1034
1008,2004-03-24,9921,2391855,103951362,44.2,44.4,42.5,44.3,-0.1,784
1009,2004-03-25,9921,786032,34155377,44.3,44.3,43.2,43.3,-1.0,413
1010,2004-03-26,9921,955000,40983300,43.5,43.7,42.5,42.5,-0.8,280
1011,2004-03-29,9921,2199397,97805362,43.4,45.3,42.8,44.5,2.0,727
1012,2004-03-30,9921,846201,37202698,44.6,44.6,43.3,43.3,-1.2,372
1013,2004-03-31,9921,1168064,50699312,43.7,43.9,43.1,43.3,0.0,371
1014,2004-04-01,9921,1388589,59909472,43.0,43.5,43.0,43.5,0.2,363
1015,2004-04-02,9921,1271823,55953397,43.7,44.4,43.7,44.0,0.5,405
1016,2004-04-05,9921,626004,27497210,44.4,44.4,43.6,44.0,0.0,329
1017,2004-04-06,9921,691627,30324460,44.3,44.3,43.5,43.5,-0.5,239
1018,2004-04-07,9921,397753,17358966,43.9,43.9,43.5,43.5,0.0,157
1019,2004-04-08,9921,635320,27590746,43.5,43.7,43.3,43.3,-0.2,137
1020,2004-04-09,9921,798771,34543892,43.3,43.5,43.1,43.1,-0.2,185
1021,2004-04-12,9921,368964,16193415,43.2,44.0,43.2,44.0,0.9,226
1022,2004-04-13,9921,898109,39374748,44.0,44.2,43.5,43.6,-0.4,239
1023,2004-04-14,9921,543893,23682092,43.3,44.0,43.2,44.0,0.4,202
1024,2004-04-15,9921,667986,29175020,44.2,44.2,43.3,43.6,-0.4,268
1025,2004-04-16,9921,571005,24936673,43.5,43.8,43.5,43.6,0.0,218
1026,2004-04-19,9921,400924,17584680,43.6,44.2,43.6,43.6,0.0,216
1027,2004-04-20,9921,348869,15268054,43.8,44.1,43.6,43.9,0.3,182
1028,2004-04-21,9921,434944,19004432,43.9,44.0,43.4,44.0,0.1,112
1029,2004-04-22,9921,478078,20876869,44.0,44.0,43.3,43.3,-0.7,258
1030,2004-04-23,9921,257914,11166173,43.3,43.4,43.2,43.3,0.0,108
1031,2004-04-26,9921,366196,15714299,43.1,43.1,42.8,42.9,-0.4,146
1032,2004-04-27,9921,1571663,67197895,42.8,43.0,42.5,42.7,-0.2,298
1033,2004-04-28,9921,444528,18783007,42.7,42.9,41.7,42.4,-0.3,214
1034,2004-04-29,9921,908913,37942209,41.6,42.0,41.6,41.6,-0.8,276
1035,2004-04-30,9921,1361721,55628330,41.0,41.4,40.3,40.6,-1.0,407
1036,2004-05-03,9921,888000,36005000,40.6,41.1,40.3,40.6,0.0,324
1037,2004-05-04,9921,640792,26105586,40.6,41.4,40.6,41.1,0.5,139
1038,2004-05-05,9921,1056000,42933500,41.1,41.4,40.0,40.0,-1.1,301
1039,2004-05-06,9921,616155,24880668,40.0,41.0,40.0,40.5,0.5,217
1040,2004-05-07,9921,730175,29577649,40.5,41.1,40.3,41.1,0.6,210
1041,2004-05-10,9921,553130,22270404,40.5,41.0,40.0,40.2,-0.9,213
1042,2004-05-11,9921,532959,21294749,40.2,40.5,39.0,40.1,-0.1,175
1043,2004-05-12,9921,681243,27512391,40.5,40.6,40.3,40.3,0.2,135
1044,2004-05-13,9921,310461,12469581,40.3,40.7,40.0,40.5,0.2,76
1045,2004-05-14,9921,494390,19729799,40.8,40.8,39.6,39.9,-0.6,129
1046,2004-05-17,9921,1506053,58029502,39.1,39.8,38.0,38.1,-1.8,344
1047,2004-05-18,9921,1704416,66195662,38.1,39.8,37.9,39.8,1.7,393
1048,2004-05-19,9921,538495,21909800,39.8,41.1,39.8,41.0,1.2,236
1049,2004-05-20,9921,275533,11277129,40.3,41.2,40.2,40.2,-0.8,101
1050,2004-05-21,9921,76280,3107097,40.2,41.1,40.2,40.5,0.3,44
1051,2004-05-24,9921,89287,3620440,40.9,40.9,40.4,40.4,-0.1,59
1052,2004-05-25,9921,61841,2508999,40.5,40.9,40.5,40.7,0.3,28
1053,2004-05-26,9921,68880,2809730,41.1,41.1,40.5,40.8,0.1,52
1054,2004-05-27,9921,1943717,74675179,38.0,40.3,38.0,40.0,-0.8,265
1055,2004-05-28,9921,342196,13613199,39.6,40.0,39.4,40.0,0.0,152
1056,2004-05-31,9921,257000,10220500,40.0,40.3,39.6,39.7,-0.3,72
1057,2004-06-01,9921,197000,7749000,39.7,39.7,39.1,39.6,-0.1,76
1058,2004-06-02,9921,318000,12438900,39.2,39.4,39.0,39.1,-0.5,98
1059,2004-06-03,9921,500350,19380815,39.2,39.2,38.4,38.6,-0.5,189
1060,2004-06-04,9921,227080,8785470,38.6,39.5,38.4,38.8,0.2,98
1061,2004-06-07,9921,637002,24764276,38.8,39.1,38.8,39.0,0.2,219
1062,2004-06-08,9921,343295,13422544,39.1,39.4,38.9,38.9,-0.1,94
1063,2004-06-09,9921,182268,7102071,39.0,39.1,38.9,39.0,0.1,74
1064,2004-06-10,9921,165058,6429750,39.1,39.1,38.8,38.8,-0.2,70
1065,2004-06-11,9921,253118,9866754,38.9,39.1,38.9,39.0,0.2,99
1066,2004-06-14,9921,160344,6293347,39.3,39.4,39.1,39.1,0.1,89
1067,2004-06-15,9921,94154,3682186,39.1,39.4,38.8,39.4,0.3,68
1068,2004-06-16,9921,345422,13748840,39.7,40.5,39.5,39.5,0.1,192
1069,2004-06-17,9921,182000,7219900,39.9,40.0,39.0,39.5,0.0,126
1070,2004-06-18,9921,139000,5438700,39.1,39.5,39.0,39.2,-0.3,101
1071,2004-06-21,9921,109000,4302000,39.8,39.9,39.2,39.4,0.2,73
1072,2004-06-23,9921,113284,4517431,39.8,40.1,39.2,39.8,0.4,88
1073,2004-06-24,9921,219647,8736420,39.8,40.0,39.5,39.6,-0.2,66
1074,2004-06-25,9921,166341,6641935,39.6,40.2,39.6,39.9,0.3,79
1075,2004-06-28,9921,284084,11396634,40.0,40.4,39.8,40.2,0.3,132
1076,2004-06-29,9921,310936,12572529,40.3,40.6,40.3,40.5,0.3,123
1077,2004-06-30,9921,452250,18468259,40.6,41.2,40.5,41.0,0.5,237
1078,2004-07-01,9921,1061707,43319338,41.1,41.1,40.6,40.6,-0.4,245
1079,2004-07-02,9921,653263,26453320,40.4,40.9,40.2,40.7,0.1,220
1080,2004-07-05,9921,909000,37104200,40.7,41.5,40.4,41.3,0.6,282
1081,2004-07-06,9921,2529000,106552900,41.5,42.4,41.4,42.4,1.1,719
1082,2004-07-07,9921,2024000,80094200,39.5,40.4,39.4,40.1,0.0,686
1083,2004-07-08,9921,726271,29117396,40.0,40.4,39.9,40.1,0.0,304
1084,2004-07-09,9921,329904,13196036,40.1,40.2,39.9,39.9,-0.2,180
1085,2004-07-12,9921,431988,17546723,40.2,40.9,40.2,40.9,1.0,219
1086,2004-07-13,9921,570982,23547756,40.5,41.7,40.5,41.0,0.1,294
1087,2004-07-14,9921,522780,21614202,41.0,41.6,40.9,41.4,0.4,223
1088,2004-07-15,9921,521214,21408614,41.4,41.5,40.7,41.2,-0.2,193
1089,2004-07-16,9921,338461,13947695,40.6,41.4,40.6,41.2,0.0,118
1090,2004-07-19,9921,1153173,48248267,41.0,42.2,40.9,42.1,0.9,414
1091,2004-07-20,9921,213576,8881301,41.7,42.1,41.3,41.3,-0.8,120
1092,2004-07-21,9921,413281,17198445,41.7,41.9,41.3,41.6,0.3,168
1093,2004-07-22,9921,2023914,86678329,41.6,43.5,41.0,43.0,1.4,667
1094,2004-07-23,9921,592516,25396510,42.7,43.2,42.2,42.8,-0.2,256
1095,2004-07-26,9921,210631,9004267,42.5,43.0,42.4,42.8,0.0,79
1096,2004-07-27,9921,265240,11339015,42.8,42.9,42.5,42.8,0.0,107
1097,2004-07-28,9921,172664,7361089,42.8,42.8,42.4,42.6,-0.2,85
1098,2004-07-29,9921,220098,9312832,42.6,42.6,42.2,42.2,-0.4,87
1099,2004-07-30,9921,227140,9628277,42.2,42.6,42.2,42.2,0.0,119
1100,2004-08-02,9921,178498,7462785,42.2,42.2,41.6,41.6,-0.6,103
1101,2004-08-03,9921,189069,7864344,41.5,41.8,41.5,41.8,0.2,97
1102,2004-08-04,9921,182042,7672635,41.8,42.7,41.6,42.6,0.8,120
1103,2004-08-05,9921,433790,18426580,42.0,42.6,42.0,42.5,-0.1,123
1104,2004-08-06,9921,463226,19662334,42.1,42.5,42.0,42.5,0.0,114
1105,2004-08-09,9921,117924,4992566,42.0,42.8,42.0,42.5,0.0,53
1106,2004-08-10,9921,495022,21029029,42.5,42.8,42.4,42.5,0.0,109
1107,2004-08-11,9921,223555,9514665,42.6,42.7,42.2,42.6,0.1,79
1108,2004-08-12,9921,133160,5655380,42.2,42.6,42.2,42.6,0.0,57
1109,2004-08-13,9921,483470,20765916,42.5,43.5,42.5,43.0,0.4,166
1110,2004-08-16,9921,322815,13800764,42.8,42.9,42.5,42.8,-0.2,106
1111,2004-08-17,9921,943235,40302583,42.9,42.9,42.5,42.8,0.0,285
1112,2004-08-18,9921,1417837,60894538,42.7,43.4,42.5,43.3,0.5,501
1113,2004-08-19,9921,814886,35500767,43.2,43.9,42.8,43.8,0.5,358
1114,2004-08-20,9921,1468342,64982382,43.8,44.5,43.6,44.0,0.2,414
1115,2004-08-23,9921,1869870,83439285,44.2,45.2,44.0,44.2,0.2,473
1116,2004-08-26,9921,2319605,101890235,42.0,44.3,42.0,44.0,-0.2,656
1117,2004-08-27,9921,553287,24340122,44.0,44.1,43.5,44.0,0.0,209
1118,2004-08-30,9921,1124766,50213934,44.0,45.2,44.0,44.8,0.8,354
1119,2004-08-31,9921,1641574,74418250,44.9,45.6,44.9,45.0,0.2,474
1120,2004-09-01,9921,772182,35018754,45.0,45.6,44.9,45.0,0.0,289
1121,2004-09-02,9921,1194641,54247900,44.6,45.7,44.6,45.3,0.3,279
1122,2004-09-03,9921,452809,20423930,45.3,45.4,44.9,45.0,-0.3,150
1123,2004-09-06,9921,1828720,83253532,45.0,45.9,45.0,45.5,0.5,443
1124,2004-09-07,9921,776365,35291489,45.5,45.6,45.2,45.5,0.0,224
1125,2004-09-08,9921,2931681,135792727,45.9,47.0,45.7,46.4,0.9,577
1126,2004-09-09,9921,428441,19702414,46.4,46.4,45.8,45.8,-0.6,178
1127,2004-09-10,9921,305931,14011893,45.8,46.0,45.5,45.7,-0.1,125
1128,2004-09-13,9921,1698905,78660048,46.0,46.7,45.8,46.4,0.7,441
1129,2004-09-14,9921,1002965,46108361,43.2,46.5,43.2,46.0,-0.4,340
1130,2004-09-15,9921,319391,14659000,46.0,46.1,45.5,45.7,-0.3,140
1131,2004-09-16,9921,540785,24634959,45.5,45.9,45.1,45.8,0.1,208
1132,2004-09-17,9921,1109112,50320510,45.3,45.8,45.2,45.3,-0.5,346
1133,2004-09-20,9921,876124,39979121,45.0,46.2,45.0,46.0,0.7,296
1134,2004-09-21,9921,560399,25823468,45.8,46.2,45.7,46.2,0.2,133
1135,2004-09-22,9921,527912,24380673,46.2,46.2,46.0,46.0,-0.2,117
1136,2004-09-23,9921,1004820,46614967,45.8,46.6,45.8,46.5,0.5,236
1137,2004-09-24,9921,825921,38445704,46.5,46.7,46.3,46.7,0.2,380
1138,2004-09-27,9921,144218,6712686,46.7,46.7,46.1,46.1,-0.6,106
1139,2004-09-29,9921,697861,32133544,45.8,46.2,45.8,46.0,-0.1,178
1140,2004-09-30,9921,1405301,65856312,46.0,47.7,46.0,47.6,1.6,499
1141,2004-10-01,9921,3319542,160527119,47.3,49.0,47.2,48.9,1.3,810
1142,2004-10-04,9921,2894213,144075551,48.9,50.5,48.9,50.5,1.6,885
1143,2004-10-05,9921,1160252,57895102,50.5,50.5,49.5,49.9,-0.6,393
1144,2004-10-06,9921,1674675,83699155,49.7,50.5,49.7,49.9,0.0,340
1145,2004-10-07,9921,1047583,52370435,49.9,50.5,49.7,50.0,0.1,240
1146,2004-10-08,9921,976899,48767816,50.0,50.5,49.6,49.9,-0.1,243
1147,2004-10-11,9921,278310,13720538,49.0,49.8,49.0,49.4,-0.5,131
1148,2004-10-12,9921,749577,36640658,49.1,49.4,48.3,48.5,-0.9,126
1149,2004-10-13,9921,327200,15867748,48.5,48.7,48.3,48.3,-0.2,119
1150,2004-10-14,9921,404478,19248364,47.6,48.3,47.0,47.7,-0.6,191
1151,2004-10-15,9921,219935,10470333,47.7,48.0,47.3,47.9,0.2,161
1152,2004-10-18,9921,582942,28013395,48.1,48.3,47.9,48.2,0.3,188
1153,2004-10-19,9921,313345,15015289,48.2,48.2,47.5,47.7,-0.5,156
1154,2004-10-20,9921,928302,44239330,47.0,48.2,47.0,47.5,-0.2,327
1155,2004-10-21,9921,298807,14308535,47.5,48.6,47.4,48.0,0.5,130
1156,2004-10-22,9921,448604,21581964,48.0,48.3,48.0,48.1,0.1,143
1157,2004-10-26,9921,273716,13141359,48.0,48.1,48.0,48.1,0.0,106
1158,2004-10-27,9921,382050,18713991,48.4,49.8,48.3,49.4,1.3,185
1159,2004-10-28,9921,432805,21026063,49.4,49.4,48.4,48.4,-1.0,197
1160,2004-10-29,9921,133664,6438067,48.1,48.6,48.0,48.6,0.2,50
1161,2004-11-01,9921,104807,5074466,48.6,48.6,48.1,48.5,-0.1,45
1162,2004-11-02,9921,104200,5023349,48.0,48.6,48.0,48.6,0.1,49
1163,2004-11-03,9921,366000,18049700,48.8,49.8,48.8,49.3,0.7,177
1164,2004-11-04,9921,583184,28366124,49.3,49.3,48.3,48.4,-0.9,244
1165,2004-11-05,9921,1160129,57247810,49.0,49.5,49.0,49.5,1.1,372
1166,2004-11-08,9921,276939,13653242,49.5,49.5,48.6,49.5,0.0,115
1167,2004-11-09,9921,248001,12308549,49.5,49.8,49.2,49.8,0.3,113
1168,2004-11-10,9921,724000,36066500,49.8,50.0,49.6,49.8,0.0,243
1169,2004-11-11,9921,320001,15653649,48.7,49.8,48.6,48.6,-1.2,178
1170,2004-11-12,9921,255468,12356874,48.0,49.0,48.0,49.0,0.4,142
1171,2004-11-15,9921,267066,13071217,49.0,49.1,48.6,48.9,-0.1,149
1172,2004-11-16,9921,456966,22654093,49.0,49.8,49.0,49.6,0.7,218
1173,2004-11-17,9921,1167868,58386828,49.6,50.5,49.6,50.5,0.9,316
1174,2004-11-18,9921,839641,42015694,50.5,50.5,49.5,50.5,0.0,145
1175,2004-11-19,9921,420786,21132487,50.5,50.5,50.0,50.5,0.0,128
1176,2004-11-22,9921,225100,11257023,50.5,50.5,50.0,50.0,-0.5,127
1177,2004-11-23,9921,377000,18855500,50.0,50.5,50.0,50.0,0.0,105
1178,2004-11-24,9921,325067,16265582,50.5,50.5,50.0,50.0,0.0,64
1179,2004-11-25,9921,139457,6905634,49.5,49.7,49.3,49.5,-0.5,100
1180,2004-11-26,9921,354150,17568387,49.5,50.0,49.0,49.0,-0.5,171
1181,2004-11-29,9921,317770,15606835,48.6,49.5,48.6,48.9,-0.1,116
1182,2004-11-30,9921,311305,15171575,49.0,49.3,48.5,48.6,-0.3,160
1183,2004-12-01,9921,467398,22685640,48.5,48.9,48.3,48.6,0.0,237
1184,2004-12-02,9921,357813,17568408,48.6,49.6,48.6,49.6,1.0,139
1185,2004-12-03,9921,1517305,75708301,49.5,50.0,49.5,49.8,0.2,213
1186,2004-12-06,9921,884569,44416743,50.5,50.5,50.0,50.5,0.7,169
1187,2004-12-07,9921,560365,28108075,50.0,50.5,49.7,50.5,0.0,93
1188,2004-12-08,9921,3398857,175979504,50.0,53.0,50.0,51.5,1.0,506
1189,2004-12-09,9921,992200,51447485,52.5,52.5,50.5,51.0,-0.5,249
1190,2004-12-10,9921,382176,19146072,51.0,51.5,49.5,49.6,-1.4,254
1191,2004-12-13,9921,667392,33951043,50.0,52.0,50.0,50.0,0.4,408
1192,2004-12-14,9921,436430,22009639,50.0,51.0,50.0,51.0,1.0,169
1193,2004-12-15,9921,704863,36003785,51.5,51.5,50.5,51.0,0.0,250
1194,2004-12-16,9921,1046980,53954438,51.0,52.0,50.5,52.0,1.0,262
1195,2004-12-17,9921,194551,9996505,51.5,52.0,51.0,51.0,-1.0,104
1196,2004-12-20,9921,574000,29348000,50.0,52.0,50.0,52.0,1.0,250
1197,2004-12-21,9921,616000,31980000,51.5,52.5,51.0,52.0,0.0,178
1198,2004-12-22,9921,1206813,63634060,52.0,53.0,52.0,53.0,1.0,323
1199,2004-12-23,9921,1761101,94967824,53.5,55.0,52.5,54.5,1.5,387
1200,2004-12-24,9921,488000,26659592,54.0,55.0,54.0,54.5,0.0,203
1201,2004-12-27,9921,84000,4571000,54.5,54.5,54.0,54.0,-0.5,43
1202,2004-12-28,9921,154817,8439894,54.0,55.0,54.0,54.0,0.0,97
1203,2004-12-29,9921,545000,29673000,55.0,55.0,54.0,55.0,1.0,199
1204,2004-12-30,9921,398011,21742101,55.0,55.0,54.0,55.0,0.0,137
1205,2004-12-31,9921,237078,12984768,55.0,55.0,54.5,54.5,-0.5,146
1206,2005-01-03,9921,170000,9341500,55.0,55.0,54.5,55.0,0.5,90
1207,2005-01-04,9921,124492,6832919,55.0,55.0,54.5,55.0,0.0,68
1208,2005-01-05,9921,464110,25344018,55.0,55.0,54.0,55.0,0.0,129
1209,2005-01-06,9921,1526000,86802000,55.0,58.0,54.5,58.0,3.0,360
1210,2005-01-07,9921,866057,49821038,58.0,58.0,57.0,57.5,-0.5,266
1211,2005-01-10,9921,614055,35351145,57.5,58.0,57.0,57.0,-0.5,176
1212,2005-01-11,9921,698394,38985842,57.0,57.5,55.0,55.0,-2.0,316
1213,2005-01-12,9921,871996,48894997,55.0,57.0,55.0,56.0,1.0,275
1214,2005-01-13,9921,522195,29083581,55.5,56.5,55.0,55.5,-0.5,179
1215,2005-01-14,9921,1157141,63071378,55.5,55.5,54.0,54.5,-1.0,517
1216,2005-01-17,9921,983009,53974388,54.0,55.5,54.0,55.0,0.5,298
1217,2005-01-18,9921,1977598,105171812,55.0,55.0,52.5,52.5,-2.5,519
1218,2005-01-19,9921,1975803,104237396,53.0,54.0,51.5,53.5,1.0,558
1219,2005-01-20,9921,781991,41033249,52.5,53.0,52.0,52.5,-1.0,312
1220,2005-01-21,9921,513199,26847351,52.5,53.0,51.5,52.0,-0.5,171
1221,2005-01-24,9921,628842,32822063,52.0,53.0,51.5,52.0,0.0,199
1222,2005-01-25,9921,176173,9142950,52.0,52.0,51.5,52.0,0.0,100
1223,2005-01-26,9921,344011,17877069,52.0,52.0,51.5,52.0,0.0,120
1224,2005-01-27,9921,502176,26244844,51.5,53.0,51.5,53.0,1.0,179
1225,2005-01-28,9921,225561,11936081,52.5,53.5,52.5,53.0,0.0,160
1226,2005-01-31,9921,144184,7581702,53.0,53.0,52.5,52.5,-0.5,63
1227,2005-02-01,9921,286235,14994001,52.5,53.0,52.0,53.0,0.5,155
1228,2005-02-02,9921,274310,14530846,53.0,53.5,52.5,53.0,0.0,158
1229,2005-02-03,9921,153178,8084023,53.0,53.0,52.5,52.5,-0.5,81
1230,2005-02-14,9921,615000,32548000,53.0,53.5,52.5,53.5,1.0,339
1231,2005-02-15,9921,508101,27284876,53.5,54.0,53.0,54.0,0.5,232
1232,2005-02-16,9921,660100,35623873,54.0,54.5,53.0,54.0,0.0,133
1233,2005-02-17,9921,1892300,104320619,54.0,57.0,53.5,57.0,3.0,481
1234,2005-02-18,9921,521050,29199835,56.5,56.5,55.5,56.0,-1.0,177
1235,2005-02-21,9921,729001,40698055,56.0,56.0,55.5,55.5,-0.5,243
1236,2005-02-22,9921,347055,19074756,55.5,55.5,54.0,54.5,-1.0,163
1237,2005-02-23,9921,567057,31032090,54.5,55.0,54.0,55.0,0.5,241
1238,2005-02-24,9921,1213101,66441525,55.0,55.0,54.0,55.0,0.0,270
1239,2005-02-25,9921,1506000,82885500,55.0,55.5,55.0,55.0,0.0,316
1240,2005-03-02,9921,362262,20359292,56.8,56.8,56.0,56.2,-0.8,218
1241,2005-03-03,9921,292401,16569518,56.2,57.0,56.2,56.7,0.5,133
1242,2005-03-04,9921,772748,44448892,56.7,57.9,56.7,57.5,0.8,311
1243,2005-03-07,9921,517700,30121464,57.7,58.5,57.7,58.2,0.7,236
1244,2005-03-08,9921,392693,22765317,58.5,58.6,57.0,58.0,-0.2,245
1245,2005-03-09,9921,384145,22247067,58.0,58.0,57.7,57.8,-0.2,196
1246,2005-03-10,9921,340615,19534867,57.8,58.0,56.3,58.0,0.2,196
1247,2005-03-11,9921,274254,15836356,58.0,58.0,57.1,57.8,-0.2,87
1248,2005-03-14,9921,661903,38383029,57.8,58.2,57.8,58.0,0.2,315
1249,2005-03-15,9921,512151,29621711,58.0,58.1,57.1,58.0,0.0,194
1250,2005-03-16,9921,257593,14861620,57.0,58.0,56.5,57.8,-0.2,148
1251,2005-03-17,9921,307200,17509401,56.5,57.5,56.1,57.2,-0.6,154
1252,2005-03-18,9921,261177,14928870,56.5,57.5,56.5,57.4,0.2,142
1253,2005-03-21,9921,322005,18459185,57.1,57.5,57.0,57.4,0.0,136
1254,2005-03-22,9921,254000,14399800,57.4,57.4,56.1,57.1,-0.3,163
1255,2005-03-23,9921,244981,13841329,56.5,57.1,56.0,57.0,-0.1,156
1256,2005-03-24,9921,246105,13886054,57.4,57.4,56.2,56.2,-0.8,153
1257,2005-03-25,9921,145146,8172470,56.2,56.5,56.1,56.2,0.0,62
1258,2005-03-28,9921,126380,7123743,57.0,57.0,56.2,56.2,0.0,86
1259,2005-03-29,9921,177579,9894970,56.0,56.2,55.4,55.5,-0.7,109
1260,2005-03-30,9921,654585,35578719,55.0,55.5,53.8,53.8,-1.7,302
1261,2005-03-31,9921,839661,45100881,53.8,54.1,53.0,53.0,-0.8,398
1262,2005-04-01,9921,931447,49010568,53.1,53.3,51.8,52.5,-0.5,305
1263,2005-04-04,9921,738587,38385957,52.6,52.6,51.8,52.0,-0.5,196
1264,2005-04-06,9921,684905,35602820,52.3,52.3,51.7,52.0,0.0,259
1265,2005-04-07,9921,890863,46945046,52.0,53.7,51.9,53.4,1.4,422
1266,2005-04-08,9921,1241240,67818887,53.5,56.0,53.5,55.5,2.1,562
1267,2005-04-11,9921,794465,43810902,55.5,55.8,54.4,55.3,-0.2,270
1268,2005-04-12,9921,391049,21304015,55.2,55.2,54.1,54.3,-1.0,199
1269,2005-04-13,9921,453349,24287469,54.2,54.2,52.6,53.3,-1.0,242
1270,2005-04-14,9921,588520,31136073,52.9,55.0,52.5,55.0,1.7,303
1271,2005-04-15,9921,786250,42128278,54.0,54.1,53.2,53.8,-1.2,478
1272,2005-04-18,9921,483500,25748664,53.0,53.5,53.0,53.3,-0.5,243
1273,2005-04-19,9921,371000,19681900,53.0,53.2,52.9,53.2,-0.1,212
1274,2005-04-20,9921,263500,13935964,53.1,53.1,52.6,52.8,-0.4,164
1275,2005-04-21,9921,623001,32008552,50.0,52.8,50.0,52.0,-0.8,285
1276,2005-04-22,9921,675100,35430474,52.1,53.0,52.1,53.0,1.0,302
1277,2005-04-25,9921,331635,17518806,52.8,53.0,52.5,52.5,-0.5,173
1278,2005-04-26,9921,243000,12660927,51.5,52.3,51.5,52.1,-0.4,131
1279,2005-04-27,9921,440100,22902583,52.0,52.1,51.9,52.1,0.0,203
1280,2005-04-28,9921,373101,19532033,52.1,52.5,52.0,52.5,0.4,188
1281,2005-04-29,9921,495100,25387722,52.5,52.5,50.6,51.0,-1.5,228
1282,2005-05-03,9921,1196825,58544058,50.5,50.5,48.0,48.5,-2.5,513
1283,2005-05-04,9921,479100,23554175,47.7,50.0,47.7,49.5,1.0,281
1284,2005-05-05,9921,364350,18299386,49.5,50.5,49.5,50.0,0.5,220
1285,2005-05-09,9921,1156427,58961022,51.0,51.0,49.8,51.0,0.1,150
1286,2005-05-10,9921,1046038,52358777,51.0,51.0,49.9,49.9,-1.1,311
1287,2005-05-11,9921,566439,28195794,50.0,50.0,49.5,49.8,-0.1,247
1288,2005-05-12,9921,2716927,132453630,48.75,48.9,48.7,48.75,-1.05,274
1289,2005-05-13,9921,508150,24929775,48.45,49.5,48.1,49.5,0.75,281
1290,2005-05-16,9921,470563,22925275,49.0,49.4,48.5,48.5,-1.0,265
1291,2005-05-17,9921,133172,6477998,48.5,48.9,48.5,48.8,0.3,95
1292,2005-05-18,9921,1118100,54123355,48.6,48.9,48.0,48.15,-0.65,386
1293,2005-05-19,9921,670741,32322392,48.3,48.5,48.1,48.1,-0.05,308
1294,2005-05-20,9921,275447,13361085,48.1,49.2,48.0,48.9,0.8,204
1295,2005-05-23,9921,105400,5085958,48.4,48.4,48.2,48.2,-0.7,71
1296,2005-05-24,9921,267530,13061111,48.2,49.1,48.2,48.6,0.4,197
1297,2005-05-25,9921,390100,19197885,48.4,49.6,48.4,49.35,0.75,269
1298,2005-05-26,9921,1016401,50646038,49.35,50.3,49.3,50.3,0.95,536
1299,2005-05-27,9921,419600,20972973,50.5,50.5,49.35,49.8,-0.5,236
1300,2005-05-30,9921,210993,10513801,50.5,50.5,49.5,49.8,0.0,140
1301,2005-05-31,9921,1699000,86223600,50.0,51.3,49.8,51.0,1.2,327
1302,2005-06-01,9921,806095,40336357,50.7,50.9,49.1,49.95,-1.05,357
1303,2005-06-02,9921,676000,33828400,49.95,50.4,49.95,50.1,0.15,288
1304,2005-06-03,9921,456000,22749000,50.1,50.4,49.3,50.2,0.1,215
1305,2005-06-06,9921,481400,24058826,50.0,50.1,49.6,50.0,-0.2,215
1306,2005-06-07,9921,311000,15552450,50.0,50.2,49.95,50.0,0.0,133
1307,2005-06-08,9921,341000,17054050,50.5,50.5,49.95,50.0,0.0,126
1308,2005-06-09,9921,286009,14313547,50.0,50.3,50.0,50.0,0.0,160
1309,2005-06-10,9921,234001,11617849,50.1,50.1,49.3,49.35,-0.65,132
1310,2005-06-13,9921,334450,16475843,49.5,50.5,49.0,50.2,0.85,246
1311,2005-06-14,9921,321200,16341687,50.5,51.0,50.3,50.9,0.7,201
1312,2005-06-15,9921,640300,33225190,51.3,52.3,51.2,52.0,1.1,358
1313,2005-06-16,9921,273160,14325477,53.0,53.3,52.0,52.0,0.0,193
1314,2005-06-17,9921,424005,22091558,52.3,52.5,51.6,52.0,0.0,269
1315,2005-06-20,9921,260000,13527100,52.5,52.5,52.0,52.1,0.1,244
1316,2005-06-21,9921,110010,5738818,52.1,52.5,52.0,52.0,-0.1,74
1317,2005-06-22,9921,1241125,63907566,52.0,52.0,51.3,51.5,-0.5,489
1318,2005-06-23,9921,805000,41097700,51.5,51.5,50.3,50.8,-0.7,369
1319,2005-06-24,9921,1203021,60757860,51.3,51.3,50.1,50.3,-0.5,565
1320,2005-06-27,9921,1156000,57920800,50.2,50.2,50.0,50.0,-0.3,538
1321,2005-06-28,9921,1363000,68171400,50.0,50.7,50.0,50.7,0.7,502
1322,2005-06-29,9921,819000,42261400,51.0,52.0,51.0,51.7,1.0,235
1323,2005-06-30,9921,272399,13974324,51.7,51.8,51.0,51.1,-0.6,181
1324,2005-07-01,9921,256100,13159484,51.1,51.8,50.6,51.6,0.5,154
1325,2005-07-04,9921,259447,13497148,52.0,52.2,51.6,52.0,0.4,172
1326,2005-07-05,9921,309539,16257282,52.5,52.8,52.0,52.6,0.6,161
1327,2005-07-06,9921,939000,51017100,53.0,55.0,52.8,55.0,2.4,318
1328,2005-07-07,9921,217705,11877475,55.0,55.0,54.3,54.8,-0.2,136
1329,2005-07-08,9921,296026,16110936,52.5,54.9,52.5,54.4,-0.4,209
1330,2005-07-11,9921,962843,52781221,53.2,55.8,53.2,55.5,1.1,486
1331,2005-07-12,9921,616080,34131417,55.6,55.7,54.6,55.5,0.0,331
1332,2005-07-13,9921,678000,37903200,55.5,56.2,55.0,56.1,0.6,291
1333,2005-07-14,9921,736000,41885700,56.5,57.2,56.2,56.9,0.8,342
1334,2005-07-15,9921,1460000,83537800,57.3,57.6,56.6,56.6,-0.3,515
1335,2005-07-19,9921,772000,42065000,56.6,56.6,53.6,54.0,0.4,458
1336,2005-07-20,9921,848285,44999912,54.0,54.0,52.5,53.0,-1.0,392
1337,2005-07-21,9921,1065534,55049457,50.6,53.0,50.6,52.1,-0.9,369
1338,2005-07-22,9921,1434000,77586500,53.0,55.4,53.0,54.0,1.9,439
1339,2005-07-25,9921,330452,17765313,53.8,54.0,53.5,53.8,-0.2,238
1340,2005-07-26,9921,177109,9393634,53.3,53.6,52.2,52.8,-1.0,81
1341,2005-07-27,9921,435000,22685700,52.7,52.7,51.5,52.1,-0.7,253
1342,2005-07-28,9921,660977,34529937,52.1,52.5,52.0,52.5,0.4,222
1343,2005-07-29,9921,273451,14315425,52.5,52.6,52.1,52.3,-0.2,192
1344,2005-08-01,9921,119605,6257977,52.3,52.6,52.0,52.3,0.0,85
1345,2005-08-02,9921,152903,8093480,52.5,53.4,52.3,53.0,0.7,116
1346,2005-08-03,9921,830619,45270864,53.1,55.8,53.1,55.2,2.2,397
1347,2005-08-04,9921,348000,18792752,55.2,55.2,53.5,53.5,-1.7,220
1348,2005-08-08,9921,266230,14414642,53.5,55.5,53.5,54.0,0.5,102
1349,2005-08-09,9921,433496,24011848,54.0,56.0,54.0,55.5,1.5,241
1350,2005-08-10,9921,259200,14440644,55.6,56.0,55.0,55.5,0.0,127
1351,2005-08-11,9921,310555,17035046,55.5,55.5,54.5,54.9,-0.6,190
1352,2005-08-12,9921,272864,14984189,55.0,55.0,54.8,54.9,0.0,135
1353,2005-08-15,9921,140000,7552500,54.8,54.8,53.6,53.9,-1.0,122
1354,2005-08-16,9921,363535,19606731,53.8,54.2,53.6,53.9,0.0,156
1355,2005-08-17,9921,474044,25398259,53.8,53.9,53.2,53.4,-0.5,232
1356,2005-08-18,9921,550259,28816188,53.3,53.3,52.0,52.0,-1.4,240
1357,2005-08-19,9921,476892,24894028,52.1,52.7,52.0,52.5,0.5,222
1358,2005-08-22,9921,86311,4552672,53.3,53.3,52.1,52.6,0.1,67
1359,2005-08-23,9921,134129,7076576,52.7,53.2,52.6,52.9,0.3,94
1360,2005-08-24,9921,51380,2700928,53.0,53.2,52.0,53.2,0.3,50
1361,2005-08-25,9921,94487,5026075,53.2,53.4,53.0,53.4,0.2,76
1362,2005-08-26,9921,174000,9306100,53.0,53.7,53.0,53.5,0.1,98
1363,2005-08-29,9921,273677,14681889,53.5,53.9,53.5,53.8,0.3,162
1364,2005-08-30,9921,197240,10577547,53.9,54.0,53.4,53.4,-0.4,77
1365,2005-08-31,9921,149011,7978984,54.0,54.0,53.4,53.5,0.1,84
1366,2005-09-02,9921,337270,18217128,53.5,54.4,53.5,54.2,0.7,87
1367,2005-09-05,9921,551001,29859153,54.0,54.6,53.9,54.5,0.3,133
1368,2005-09-06,9921,159000,8724800,54.6,55.0,54.5,55.0,0.5,104
1369,2005-09-07,9921,306000,16848200,55.0,55.3,54.9,55.0,0.0,117
1370,2005-09-08,9921,221000,12171200,55.0,55.2,55.0,55.2,0.2,85
1371,2005-09-09,9921,1064002,58598241,55.2,55.2,55.0,55.1,-0.1,182
1372,2005-09-12,9921,120864,6651662,55.0,55.2,55.0,55.1,0.0,63
1373,2005-09-13,9921,157120,8661577,55.1,55.2,55.0,55.2,0.1,102
1374,2005-09-14,9921,91276,5029357,55.2,55.2,55.0,55.1,-0.1,49
1375,2005-09-15,9921,261724,14420489,55.1,55.2,55.0,55.1,0.0,154
1376,2005-09-16,9921,110036,6062690,55.1,55.1,55.1,55.1,0.0,90
1377,2005-09-19,9921,91200,5030763,55.1,55.2,55.1,55.1,0.0,42
1378,2005-09-20,9921,209432,11547698,55.1,55.2,55.0,55.1,0.0,148
1379,2005-09-21,9921,153000,8430300,55.1,55.1,55.1,55.1,0.0,80
1380,2005-09-22,9921,403100,22191782,55.1,55.2,54.1,55.1,0.0,209
1381,2005-09-26,9921,572566,31506611,55.0,55.2,54.8,55.1,-0.1,304
1382,2005-09-27,9921,373000,20550500,55.0,55.2,55.0,55.1,0.0,186
1383,2005-09-28,9921,270300,14888146,55.1,55.1,55.0,55.1,0.0,124
1384,2005-09-29,9921,2595000,143437800,55.0,56.9,55.0,56.1,1.0,394
1385,2005-09-30,9921,157000,8727500,55.1,55.8,55.1,55.8,-0.3,97
1386,2005-10-03,9921,107447,5991417,55.8,56.0,55.1,56.0,0.2,83
1387,2005-10-04,9921,364000,20264700,56.0,56.1,55.5,55.5,-0.5,139
1388,2005-10-05,9921,318291,17646968,55.5,55.6,55.0,55.5,0.0,165
1389,2005-10-06,9921,368616,19892814,54.9,54.9,53.3,54.9,-0.6,236
1390,2005-10-07,9921,173000,9517000,54.9,55.2,54.8,55.0,0.1,112
1391,2005-10-11,9921,96000,5298400,55.0,55.6,55.0,55.5,0.5,52
1392,2005-10-13,9921,158665,8784986,55.5,55.9,55.0,55.8,0.2,109
1393,2005-10-14,9921,331128,18530761,55.5,56.4,55.5,56.2,0.4,236
1394,2005-10-17,9921,268434,15126088,56.0,57.0,56.0,56.2,0.0,185
1395,2005-10-18,9921,144110,8112049,56.2,56.9,55.8,55.8,-0.4,116
1396,2005-10-19,9921,258657,14404694,55.8,56.0,55.2,55.2,-0.6,202
1397,2005-10-20,9921,646405,36895842,57.5,57.5,55.5,57.4,2.2,317
1398,2005-10-21,9921,362050,20949455,57.4,59.0,57.0,58.0,0.6,214
1399,2005-10-24,9921,242000,13867100,57.0,58.0,57.0,57.5,-0.5,190
1400,2005-10-25,9921,234000,13499200,57.0,58.0,57.0,57.7,0.2,134
1401,2005-10-26,9921,811000,48326200,57.7,61.7,57.7,61.7,4.0,367
1402,2005-10-27,9921,643200,38736592,61.7,61.7,58.0,60.0,-1.7,314
1403,2005-10-28,9921,1107899,63192969,58.0,59.5,56.0,57.0,-3.0,369
1404,2005-10-31,9921,601309,33608623,57.0,57.0,55.3,56.0,-1.0,358
1405,2005-11-01,9921,351196,19659121,56.0,56.1,55.5,55.5,-0.5,217
1406,2005-11-02,9921,195772,11156828,55.5,58.0,55.5,57.8,2.3,153
1407,2005-11-03,9921,164000,9357700,57.7,57.7,56.9,57.0,-0.8,98
1408,2005-11-04,9921,170960,9854340,57.0,58.5,57.0,58.5,1.5,107
1409,2005-11-07,9921,127431,7466483,58.5,59.0,58.0,59.0,0.5,93
1410,2005-11-08,9921,335040,19772448,59.4,59.4,58.9,59.0,0.0,231
1411,2005-11-09,9921,596000,35922900,59.0,61.0,59.0,61.0,2.0,321
1412,2005-11-10,9921,597620,36457425,61.0,61.5,60.8,61.0,0.0,215
1413,2005-11-11,9921,320150,19660503,61.3,61.9,60.8,61.5,0.5,134
1414,2005-11-14,9921,293269,18128459,61.8,62.0,61.6,61.8,0.3,158
1415,2005-11-15,9921,210101,12955110,61.8,62.0,60.6,61.5,-0.3,96
1416,2005-11-16,9921,136588,8348179,61.2,61.6,60.5,61.0,-0.5,96
1417,2005-11-17,9921,117000,7218600,62.0,62.0,60.7,61.5,0.5,73
1418,2005-11-18,9921,114200,7019938,62.0,62.0,60.9,61.5,0.0,62
1419,2005-11-21,9921,80100,4925019,61.5,61.5,61.2,61.5,0.0,38
1420,2005-11-22,9921,39100,2394119,61.5,61.5,60.8,61.3,-0.2,30
1421,2005-11-23,9921,87146,5330204,61.3,61.5,60.6,61.5,0.2,48
1422,2005-11-24,9921,82151,5021739,61.1,61.5,60.6,61.5,0.0,47
1423,2005-11-25,9921,107545,6522246,61.5,61.5,60.1,60.1,-1.4,71
1424,2005-11-28,9921,190000,11395200,60.0,60.1,59.8,60.1,0.0,114
1425,2005-11-29,9921,289104,17710891,60.1,61.5,60.1,61.2,1.1,166
1426,2005-11-30,9921,366100,22361689,62.0,62.0,60.5,61.0,-0.2,192
1427,2005-12-01,9921,437550,27093979,61.0,62.5,60.9,61.8,0.8,235
1428,2005-12-02,9921,526000,32522700,62.0,62.5,61.6,61.8,0.0,246
1429,2005-12-05,9921,338101,20987210,61.8,62.5,61.8,62.5,0.7,184
1430,2005-12-06,9921,282210,17981757,62.5,64.0,62.5,63.5,1.0,186
1431,2005-12-07,9921,276120,17421281,64.0,64.0,62.8,63.0,-0.5,139
1432,2005-12-08,9921,187100,11786967,63.0,63.9,62.5,63.0,0.0,104
1433,2005-12-09,9921,135200,8368335,63.0,63.0,61.2,62.0,-1.0,84
1434,2005-12-12,9921,52202,3261558,63.5,63.5,62.0,62.5,0.5,49
1435,2005-12-13,9921,185000,11492400,63.5,63.5,61.7,62.0,-0.5,85
1436,2005-12-14,9921,164100,10325868,62.5,63.4,61.7,63.0,1.0,91
1437,2005-12-15,9921,71351,4468199,62.2,62.8,62.2,62.8,-0.2,55
1438,2005-12-16,9921,629679,39665423,62.8,64.0,62.1,62.8,0.0,218
1439,2005-12-20,9921,196278,12438296,63.5,63.5,63.2,63.4,0.0,127
1440,2005-12-21,9921,234981,14865914,63.4,63.5,63.2,63.2,-0.2,156
1441,2005-12-22,9921,43648,2747104,63.1,63.1,62.5,63.0,-0.2,41
1442,2005-12-23,9921,245410,15315561,63.0,64.0,61.8,64.0,1.0,164
1443,2005-12-26,9921,40783,2602602,63.5,64.0,63.0,64.0,0.0,48
1444,2005-12-27,9921,23112,1469264,63.2,64.0,63.2,63.8,-0.2,28
1445,2005-12-28,9921,51828,3304873,63.8,64.0,63.0,64.0,0.2,48
1446,2005-12-29,9921,356884,22991076,64.0,64.6,64.0,64.6,0.6,127
1447,2005-12-30,9921,57087,3642370,64.5,64.5,63.0,63.5,-1.1,36
1448,2006-01-02,9921,154828,9607565,62.0,63.5,61.5,63.0,-0.5,75
1449,2006-01-03,9921,158674,9940659,62.8,63.4,61.5,63.2,0.2,113
1450,2006-01-04,9921,249678,15947845,63.3,64.5,63.3,64.5,1.3,160
1451,2006-01-05,9921,282293,18178375,64.6,65.0,62.8,64.8,0.3,149
1452,2006-01-06,9921,175291,11129933,64.9,64.9,62.5,63.5,-1.3,110
1453,2006-01-09,9921,233805,14757230,63.5,64.5,62.1,63.0,-0.5,140
1454,2006-01-10,9921,176431,11156853,62.9,63.7,62.1,63.7,0.7,114
1455,2006-01-11,9921,252442,16020046,63.5,63.9,63.0,63.7,0.0,177
1456,2006-01-12,9921,1044562,65611254,63.2,63.2,62.0,62.9,-0.8,175
1457,2006-01-13,9921,190670,11824105,62.1,62.3,61.8,62.0,-0.9,97
1458,2006-01-16,9921,349750,21305500,62.0,62.0,60.3,60.3,-1.7,201
1459,2006-01-17,9921,208211,12590860,60.3,60.9,60.3,60.6,0.3,134
1460,2006-01-18,9921,648239,38723347,61.0,61.1,58.9,59.5,-1.1,374
1461,2006-01-19,9921,1046116,60391512,58.6,59.0,56.7,57.1,-2.4,383
1462,2006-01-20,9921,144650,8426794,58.0,59.5,57.7,58.8,1.7,101
1463,2006-01-23,9921,158265,9349702,58.4,59.4,58.1,59.0,0.2,81
1464,2006-01-24,9921,247373,14779641,59.5,60.8,59.4,59.7,0.7,131
1465,2006-01-25,9921,323596,19494996,59.7,61.0,59.7,61.0,1.3,128
1466,2006-02-03,9921,487229,29951698,62.3,62.3,60.0,62.0,1.0,241
1467,2006-02-06,9921,348871,21427579,62.0,62.0,60.7,62.0,0.0,210
1468,2006-02-07,9921,377319,23374449,61.5,62.2,61.5,62.2,0.2,147
1469,2006-02-08,9921,41333,2565078,62.2,62.2,62.0,62.0,-0.2,32
1470,2006-02-09,9921,425821,26318308,62.1,62.2,60.3,62.0,0.0,235
1471,2006-02-10,9921,356625,21598981,61.7,61.7,60.3,61.7,-0.3,186
1472,2006-02-13,9921,254204,15365040,61.5,61.5,60.1,60.5,-1.2,123
1473,2006-02-14,9921,167089,10143829,60.5,61.5,60.2,61.5,1.0,112
1474,2006-02-15,9921,206431,12697291,61.5,61.8,61.4,61.5,0.0,97
1475,2006-02-16,9921,274699,17029788,62.1,62.1,61.5,62.0,0.5,95
1476,2006-02-17,9921,372449,23076567,62.0,62.0,61.6,61.9,-0.1,134
1477,2006-02-20,9921,222683,13798599,62.0,62.2,61.7,61.7,-0.2,92
1478,2006-02-21,9921,46345,2847606,61.8,62.0,61.1,61.1,-0.6,34
1479,2006-02-22,9921,171635,10597142,61.5,62.0,61.5,62.0,0.9,94
1480,2006-02-23,9921,271004,16431641,61.5,62.0,60.0,60.9,-1.1,127
1481,2006-02-24,9921,269370,16549555,60.0,61.9,60.0,61.9,1.0,108
1482,2006-02-27,9921,72975,4462685,61.5,61.9,60.5,61.0,-0.9,48
1483,2006-03-01,9921,409110,24579889,61.0,61.0,59.9,60.1,-0.9,186
1484,2006-03-02,9921,349731,20786529,60.3,60.3,58.5,59.6,-0.5,143
1485,2006-03-03,9921,223100,13127640,59.5,59.5,58.6,58.6,-1.0,165
1486,2006-03-06,9921,273989,15883169,58.5,58.6,57.7,57.8,-0.8,167
1487,2006-03-07,9921,422500,24365498,57.8,59.0,57.4,57.9,0.1,228
1488,2006-03-08,9921,159964,9364603,58.8,58.9,58.3,58.6,0.7,125
1489,2006-03-09,9921,45015,2625570,59.1,59.1,58.0,58.1,-0.5,35
1490,2006-03-10,9921,114130,6632050,58.1,58.3,58.0,58.1,0.0,70
1491,2006-03-13,9921,67246,3935268,59.0,59.0,58.3,58.5,0.4,26
1492,2006-03-14,9921,174537,10095029,58.5,58.5,57.1,57.6,-0.9,167
1493,2006-03-15,9921,94396,5456710,57.6,58.5,57.1,57.6,0.0,72
1494,2006-03-16,9921,145888,8330670,57.1,57.6,56.1,57.0,-0.6,110
1495,2006-03-17,9921,144601,8181776,57.0,57.0,56.5,56.7,-0.3,88
1496,2006-03-20,9921,263671,15195713,58.5,58.5,57.0,58.0,1.3,114
1497,2006-03-21,9921,134607,7816662,58.0,58.5,57.9,58.1,0.1,87
1498,2006-03-22,9921,216197,12234770,57.8,57.8,56.5,56.8,-1.3,165
1499,2006-03-23,9921,328823,18670899,56.8,57.5,56.5,57.0,0.2,186
1500,2006-03-24,9921,171739,9727305,57.0,57.0,56.4,56.5,-0.5,94
1501,2006-03-27,9921,300346,16948238,57.5,57.5,55.9,55.9,-0.6,161
1502,2006-03-28,9921,100700,5599219,55.9,55.9,55.5,55.6,-0.3,65
1503,2006-03-29,9921,369642,20572029,55.6,56.0,55.0,55.8,0.2,119
1504,2006-03-30,9921,918183,51823838,55.7,57.1,55.7,57.1,1.3,264
1505,2006-03-31,9921,583520,34232180,57.1,60.0,57.0,59.4,2.3,273
1506,2006-04-03,9921,111316,6521586,59.0,59.0,58.3,58.6,-0.8,61
1507,2006-04-04,9921,93355,5435290,58.6,58.6,58.0,58.0,-0.6,48
1508,2006-04-06,9921,273216,16269385,58.0,59.9,58.0,59.8,1.8,159
1509,2006-04-07,9921,403960,24373186,59.8,61.0,59.8,60.9,1.1,204
1510,2006-04-10,9921,253782,15466710,60.9,61.1,60.5,61.1,0.2,148
1511,2006-04-11,9921,57103,3454680,60.9,60.9,60.2,60.5,-0.6,59
1512,2006-04-12,9921,156707,9442266,58.2,60.5,58.2,60.0,-0.5,103
1513,2006-04-13,9921,338549,20405140,60.0,60.5,60.0,60.3,0.3,172
1514,2006-04-14,9921,350946,21236027,60.6,61.0,60.3,60.9,0.6,190
1515,2006-04-17,9921,2297894,142392668,61.4,62.2,61.4,62.2,1.3,429
1516,2006-04-18,9921,323083,19709795,62.5,62.5,60.0,60.7,-1.5,150
1517,2006-04-19,9921,480006,29645863,61.4,62.0,61.3,62.0,1.3,253
1518,2006-04-20,9921,730931,45160731,62.0,62.5,60.8,62.4,0.4,184
1519,2006-04-21,9921,1233028,75808408,60.2,62.3,60.2,61.5,-0.9,160
1520,2006-04-24,9921,74199,4527938,61.5,61.5,60.5,60.8,-0.7,37
1521,2006-04-25,9921,318754,19396363,60.8,61.5,60.6,60.8,0.0,139
1522,2006-04-26,9921,151280,9259435,61.0,61.8,60.1,61.7,0.9,93
1523,2006-04-27,9921,137305,8382289,61.7,61.7,60.8,60.8,-0.9,58
1524,2006-04-28,9921,132293,8038342,60.3,61.8,60.0,61.5,0.7,85
1525,2006-05-02,9921,211099,13004538,61.1,62.5,60.2,62.5,1.0,121
1526,2006-05-03,9921,261408,16077988,60.8,62.4,60.7,61.5,-1.0,165
1527,2006-05-04,9921,215255,13138527,61.5,61.5,60.6,61.1,-0.4,109
1528,2006-05-05,9921,299477,18296608,60.7,61.5,60.7,61.0,-0.1,177
1529,2006-05-08,9921,158457,9620720,61.0,61.3,60.3,60.5,-0.5,121
1530,2006-05-09,9921,357973,21601092,60.5,61.0,59.5,60.0,-0.5,193
1531,2006-05-11,9921,96099,5733641,59.5,60.0,59.2,59.5,-0.1,91
1532,2006-05-12,9921,1112968,64840948,59.5,59.5,57.5,58.2,-1.3,341
1533,2006-05-15,9921,1231050,69134450,58.0,58.0,55.0,55.0,-3.2,496
1534,2006-05-16,9921,1108377,60805966,58.0,58.0,53.5,54.0,-1.0,538
1535,2006-05-17,9921,442342,23594518,53.5,54.0,52.6,53.2,-0.8,226
1536,2006-05-18,9921,507429,27054337,53.0,54.7,52.8,53.3,0.1,305
1537,2006-05-19,9921,236792,12649968,53.5,54.3,53.0,54.0,0.7,129
1538,2006-05-22,9921,372469,19787978,54.5,54.5,52.5,52.5,-1.5,209
1539,2006-05-23,9921,447603,23253792,52.0,52.8,51.8,51.8,-0.7,182
1540,2006-05-24,9921,387381,20154672,53.4,53.4,51.5,52.0,0.2,161
1541,2006-05-25,9921,560769,29219369,52.5,53.1,51.5,51.5,-0.5,219
1542,2006-05-26,9921,87951,4567080,52.1,52.5,51.5,51.8,0.3,65
1543,2006-05-29,9921,210377,10905577,51.8,52.9,51.5,51.6,-0.2,121
1544,2006-05-30,9921,400211,20628245,51.6,52.3,51.0,51.6,0.0,205
1545,2006-06-01,9921,160405,8366395,52.5,52.5,51.7,52.0,0.4,93
1546,2006-06-02,9921,194191,10011679,52.0,52.3,51.3,51.3,-0.7,127
1547,2006-06-05,9921,521471,26844356,51.6,52.2,50.5,50.5,-0.8,263
1548,2006-06-06,9921,212270,10668362,50.8,51.5,50.0,51.0,0.5,144
1549,2006-06-07,9921,134425,6800034,51.5,51.5,50.1,50.2,-0.8,80
1550,2006-06-08,9921,462803,23104760,50.2,50.7,49.2,49.2,-1.0,207
1551,2006-06-09,9921,621125,30266249,50.5,50.5,48.5,48.9,-0.3,320
1552,2006-06-12,9921,806684,38440148,48.5,48.5,46.5,47.0,-1.9,285
1553,2006-06-13,9921,676477,31280195,47.0,47.0,46.0,46.05,-0.95,208
1554,2006-06-14,9921,213353,10096235,46.6,48.0,46.5,47.5,1.45,111
1555,2006-06-15,9921,266105,12926437,49.5,49.5,47.7,47.7,0.2,142
1556,2006-06-16,9921,698320,35288364,49.1,51.0,49.1,50.4,2.7,242
1557,2006-06-19,9921,402183,20784562,50.9,53.0,50.9,52.2,1.8,161
1558,2006-06-20,9921,590000,29802150,53.0,53.0,48.6,50.4,-1.8,302
1559,2006-06-21,9921,115223,5744888,50.2,50.4,49.5,49.7,-0.7,60
1560,2006-06-22,9921,115280,5869624,50.6,51.4,50.5,51.3,1.6,76
1561,2006-06-23,9921,166160,8256350,50.5,51.2,49.1,50.5,-0.8,111
1562,2006-06-26,9921,377002,18853049,50.5,50.6,49.8,50.0,-0.5,121
1563,2006-06-27,9921,402200,20117250,50.0,50.5,49.8,50.0,0.0,178
1564,2006-06-28,9921,385022,18980777,49.85,49.85,48.9,49.4,-0.6,154
1565,2006-06-29,9921,598685,30505428,50.5,51.4,50.5,51.2,1.8,291
1566,2006-06-30,9921,600145,31235124,52.0,53.0,51.4,52.4,1.2,338
1567,2006-07-03,9921,333068,17464448,53.0,53.0,52.2,52.4,0.0,160
1568,2006-07-04,9921,267553,14049356,52.5,52.9,52.3,52.5,0.1,135
1569,2006-07-05,9921,267100,13954250,52.5,52.7,51.0,51.5,-1.0,87
1570,2006-07-06,9921,450311,22903867,51.5,51.5,50.1,50.7,-0.8,129
1571,2006-07-07,9921,300112,15258967,50.7,52.0,50.2,52.0,1.3,107
1572,2006-07-10,9921,82939,4220713,50.6,51.9,50.3,51.0,-1.0,65
1573,2006-07-11,9921,34160,1744596,50.9,51.4,50.8,51.0,0.0,22
1574,2006-07-12,9921,170808,8810142,51.4,52.4,50.6,50.6,-0.4,109
1575,2006-07-13,9921,113513,5769811,50.6,51.6,50.2,50.8,0.2,77
1576,2006-07-14,9921,472201,23394077,50.2,50.2,49.0,49.2,-1.6,245
1577,2006-07-17,9921,181579,8813760,49.2,49.2,48.1,48.1,-1.1,100
1578,2006-07-18,9921,166100,8031330,48.5,48.8,48.0,48.2,0.1,131
1579,2006-07-19,9921,234561,11292578,48.2,48.7,47.15,47.15,-1.05,149
1580,2006-07-21,9921,53826,2618994,48.7,48.8,48.3,48.8,0.65,45
1581,2006-07-24,9921,153298,7421668,48.5,48.7,48.1,48.5,-0.3,78
1582,2006-07-25,9921,404000,19788300,48.5,49.2,48.5,48.8,0.3,157
1583,2006-07-26,9921,279300,13555200,48.8,48.8,48.4,48.5,-0.3,130
1584,2006-07-27,9921,414083,20344267,48.5,49.6,48.5,49.5,1.0,189
1585,2006-07-28,9921,208219,10211286,50.0,50.0,48.7,48.8,-0.7,97
1586,2006-07-31,9921,601186,29384442,49.7,49.95,48.7,48.8,0.0,190
1587,2006-08-01,9921,470159,23151713,49.8,49.8,49.0,49.3,0.5,208
1588,2006-08-02,9921,736672,36797800,49.8,50.8,49.55,50.3,1.0,306
1589,2006-08-03,9921,810811,38624692,48.3,48.3,47.3,47.8,0.0,362
1590,2006-08-04,9921,281076,13427109,47.9,47.9,47.5,47.75,-0.05,149
1591,2006-08-07,9921,127411,6043004,47.3,47.75,47.1,47.5,-0.25,77
1592,2006-08-08,9921,72200,3449540,47.5,48.0,47.5,47.95,0.45,46
1593,2006-08-09,9921,434177,21389471,47.95,51.0,47.95,50.3,2.35,204
1594,2006-08-10,9921,243170,12025162,50.2,50.2,49.05,49.25,-1.05,122
1595,2006-08-11,9921,201325,9817195,49.0,49.1,48.5,49.0,-0.25,103
1596,2006-08-14,9921,314141,15366616,49.0,49.15,48.8,48.85,-0.15,144
1597,2006-08-15,9921,72160,3508562,48.85,48.85,48.5,48.6,-0.25,36
1598,2006-08-16,9921,193806,9544962,49.5,49.5,48.6,49.3,0.7,119
1599,2006-08-17,9921,105724,5162940,48.7,49.2,48.6,48.8,-0.5,75
1600,2006-08-18,9921,351708,17420889,48.8,50.0,48.7,49.6,0.8,190
1601,2006-08-21,9921,224721,10995496,49.6,49.7,48.5,48.5,-1.1,144
1602,2006-08-22,9921,736324,35791927,48.6,49.2,48.4,48.75,0.25,260
1603,2006-08-23,9921,1104300,52188350,48.5,48.5,46.2,47.5,-1.25,312
1604,2006-08-24,9921,811476,38337422,47.5,47.65,47.0,47.3,-0.2,156
1605,2006-08-25,9921,189100,9052249,47.6,48.0,47.5,47.5,0.2,109
1606,2006-08-28,9921,315140,14806880,47.5,47.6,46.5,47.0,-0.5,96
1607,2006-08-29,9921,72800,3439438,47.0,47.6,46.8,47.6,0.6,65
1608,2006-08-30,9921,216616,10380001,47.7,48.5,47.7,47.85,0.25,77
1609,2006-08-31,9921,298868,14215898,48.0,48.5,46.55,46.55,-1.3,101
1610,2006-09-01,9921,146699,7068989,47.8,48.3,47.8,48.2,1.65,101
1611,2006-09-04,9921,508413,24992253,48.5,49.6,48.5,49.3,1.1,208
1612,2006-09-05,9921,456725,22911314,50.0,50.5,49.8,49.9,0.6,216
1613,2006-09-06,9921,447553,22358676,50.0,50.3,48.8,49.6,-0.3,183
1614,2006-09-07,9921,68463,3353587,49.4,49.4,48.7,48.9,-0.7,60
1615,2006-09-08,9921,289604,14407657,48.5,50.1,48.4,50.0,1.1,143
1616,2006-09-11,9921,216952,10896112,50.0,50.5,50.0,50.0,0.0,133
1617,2006-09-12,9921,116464,5796736,50.0,50.0,49.5,49.5,-0.5,65
1618,2006-09-13,9921,74683,3713176,49.1,50.0,49.1,50.0,0.5,48
1619,2006-09-14,9921,183250,9105860,50.0,50.2,49.5,49.85,-0.15,121
1620,2006-09-15,9921,79994,4005702,50.0,50.5,50.0,50.0,0.15,55
1621,2006-09-18,9921,400147,20469768,51.0,52.0,50.7,52.0,2.0,245
1622,2006-09-19,9921,113353,5856007,52.0,52.0,51.2,51.8,-0.2,73
1623,2006-09-20,9921,60400,3082660,51.2,51.3,50.8,50.9,-0.9,44
1624,2006-09-21,9921,288640,14793040,51.1,51.7,50.6,51.4,0.5,125
1625,2006-09-22,9921,50388,2559507,51.0,51.0,50.7,50.8,-0.6,33
1626,2006-09-25,9921,87720,4479659,50.8,51.7,50.5,51.0,0.2,65
1627,2006-09-26,9921,122425,6298217,51.1,51.7,51.1,51.6,0.6,85
1628,2006-09-27,9921,446919,23388154,52.1,52.5,51.8,52.4,0.8,216
1629,2006-09-28,9921,310134,16230152,52.5,52.9,51.0,52.4,0.0,168
1630,2006-10-02,9921,308676,16465394,52.3,54.0,52.3,53.5,1.5,168
1631,2006-10-03,9921,229312,12392091,54.5,54.5,53.9,54.0,0.5,109
1632,2006-10-04,9921,267811,14413556,54.2,54.6,52.9,52.9,-1.1,112
1633,2006-10-05,9921,163368,8820358,53.4,54.2,53.2,54.2,1.3,100
1634,2006-10-11,9921,563038,30993152,55.0,55.5,53.2,54.5,0.3,206
1635,2006-10-12,9921,67452,3655844,54.6,54.8,53.7,53.7,-0.8,59
1636,2006-10-13,9921,137365,7468815,54.0,54.8,53.7,54.8,1.1,87
1637,2006-10-16,9921,201979,10867578,54.4,54.5,53.3,53.7,-0.4,115
1638,2006-10-17,9921,104733,5627714,53.3,54.0,53.3,54.0,0.3,82
1639,2006-10-18,9921,102288,5547007,53.5,54.5,53.5,54.0,0.0,60
1640,2006-10-19,9921,177893,9518593,52.0,54.0,52.0,53.7,-0.3,145
1641,2006-10-23,9921,139032,7460500,53.7,53.8,53.6,53.6,-0.1,77
1642,2006-10-24,9921,271310,14663374,53.0,54.3,53.0,54.3,0.7,125
1643,2006-10-25,9921,106507,5745917,54.3,54.4,53.1,53.1,-1.2,68
1644,2006-10-26,9921,213555,11382248,53.2,53.9,53.0,53.0,-0.1,107
1645,2006-10-27,9921,89845,4753991,53.0,53.1,52.8,52.8,-0.2,43
1646,2006-10-30,9921,314746,16236692,52.5,52.7,51.2,51.2,-1.6,143
1647,2006-10-31,9921,47631,2457896,51.0,52.0,51.0,52.0,0.8,39
1648,2006-11-01,9921,623044,32184655,52.7,52.7,51.3,51.4,-0.6,190
1649,2006-11-02,9921,107628,5613543,52.0,52.6,51.8,52.5,1.1,97
1650,2006-11-03,9921,392928,20660743,52.6,52.9,52.2,52.6,0.1,243
1651,2006-11-06,9921,233373,12110009,52.2,52.6,51.6,51.8,-0.8,118
1652,2006-11-07,9921,353098,18118298,52.3,52.3,50.6,51.4,-0.4,228
1653,2006-11-08,9921,838193,42096749,51.4,51.5,49.9,50.2,-1.2,317
1654,2006-11-09,9921,250983,12604256,50.3,50.5,49.9,49.9,-0.3,165
1655,2006-11-10,9921,397985,19646563,50.0,50.0,49.0,49.05,-0.85,196
1656,2006-11-13,9921,127299,6347037,49.05,50.4,49.05,49.6,0.55,94
1657,2006-11-14,9921,293912,14918561,50.0,51.3,50.0,50.9,1.3,199
1658,2006-11-15,9921,400404,20709565,51.9,51.9,51.4,51.8,0.9,155
1659,2006-11-16,9921,383531,19748184,51.8,51.8,51.2,51.7,-0.1,128
1660,2006-11-17,9921,303547,15552867,51.2,51.7,50.8,50.8,-0.9,108
1661,2006-11-20,9921,485848,24312126,51.0,51.4,49.45,49.85,-0.95,221
1662,2006-11-21,9921,280869,14228769,49.55,51.5,49.55,51.4,1.55,158
1663,2006-11-22,9921,28505,1452952,50.8,51.2,50.8,51.1,-0.3,26
1664,2006-11-23,9921,179679,9189729,51.1,51.5,50.6,51.4,0.3,113
1665,2006-11-24,9921,440659,22576608,51.3,51.3,51.1,51.2,-0.2,74
1666,2006-11-27,9921,402036,20364110,51.2,51.5,50.2,50.5,-0.7,173
1667,2006-11-28,9921,635995,31834851,51.0,51.0,49.9,50.0,-0.5,251
1668,2006-11-29,9921,450807,22477343,50.0,50.0,49.6,49.95,-0.05,208
1669,2006-11-30,9921,504558,25211925,50.0,50.0,49.8,50.0,0.05,185
1670,2006-12-01,9921,540961,27516511,50.0,51.5,50.0,51.4,1.4,247
1671,2006-12-04,9921,990788,51375222,52.0,52.5,51.4,51.7,0.3,447
1672,2006-12-05,9921,1208859,60835650,52.0,52.0,49.8,50.5,-1.2,496
1673,2006-12-06,9921,368282,18668556,50.5,50.9,50.5,50.7,0.2,165
1674,2006-12-07,9921,284751,14413121,50.5,51.0,50.3,50.6,-0.1,145
1675,2006-12-08,9921,270319,13672050,50.6,51.0,50.4,50.5,-0.1,139
1676,2006-12-11,9921,162753,8315549,50.5,51.5,50.4,51.3,0.8,115
1677,2006-12-12,9921,196115,9975006,51.3,51.3,50.3,50.9,-0.4,126
1678,2006-12-13,9921,438740,22331864,51.3,51.3,50.5,50.9,0.0,229
1679,2006-12-14,9921,134257,6878464,51.5,51.6,51.0,51.0,0.1,84
1680,2006-12-15,9921,182112,9345588,51.1,51.5,50.9,51.3,0.3,112
1681,2006-12-18,9921,134255,6870949,51.4,51.4,50.9,51.2,-0.1,91
1682,2006-12-19,9921,152037,7745366,51.3,51.3,50.5,50.5,-0.7,98
1683,2006-12-20,9921,287741,14547394,50.5,51.0,50.4,50.5,0.0,133
1684,2006-12-21,9921,422861,21346879,50.5,50.6,50.3,50.5,0.0,96
1685,2006-12-22,9921,124300,6292050,50.6,50.8,50.5,50.8,0.3,100
1686,2006-12-25,9921,69646,3548414,50.6,51.3,50.6,51.1,0.3,51
1687,2006-12-26,9921,922472,48281819,51.6,54.0,51.1,53.3,2.2,466
1688,2006-12-27,9921,243723,12902957,53.0,53.6,52.6,52.8,-0.5,156
1689,2006-12-28,9921,345100,18207029,53.4,53.4,52.4,52.8,0.0,101
1690,2006-12-29,9921,460356,24540334,53.0,53.6,52.8,53.5,0.7,236
1691,2007-01-02,9921,409006,22153019,54.0,54.9,53.6,53.7,0.2,245
1692,2007-01-03,9921,301737,16257831,54.0,54.5,53.1,53.1,-0.6,161
1693,2007-01-04,9921,297438,15734250,52.7,53.2,52.7,52.9,-0.2,104
1694,2007-01-05,9921,609859,31389241,52.9,52.9,50.8,51.2,-1.7,285
1695,2007-01-08,9921,695560,35212079,51.0,51.5,50.4,50.5,-0.7,356
1696,2007-01-09,9921,341604,17521704,51.0,52.0,50.9,51.0,0.5,131
1697,2007-01-10,9921,849700,42934300,51.0,51.0,50.4,50.5,-0.5,259
1698,2007-01-11,9921,576536,29065051,50.5,50.6,50.2,50.5,0.0,205
1699,2007-01-12,9921,198631,10082738,51.0,51.0,50.5,50.5,0.0,89
1700,2007-01-15,9921,267949,13547543,50.6,50.8,50.4,50.5,0.0,112
1701,2007-01-16,9921,187136,9475211,51.0,51.0,50.5,50.5,0.0,103
1702,2007-01-17,9921,745287,37410350,50.5,50.5,50.0,50.2,-0.3,334
1703,2007-01-18,9921,178260,9024324,50.2,50.9,50.2,50.5,0.3,119
1704,2007-01-19,9921,769274,38510913,50.5,50.6,49.6,49.6,-0.9,324
1705,2007-01-22,9921,500182,25045564,49.95,50.5,49.9,50.4,0.8,211
1706,2007-01-23,9921,133590,6744694,50.5,50.7,50.3,50.5,0.1,88
1707,2007-01-24,9921,254544,12965888,51.0,51.1,50.6,51.1,0.6,175
1708,2007-01-25,9921,539009,27844259,51.9,51.9,51.1,51.1,0.0,233
1709,2007-01-26,9921,218563,11114162,51.0,51.2,50.6,50.6,-0.5,112
1710,2007-01-29,9921,628221,31527550,50.4,50.6,50.0,50.0,-0.6,233
1711,2007-01-30,9921,246828,12358091,50.0,50.5,50.0,50.0,0.0,131
1712,2007-01-31,9921,455868,22835167,50.5,50.5,50.0,50.2,0.2,225
1713,2007-02-01,9921,139240,6999440,50.2,50.5,50.1,50.1,-0.1,54
1714,2007-02-02,9921,230721,11622220,50.2,50.5,50.2,50.4,0.3,129
1715,2007-02-05,9921,133568,6727100,50.5,50.5,50.2,50.2,-0.2,89
1716,2007-02-06,9921,192047,9699550,50.4,50.8,50.3,50.4,0.2,98
1717,2007-02-07,9921,96760,4879003,50.4,50.6,50.3,50.4,0.0,51
1718,2007-02-08,9921,281803,14259769,50.5,50.8,50.4,50.7,0.3,168
1719,2007-02-09,9921,183350,9274775,50.2,50.8,50.2,50.8,0.1,123
1720,2007-02-12,9921,160600,8141438,50.8,50.8,50.5,50.7,-0.1,78
1721,2007-02-13,9921,210158,10633346,51.2,51.2,50.3,50.3,-0.4,105
1722,2007-02-14,9921,334762,16904378,50.4,50.9,50.1,50.9,0.6,124
1723,2007-02-26,9921,578203,29278650,51.2,51.4,50.4,50.4,-0.5,220
1724,2007-02-27,9921,728835,36739432,50.5,50.6,50.0,50.4,0.0,286
1725,2007-03-01,9921,1113079,55299133,49.7,50.4,49.5,49.6,-0.8,531
1726,2007-03-02,9921,459546,22916207,50.1,50.4,49.6,50.4,0.8,257
1727,2007-03-05,9921,712811,35638166,50.0,50.4,49.8,49.95,-0.15,345
1728,2007-03-06,9921,249105,12396710,50.5,50.5,49.5,49.85,-0.1,167
1729,2007-03-07,9921,316136,15742005,50.0,50.0,49.7,49.7,-0.15,228
1730,2007-03-08,9921,214146,10677627,50.0,50.2,49.7,50.2,0.5,110
1731,2007-03-09,9921,104789,5241163,50.2,50.2,49.95,50.0,-0.2,73
1732,2007-03-12,9921,137272,6861893,50.0,50.5,49.85,50.0,0.0,96
1733,2007-03-13,9921,105651,5268204,50.0,50.0,49.8,49.85,-0.15,71
1734,2007-03-14,9921,313276,15538186,49.9,49.9,49.45,49.9,0.05,210
1735,2007-03-15,9921,135700,6781000,49.9,50.1,49.9,50.0,0.1,101
1736,2007-03-16,9921,287055,14349800,50.0,50.2,49.85,49.95,-0.05,129
1737,2007-03-19,9921,336274,16837500,50.3,50.3,49.95,50.0,0.05,149
1738,2007-03-20,9921,740067,37325238,50.1,50.9,50.0,50.1,0.1,400
1739,2007-03-21,9921,169406,8531378,50.7,50.7,50.2,50.4,0.3,95
1740,2007-03-22,9921,1592181,81461034,50.8,51.8,50.8,51.7,1.3,727
1741,2007-03-23,9921,1387459,71955017,51.8,52.2,51.6,51.9,0.2,523
1742,2007-03-26,9921,644617,33480659,52.2,52.5,51.7,51.8,-0.1,327
1743,2007-03-27,9921,782629,40496452,52.0,52.0,51.1,51.1,-0.7,330
1744,2007-03-28,9921,374060,19066741,51.4,51.4,50.7,50.7,-0.4,146
1745,2007-03-29,9921,387998,19701595,50.7,51.1,50.5,50.7,0.0,114
1746,2007-03-30,9921,133814,6857414,51.5,51.5,50.9,51.3,0.6,85
1747,2007-04-02,9921,488718,25300860,51.3,52.0,51.3,51.6,0.3,245
1748,2007-04-03,9921,563534,29270946,51.7,52.1,51.5,51.8,0.2,191
1749,2007-04-04,9921,789421,40986004,52.4,52.4,51.7,52.2,0.4,261
1750,2007-04-09,9921,433945,22519276,52.4,52.4,51.6,51.6,-0.6,207
1751,2007-04-10,9921,346394,17946029,51.6,52.0,51.4,51.9,0.3,145
1752,2007-04-11,9921,458901,23878771,52.0,52.2,51.9,52.2,0.3,213
1753,2007-04-12,9921,751634,39440391,52.6,52.6,52.2,52.6,0.4,292
1754,2007-04-13,9921,964574,51123190,52.7,53.5,52.6,53.0,0.4,370
1755,2007-04-16,9921,997118,53444963,54.0,54.0,53.3,53.5,0.0,394
1756,2007-04-17,9921,601301,31973479,53.6,54.0,52.2,52.5,-1.0,263
1757,2007-04-19,9921,635555,32678248,52.0,52.0,51.2,51.2,-0.4,259
1758,2007-04-20,9921,276148,14183535,51.5,51.6,51.2,51.6,0.4,148
1759,2007-04-23,9921,214998,11182694,51.6,52.2,51.6,52.0,0.4,118
1760,2007-04-24,9921,419072,22003048,52.0,52.7,52.0,52.5,0.5,167
1761,2007-04-25,9921,1418193,76116260,52.5,54.8,52.5,54.1,1.6,582
1762,2007-04-26,9921,1580645,87124233,54.0,56.0,54.0,55.4,1.3,806
1763,2007-04-27,9921,1095012,60732761,56.0,56.0,54.5,55.6,0.2,660
1764,2007-04-30,9921,480870,26201165,55.8,55.9,53.5,54.3,-1.3,315
1765,2007-05-02,9921,1189286,66669516,54.5,57.0,54.5,56.3,2.0,612
1766,2007-05-03,9921,566900,31226258,55.2,56.0,54.7,54.7,-1.6,311
1767,2007-05-07,9921,444006,24239322,55.0,55.1,54.5,54.6,-0.3,196
1768,2007-05-08,9921,420026,22902904,54.8,54.8,54.5,54.5,-0.1,120
1769,2007-05-09,9921,463790,25343516,54.5,55.1,54.5,54.6,0.1,143
1770,2007-05-10,9921,224094,12316530,54.8,55.2,54.6,55.0,0.4,127
1771,2007-05-11,9921,335840,18327943,54.5,55.0,54.5,54.5,-0.5,140
1772,2007-05-14,9921,291576,15987173,55.0,55.5,54.5,54.7,0.2,167
1773,2007-05-15,9921,1225196,68213993,55.0,56.4,54.5,56.0,1.3,397
1774,2007-05-16,9921,457369,25688714,56.0,56.7,55.4,55.9,-0.1,208
1775,2007-05-17,9921,225787,12593941,56.0,56.3,55.6,55.6,-0.3,165
1776,2007-05-18,9921,204451,11342646,55.2,55.7,55.0,55.5,-0.1,132
1777,2007-05-21,9921,146660,8149160,55.5,55.9,55.3,55.5,0.0,95
1778,2007-05-22,9921,428446,23916253,56.0,56.0,55.5,55.7,0.2,251
1779,2007-05-23,9921,407237,22626356,56.0,56.0,55.4,55.4,-0.3,222
1780,2007-05-24,9921,285975,15700927,55.2,55.3,54.6,54.8,-0.6,164
1781,2007-05-25,9921,399225,21765127,54.5,55.0,54.3,54.3,-0.5,251
1782,2007-05-28,9921,1200066,63514581,54.3,54.5,51.2,52.4,-1.9,402
1783,2007-05-29,9921,511680,26814738,52.4,52.9,52.0,52.0,-0.4,244
1784,2007-05-30,9921,1328024,68700938,52.0,52.6,51.5,52.0,0.0,609
1785,2007-05-31,9921,4591519,232963551,51.6,52.6,50.0,50.0,-2.0,1246
1786,2007-06-01,9921,1875797,95782547,50.9,51.4,50.8,51.2,1.2,574
1787,2007-06-04,9921,508936,26250584,51.8,51.8,51.3,51.7,0.5,219
1788,2007-06-05,9921,569762,29430488,51.7,52.0,51.5,51.7,0.0,243
1789,2007-06-06,9921,739284,38141623,51.7,51.9,51.3,51.7,0.0,306
1790,2007-06-07,9921,429907,22224779,51.7,51.9,51.5,51.8,0.1,163
1791,2007-06-08,9921,284047,14684827,52.0,52.0,51.5,51.7,-0.1,142
1792,2007-06-11,9921,687861,35668785,51.8,52.3,51.7,52.3,0.6,276
1793,2007-06-12,9921,2105116,110037632,52.5,52.5,52.1,52.2,-0.1,492
1794,2007-06-13,9921,266525,13916203,52.2,52.5,52.0,52.2,0.0,121
1795,2007-06-14,9921,562450,29274710,52.4,52.5,51.9,52.0,-0.2,197
1796,2007-06-15,9921,653135,34003703,52.2,52.4,51.9,52.3,0.3,240
1797,2007-06-20,9921,1591101,84413731,52.8,53.5,52.3,53.2,0.9,502
1798,2007-06-21,9921,751451,39883475,53.5,53.9,52.5,52.8,-0.4,322
1799,2007-06-22,9921,1265285,66653259,52.5,53.6,52.4,53.6,0.8,486
1800,2007-06-25,9921,1888157,102212712,54.0,54.8,53.8,54.0,0.4,615
1801,2007-06-26,9921,8177734,457144687,55.0,57.0,54.5,57.0,3.0,1991
1802,2007-06-27,9921,16619960,997730300,57.7,60.9,57.7,60.2,3.2,2648
1803,2007-06-28,9921,7140761,426430425,60.2,61.0,59.1,60.2,0.0,1683
1804,2007-06-29,9921,8799167,533896095,61.4,61.6,60.0,60.3,0.1,2433
1805,2007-07-02,9921,4254189,256930428,60.6,61.1,59.6,60.5,0.2,1255
1806,2007-07-03,9921,9480236,591434968,61.5,63.7,60.8,63.2,2.7,2705
1807,2007-07-04,9921,12811027,850842297,64.8,67.6,64.5,67.5,4.3,4629
1808,2007-07-05,9921,5907692,393409933,67.5,67.5,65.0,66.6,-0.9,2382
1809,2007-07-06,9921,6081436,406597153,66.6,68.0,65.8,66.6,0.0,2005
1810,2007-07-09,9921,4400330,294917573,67.0,67.6,66.6,67.0,0.4,1548
1811,2007-07-10,9921,4978857,336321650,67.0,68.5,66.8,68.0,1.0,1467
1812,2007-07-11,9921,6868659,477970872,68.0,72.0,67.2,68.5,0.5,2256
1813,2007-07-12,9921,3531982,243780362,69.5,70.4,68.0,68.6,0.1,1425
1814,2007-07-13,9921,3115675,213721125,69.5,69.6,68.0,68.5,-0.1,1112
1815,2007-07-17,9921,2252059,154596012,68.8,69.6,67.9,68.4,-0.4,948
1816,2007-07-18,9921,2270863,156851884,68.5,69.6,68.4,68.5,0.1,952
1817,2007-07-19,9921,2872893,200413399,69.0,71.0,68.8,69.7,1.2,1176
1818,2007-07-20,9921,2026462,139710216,70.0,70.2,68.0,69.3,-0.4,798
1819,2007-07-23,9921,2250318,154834980,69.0,69.6,68.3,68.5,-0.8,794
1820,2007-07-24,9921,5171206,360166820,68.8,70.5,68.8,70.3,1.8,1590
1821,2007-07-25,9921,7702334,554247134,70.0,73.8,69.5,73.3,3.0,2579
1822,2007-07-26,9921,4975440,363182440,74.8,74.8,72.0,72.0,-1.3,2022
1823,2007-07-27,9921,3703865,266287455,71.0,73.6,70.5,71.7,-0.3,1518
1824,2007-07-30,9921,2208120,158439081,72.5,72.9,70.8,71.2,-0.5,966
1825,2007-07-31,9921,4584424,336760259,72.8,75.0,71.5,74.3,3.1,1872
1826,2007-08-01,9921,6245712,472236729,73.5,77.8,73.3,74.0,-0.3,2328
1827,2007-08-02,9921,5584228,397566160,74.5,75.5,68.9,70.9,-3.1,2162
1828,2007-08-03,9921,2657887,187642110,71.0,71.8,69.5,70.2,-0.7,1007
1829,2007-08-06,9921,2554991,176197479,69.0,70.2,68.1,69.2,-1.0,1116
1830,2007-08-07,9921,3936196,276132834,70.0,71.0,68.5,70.3,1.1,1466
1831,2007-08-08,9921,3695700,254242757,68.4,69.8,67.5,68.7,0.0,1533
1832,2007-08-09,9921,4247754,304968856,71.5,73.0,69.7,71.2,2.5,1796
1833,2007-08-10,9921,7862870,581488276,69.2,76.0,69.0,75.0,3.8,3467
1834,2007-08-13,9921,9702436,756660586,75.9,80.0,75.1,77.6,2.6,3716
1835,2007-08-14,9921,4372892,335771452,77.8,79.0,75.0,75.0,-2.6,2093
1836,2007-08-15,9921,5115637,370660327,74.0,75.4,69.8,70.0,-5.0,2348
1837,2007-08-16,9921,4947897,326280099,68.5,68.7,65.1,65.1,-4.9,1941
1838,2007-08-17,9921,3281910,208831040,65.2,66.2,61.0,64.0,-1.1,1460
1839,2007-08-20,9921,3170208,216187626,68.3,68.4,67.3,68.4,4.4,1100
1840,2007-08-21,9921,8197955,592003406,70.1,73.1,69.4,71.5,3.1,2749
1841,2007-08-22,9921,3189787,229580546,72.1,72.9,70.5,72.2,0.7,1463
1842,2007-08-23,9921,4019620,294580884,74.4,74.5,72.0,72.8,0.6,1590
1843,2007-08-24,9921,1462169,105372868,72.1,72.7,71.6,71.8,-1.0,775
1844,2007-08-27,9921,6004377,459761349,76.0,76.8,75.2,76.8,5.0,1634
1845,2007-08-28,9921,7329693,564037261,77.6,78.3,74.5,77.3,0.5,3061
1846,2007-08-29,9921,4629442,352601852,76.2,77.6,74.8,77.6,0.3,2155
1847,2007-08-30,9921,6619377,523346203,79.0,80.7,77.6,77.6,0.0,3010
1848,2007-08-31,9921,4523885,359270271,78.0,80.5,77.8,79.0,1.4,2020
1849,2007-09-03,9921,8729917,723392835,80.5,84.5,80.1,82.0,3.0,3338
1850,2007-09-04,9921,6435851,509537014,82.5,83.5,77.8,78.4,-3.6,2869
1851,2007-09-05,9921,3011500,235480800,78.4,79.0,76.6,79.0,0.6,1573
1852,2007-09-06,9921,2560696,201225535,78.0,79.4,77.0,78.5,-0.5,1203
1853,2007-09-07,9921,2170463,171319787,79.3,79.5,78.3,78.6,0.1,1061
1854,2007-09-10,9921,1721025,136905475,77.5,80.6,77.5,79.6,1.0,977
1855,2007-09-11,9921,2244610,180207190,80.3,81.3,79.2,79.2,-0.4,1103
1856,2007-09-12,9921,1731072,137320044,79.5,80.3,78.5,79.0,-0.2,859
1857,2007-09-13,9921,1722353,134270581,79.0,79.5,77.1,77.6,-1.4,833
1858,2007-09-14,9921,1172510,91620580,78.0,78.6,77.5,78.5,0.9,559
1859,2007-09-17,9921,2667161,212529547,78.5,80.6,78.1,79.7,1.2,1235
1860,2007-09-19,9921,2349212,188399774,81.0,81.2,79.7,80.1,0.4,1007
1861,2007-09-20,9921,3140633,250742323,81.0,81.0,78.5,80.0,-0.1,1010
1862,2007-09-26,9921,5753225,488829114,84.0,86.5,83.2,83.5,1.0,2205
1863,2007-09-27,9921,2056063,171452581,83.9,84.5,82.7,82.8,-0.7,965
1864,2007-09-28,9921,2640311,220912024,82.9,84.8,82.5,84.8,2.0,1115
1865,2007-10-01,9921,2200050,185017372,84.0,85.2,82.9,84.0,0.3,971
1866,2007-10-02,9921,2326865,192453765,85.5,85.5,81.2,81.2,-2.8,1084
1867,2007-10-03,9921,3425595,281049420,81.0,83.5,80.5,82.4,1.2,1315
1868,2007-10-04,9921,2018479,163451761,83.2,83.2,80.0,80.1,-2.3,1060
1869,2007-10-05,9921,1252902,100615509,80.0,81.0,79.8,81.0,0.9,683
1870,2007-10-08,9921,888436,72067044,81.8,81.9,80.6,80.6,-0.4,483
1871,2007-10-09,9921,1057845,85120245,81.0,81.2,79.5,81.1,0.5,497
1872,2007-10-11,9921,2527692,201194810,81.0,81.1,78.6,80.4,-0.7,1165
1873,2007-10-12,9921,2559355,205558300,80.4,81.0,79.5,80.4,0.0,1050
1874,2007-10-15,9921,2206629,172167442,80.4,80.5,76.9,78.0,-2.4,1183
1875,2007-10-16,9921,1217497,93836266,77.0,77.8,76.0,77.0,-1.0,625
1876,2007-10-17,9921,1430323,110984472,77.0,79.0,76.5,76.6,-0.4,671
1877,2007-10-18,9921,2295124,173847484,77.0,77.0,75.0,76.2,-0.4,1233
1878,2007-10-19,9921,1872441,142816316,76.2,76.9,75.7,76.0,-0.2,688
1879,2007-10-22,9921,1698259,126952225,74.8,75.9,73.6,73.8,-2.2,737
1880,2007-10-23,9921,711417,53502544,74.8,75.8,74.3,75.8,2.0,451
1881,2007-10-24,9921,2016373,155555096,76.7,78.0,76.0,76.4,0.6,839
1882,2007-10-25,9921,1452062,110011498,76.6,76.9,74.5,75.7,-0.7,782
1883,2007-10-26,9921,1208879,90793597,75.9,75.9,74.3,75.6,-0.1,656
1884,2007-10-29,9921,5215730,413311010,77.4,80.7,76.7,79.5,3.9,2100
1885,2007-10-30,9921,2710159,215034421,80.2,80.2,78.6,78.9,-0.6,1086
1886,2007-10-31,9921,1625405,125986185,79.3,79.7,76.5,76.7,-2.2,839
1887,2007-11-01,9921,1931529,148274697,77.0,78.0,76.0,76.5,-0.2,839
1888,2007-11-02,9921,2932337,226306912,75.0,78.1,74.8,76.6,0.1,1144
1889,2007-11-05,9921,1573619,122997356,77.9,80.0,76.8,79.7,3.1,786
1890,2007-11-06,9921,869731,68649081,80.5,80.5,78.0,78.5,-1.2,465
1891,2007-11-07,9921,1089401,86269615,79.3,79.7,78.5,78.5,0.0,524
1892,2007-11-08,9921,1655594,126720740,77.5,77.8,75.9,76.5,-2.0,713
1893,2007-11-09,9921,1248689,96619197,76.5,78.8,76.0,78.0,1.5,645
1894,2007-11-12,9921,1155210,89342680,77.7,78.2,76.0,78.0,0.0,612
1895,2007-11-13,9921,1250911,96100900,79.0,79.0,75.8,77.5,-0.5,609
1896,2007-11-14,9921,1389704,108423240,78.5,78.9,77.1,77.9,0.4,704
1897,2007-11-15,9921,1329024,104532472,78.5,79.1,77.5,78.3,0.4,712
1898,2007-11-16,9921,518200,40024879,77.5,77.9,76.5,77.9,-0.4,268
1899,2007-11-19,9921,549255,42400230,76.8,78.4,76.6,76.6,-1.3,299
1900,2007-11-20,9921,1637617,120165066,75.1,76.0,71.3,74.5,-2.1,746
1901,2007-11-21,9921,660259,49075834,74.9,75.0,73.4,73.5,-1.0,422
1902,2007-11-22,9921,1042179,75509438,73.0,73.3,71.0,72.3,-1.2,424
1903,2007-11-23,9921,1145322,80399798,71.5,73.0,68.3,68.3,-4.0,610
1904,2007-11-26,9921,1291905,88621534,68.5,69.3,68.0,69.0,0.7,598
1905,2007-11-27,9921,1663976,109617002,68.5,68.5,64.2,66.4,-2.6,741
1906,2007-11-29,9921,1048578,74326905,70.0,72.0,69.4,71.0,2.8,751
1907,2007-11-30,9921,2341837,172864007,72.9,75.9,71.6,75.9,4.9,818
1908,2007-12-03,9921,504694,37811774,75.9,75.9,74.5,74.7,-1.2,325
1909,2007-12-04,9921,1480971,112597183,74.4,77.2,74.3,76.5,1.8,786
1910,2007-12-05,9921,798645,60600925,76.0,76.9,75.1,75.7,-0.8,464
1911,2007-12-06,9921,966316,74065546,76.0,77.7,75.7,75.8,0.1,516
1912,2007-12-07,9921,513663,39307553,76.5,76.9,76.1,76.6,0.8,288
1913,2007-12-10,9921,422250,32244373,75.8,76.7,75.7,76.2,-0.4,241
1914,2007-12-11,9921,828280,62839708,77.0,77.0,75.7,75.7,-0.5,290
1915,2007-12-12,9921,950467,72262424,75.2,76.8,74.8,76.5,0.8,409
1916,2007-12-13,9921,728356,54119809,76.5,76.5,72.5,72.5,-4.0,421
1917,2007-12-14,9921,787234,55984814,72.2,72.6,69.0,71.0,-1.5,421
1918,2007-12-17,9921,1857500,125655750,68.5,71.0,66.4,66.6,-4.4,902
1919,2007-12-18,9921,650270,43201851,66.0,68.3,64.6,67.1,0.5,383
1920,2007-12-19,9921,540117,37136690,68.0,69.9,67.6,69.1,2.0,346
1921,2007-12-20,9921,551121,36987036,69.5,69.5,66.0,66.0,-3.1,328
1922,2007-12-21,9921,581810,38810811,66.0,67.5,66.0,67.3,1.3,281
1923,2007-12-24,9921,522015,35885535,68.0,69.5,67.8,69.2,1.9,276
1924,2007-12-25,9921,404444,27789758,69.2,69.4,68.0,69.1,-0.1,222
1925,2007-12-26,9921,362653,25174750,69.4,70.0,68.5,69.7,0.6,232
1926,2007-12-27,9921,648201,45318850,69.0,70.4,69.0,70.0,0.3,373
1927,2007-12-28,9921,730939,51645704,70.0,71.8,69.5,71.8,1.8,395
1928,2007-12-31,9921,386471,27824604,72.7,72.7,71.2,72.6,0.8,252
1929,2008-01-02,9921,396168,28634861,72.6,73.0,71.0,71.0,-1.6,242
1930,2008-01-03,9921,250430,17341230,69.5,70.3,68.0,69.3,-1.7,174
1931,2008-01-04,9921,329914,22801455,68.0,69.7,68.0,69.1,-0.2,226
1932,2008-01-07,9921,800350,55256250,68.0,69.8,68.0,69.1,0.0,426
1933,2008-01-08,9921,649093,45702117,69.4,71.4,69.0,70.8,1.7,347
1934,2008-01-09,9921,364437,25631482,69.5,71.2,69.0,70.6,-0.2,235
1935,2008-01-10,9921,515205,37035598,71.6,72.7,71.0,71.5,0.9,338
1936,2008-01-11,9921,1159312,83469094,72.5,73.0,70.5,72.5,1.0,551
1937,2008-01-14,9921,771341,56456923,74.5,75.0,72.0,73.0,0.5,417
1938,2008-01-15,9921,2779924,211963500,73.2,77.7,73.2,75.6,2.6,1144
1939,2008-01-16,9921,1056629,78638831,73.7,75.4,73.5,73.9,-1.7,552
1940,2008-01-17,9921,1402495,103365034,73.0,75.5,72.5,72.7,-1.2,572
1941,2008-01-18,9921,294050,21227265,72.0,73.3,71.3,73.3,0.6,170
1942,2008-01-21,9921,628010,45061133,72.5,73.0,71.0,71.0,-2.3,276
1943,2008-01-22,9921,932150,62508685,66.2,69.7,66.2,66.2,-4.8,541
1944,2008-01-23,9921,777200,51984019,67.2,68.0,66.2,67.5,1.3,367
1945,2008-01-24,9921,432623,29354664,69.3,69.3,67.0,68.0,0.5,232
1946,2008-01-25,9921,619225,42417336,68.8,69.2,67.8,69.0,1.0,363
1947,2008-01-28,9921,438860,29666045,68.0,68.4,66.8,66.8,-2.2,261
1948,2008-01-29,9921,2015200,130285760,65.3,66.9,62.7,66.8,0.0,828
1949,2008-01-30,9921,765582,49651462,67.0,67.0,62.9,64.9,-1.9,415
1950,2008-01-31,9921,1182070,75235720,64.9,65.0,62.5,65.0,0.1,483
1951,2008-02-01,9921,907250,59329799,65.0,66.5,64.3,65.5,0.5,426
1952,2008-02-12,9921,225520,14696559,65.0,65.5,64.8,65.5,0.0,151
1953,2008-02-13,9921,283001,18532768,65.5,66.5,65.0,65.0,-0.5,168
1954,2008-02-14,9921,590150,39635779,65.8,68.8,65.8,68.8,3.8,359
1955,2008-02-15,9921,1256174,87467180,68.3,70.5,67.8,69.6,0.8,576
1956,2008-02-18,9921,645218,44315807,69.6,69.6,67.6,68.4,-1.2,321
1957,2008-02-19,9921,895100,61321830,69.0,69.3,67.9,69.0,0.6,552
1958,2008-02-20,9921,526836,36352613,69.0,69.5,68.4,68.6,-0.4,282
1959,2008-02-21,9921,543423,37329459,69.1,69.5,68.3,68.6,0.0,389
1960,2008-02-22,9921,511002,34406541,68.0,68.5,66.7,68.3,-0.3,329
1961,2008-02-25,9921,1835567,129699024,68.3,72.6,68.3,72.5,4.2,880
1962,2008-02-26,9921,1420889,102164251,73.0,73.4,70.5,70.6,-1.9,618
1963,2008-02-27,9921,1296168,91288260,70.6,71.3,69.9,70.0,-0.6,543
1964,2008-02-29,9921,492644,34531641,69.5,70.5,69.0,70.1,0.1,286
1965,2008-03-03,9921,529660,36651369,68.1,69.7,68.1,69.5,-0.6,313
1966,2008-03-04,9921,1242073,87657283,69.5,71.3,69.5,71.2,1.7,635
1967,2008-03-05,9921,2169315,159467388,72.1,75.0,71.2,74.0,2.8,1139
1968,2008-03-06,9921,2991570,227685106,74.8,77.2,74.5,75.2,1.2,1252
1969,2008-03-07,9921,675100,50323200,74.0,75.5,74.0,74.1,-1.1,393
1970,2008-03-10,9921,1474566,111940970,74.1,77.0,74.0,74.2,0.1,846
1971,2008-03-11,9921,2032455,155318767,74.2,77.1,74.2,76.5,2.3,1004
1972,2008-03-12,9921,1956272,152055804,78.0,78.5,76.6,77.1,0.6,1002
1973,2008-03-13,9921,1231400,94473220,77.6,78.0,75.2,75.5,-1.6,816
1974,2008-03-14,9921,615005,46982477,76.7,77.0,75.7,75.7,0.2,395
1975,2008-03-17,9921,496527,36809498,75.0,75.7,73.0,73.5,-2.2,282
1976,2008-03-18,9921,1051416,75975390,74.0,74.0,70.6,72.6,-0.9,450
1977,2008-03-19,9921,624014,46236539,73.5,74.7,73.1,74.4,1.8,311
1978,2008-03-20,9921,1049209,78610684,74.5,76.5,73.4,76.2,1.8,565
1979,2008-03-21,9921,1403840,106623386,76.6,76.9,75.0,75.0,-1.2,830
1980,2008-03-24,9921,1712025,132208641,79.5,79.5,75.8,77.7,2.7,755
1981,2008-03-25,9921,1035303,79683976,78.5,78.5,76.2,76.3,-1.4,486
1982,2008-03-27,9921,699340,53307140,76.2,76.8,75.2,76.2,0.0,294
1983,2008-03-28,9921,470020,35923620,76.4,76.8,76.1,76.3,0.1,204
1984,2008-03-31,9921,448234,34277552,77.0,77.0,76.3,76.5,0.2,250
1985,2008-04-01,9921,1104612,83563437,76.5,76.5,74.8,75.1,-1.4,417
1986,2008-04-02,9921,569530,43233725,76.0,76.5,75.5,75.9,0.8,217
1987,2008-04-03,9921,655454,49305230,76.3,76.3,74.8,75.4,-0.5,290
1988,2008-04-07,9921,1261660,97456777,75.0,78.4,75.0,77.9,2.5,608
1989,2008-04-08,9921,546950,42452227,78.5,78.5,77.1,77.6,-0.3,245
1990,2008-04-09,9921,434657,33739689,78.0,78.0,77.0,77.5,-0.1,238
1991,2008-04-10,9921,299866,23181235,77.5,77.8,76.9,77.1,-0.4,176
1992,2008-04-14,9921,1546334,118282184,77.0,77.5,75.9,76.5,-0.5,648
1993,2008-04-15,9921,591760,45302910,76.0,77.6,76.0,77.0,0.5,261
1994,2008-04-16,9921,989738,76507919,77.0,77.8,77.0,77.5,0.5,350
1995,2008-04-17,9921,1483220,116756080,78.0,79.8,78.0,78.4,0.9,704
1996,2008-04-18,9921,606504,47896109,78.5,79.3,78.4,79.1,0.7,324
1997,2008-04-21,9921,3070360,253739296,79.4,84.0,79.4,83.0,3.9,1462
1998,2008-04-22,9921,1601825,133469759,84.1,84.1,82.5,83.0,0.0,643
1999,2008-04-23,9921,632447,52107096,83.0,83.4,81.6,83.0,0.0,314
2000,2008-04-24,9921,400531,33170142,83.9,83.9,82.3,82.4,-0.6,266
2001,2008-04-25,9921,703376,58099368,82.5,83.0,82.1,82.1,-0.3,286
2002,2008-04-28,9921,470922,38316040,82.1,82.5,80.2,81.5,-0.6,273
2003,2008-04-29,9921,2399056,189920755,81.0,81.0,77.0,78.9,-2.6,1044
2004,2008-04-30,9921,1179279,93065113,78.7,79.2,78.4,78.9,0.0,403
2005,2008-05-02,9921,778410,62429000,80.0,80.9,79.7,80.5,1.6,473
2006,2008-05-05,9921,871186,69976680,81.7,81.7,79.6,80.5,0.0,384
2007,2008-05-06,9921,671608,54074020,81.5,81.5,79.9,80.8,0.3,395
2008,2008-05-07,9921,1335025,109557261,81.2,82.8,80.8,82.7,1.9,730
2009,2008-05-08,9921,760700,62650659,81.0,83.0,81.0,82.8,0.1,422
2010,2008-05-09,9921,392835,32424650,83.5,83.5,81.8,82.1,-0.7,230
2011,2008-05-12,9921,1353352,113193916,83.0,84.4,82.5,83.3,1.2,613
2012,2008-05-13,9921,715256,58764265,83.0,83.0,81.5,82.0,-1.3,380
2013,2008-05-14,9921,584834,48182921,82.0,83.0,82.0,82.4,0.4,286
2014,2008-05-15,9921,473584,39469053,83.0,83.7,83.0,83.3,0.9,283
2015,2008-05-16,9921,973465,81575595,83.8,84.6,83.0,83.0,-0.3,537
2016,2008-05-19,9921,742306,62281011,83.5,84.2,83.1,84.2,1.2,425
2017,2008-05-20,9921,888510,74529136,84.4,84.7,82.5,83.0,-1.2,475
2018,2008-05-21,9921,789123,65103932,83.0,84.0,81.8,84.0,1.0,458
2019,2008-05-22,9921,776679,64680824,84.3,84.3,82.6,83.5,-0.5,424
2020,2008-05-23,9921,1585278,134229552,83.5,85.5,83.4,83.4,-0.1,835
2021,2008-05-26,9921,5236775,464875220,84.5,89.2,84.0,89.2,5.8,1667
2022,2008-05-27,9921,3852719,339046810,90.3,91.0,86.1,87.9,-1.3,1540
2023,2008-05-28,9921,2001985,174142599,87.9,88.0,86.2,87.0,-0.9,914
2024,2008-05-29,9921,964416,83361358,87.5,87.7,85.8,86.5,-0.5,582
2025,2008-05-30,9921,1520158,131960918,87.0,88.1,86.0,86.0,-0.5,730
2026,2008-06-02,9921,3011855,271981290,87.0,92.0,87.0,90.0,4.0,1314
2027,2008-06-03,9921,2106392,190887626,90.0,91.5,89.3,89.5,-0.5,909
2028,2008-06-04,9921,1338564,117666468,89.2,89.5,87.2,87.6,-1.9,733
2029,2008-06-05,9921,1012541,87943217,87.6,88.8,86.4,87.1,-0.5,601
2030,2008-06-06,9921,783545,69053039,88.0,88.8,87.1,87.6,0.5,469
2031,2008-06-09,9921,2440400,220286817,87.9,91.0,87.7,89.2,1.6,1230
2032,2008-06-10,9921,2414600,216923579,89.1,90.8,87.7,90.2,1.0,1012
2033,2008-06-11,9921,2851254,242931038,88.6,89.4,84.0,84.0,-6.2,1619
2034,2008-06-12,9921,1876250,158552150,83.1,85.7,82.6,85.0,1.0,1161
2035,2008-06-13,9921,1551977,134120410,86.4,87.8,85.1,87.1,2.1,901
2036,2008-06-16,9921,2265875,201070396,87.6,90.1,86.0,89.2,2.1,1308
2037,2008-06-17,9921,2029573,182113082,89.9,90.1,88.5,90.1,0.9,1038
2038,2008-06-18,9921,1200112,107380068,90.1,90.2,88.6,89.2,-0.9,551
2039,2008-06-20,9921,1835970,162862149,87.6,90.2,87.3,88.7,1.2,882
2040,2008-06-23,9921,860407,76422200,88.0,89.6,88.0,88.8,0.1,484
2041,2008-06-24,9921,745768,65366384,88.8,89.0,86.7,87.0,-1.8,431
2042,2008-06-25,9921,2019210,171482162,88.0,88.0,83.5,85.0,-2.0,1022
2043,2008-06-26,9921,2689468,223474846,84.5,85.3,81.8,84.0,-1.0,1343
2044,2008-06-27,9921,1244732,101779433,80.0,83.5,80.0,81.9,-2.1,863
2045,2008-06-30,9921,1481467,123055760,82.0,84.5,81.5,81.5,-0.4,918
2046,2008-07-01,9921,2812100,231958579,81.2,83.8,81.2,82.3,0.8,1249
2047,2008-07-02,9921,2539860,216488445,83.0,88.0,83.0,87.2,4.9,1501
2048,2008-07-03,9921,1370756,118227550,86.9,87.5,85.1,87.5,0.3,942
2049,2008-07-04,9921,1741046,152605048,87.6,88.5,87.0,87.8,0.3,768
2050,2008-07-08,9921,1474061,125700440,87.3,87.3,83.5,84.8,-2.5,859
2051,2008-07-09,9921,1232251,103859758,84.9,86.4,83.1,84.7,-0.1,845
2052,2008-07-10,9921,942350,80327774,84.5,86.8,84.1,86.5,1.8,520
2053,2008-07-11,9921,2689566,243830450,87.5,92.0,87.3,90.7,4.2,1463
2054,2008-07-14,9921,4546755,433855843,91.4,97.0,90.2,95.0,4.3,1705
2055,2008-07-15,9921,2894808,269859336,95.0,96.0,90.5,92.5,-2.5,1461
2056,2008-07-16,9921,1401133,127399270,91.5,92.5,89.3,90.5,-2.0,722
2057,2008-07-17,9921,1393144,128662719,91.4,94.0,90.6,93.0,2.5,808
2058,2008-07-18,9921,1149802,105376484,93.4,93.9,90.3,92.6,-0.4,678
2059,2008-07-21,9921,765442,71508428,93.5,94.3,92.0,92.6,0.0,491
2060,2008-07-22,9921,1011622,93695524,93.0,94.2,91.7,92.6,0.0,603
2061,2008-07-23,9921,2085700,200313136,92.5,98.6,92.5,96.2,3.6,1125
2062,2008-07-25,9921,507846,48731627,95.1,96.7,95.1,96.5,-0.2,326
2063,2008-07-29,9921,1534891,150700080,97.3,100.0,96.2,96.8,0.3,937
2064,2008-07-30,9921,832680,80432069,98.0,98.6,96.0,96.0,-0.8,530
2065,2008-07-31,9921,1448510,135530810,96.7,97.4,90.5,91.0,-5.0,800
2066,2008-08-01,9921,2131300,190926709,90.5,90.7,89.0,89.9,-1.1,855
2067,2008-08-04,9921,607473,55152125,90.0,91.5,89.9,90.9,1.0,437
2068,2008-08-05,9921,1817781,164062350,94.0,94.0,89.0,89.0,-1.9,775
2069,2008-08-06,9921,1916439,164639618,92.0,92.0,82.9,86.6,-2.4,923
2070,2008-08-07,9921,1815738,141331928,79.0,79.0,76.0,78.4,0.0,1015
2071,2008-08-08,9921,1878883,148440523,78.4,81.0,76.0,80.3,1.9,1088
2072,2008-08-11,9921,1553113,125324353,81.0,81.8,80.2,80.5,0.2,820
2073,2008-08-12,9921,1291385,104151091,80.6,81.8,79.9,80.1,-0.4,752
2074,2008-08-13,9921,911609,73908940,80.1,82.9,79.7,82.5,2.4,484
2075,2008-08-14,9921,1340586,113070410,83.5,85.5,83.0,85.0,2.5,912
2076,2008-08-15,9921,2177720,186196356,87.4,89.2,84.1,84.5,-0.5,1186
2077,2008-08-18,9921,721600,59306058,84.5,84.5,81.0,81.0,-3.5,500
2078,2008-08-19,9921,790639,64578183,80.0,82.9,79.8,82.9,1.9,499
2079,2008-08-20,9921,904203,75858288,83.5,85.0,82.2,84.8,1.9,589
2080,2008-08-21,9921,629120,52662318,84.8,84.8,83.0,83.0,-1.8,412
2081,2008-08-22,9921,469410,38732530,83.6,83.6,81.5,82.5,-0.5,313
2082,2008-08-25,9921,1091002,92111668,85.7,85.7,83.8,84.6,2.1,613
2083,2008-08-26,9921,642627,54549744,84.4,85.5,83.6,85.4,0.8,429
2084,2008-08-27,9921,1372030,120203814,85.4,88.5,85.0,87.2,1.8,875
2085,2008-08-28,9921,1231940,109442184,88.5,89.6,87.9,89.4,2.2,706
2086,2008-08-29,9921,1418231,128411933,90.0,92.0,89.7,92.0,2.6,768
2087,2008-09-01,9921,679513,61702021,92.0,92.0,90.3,90.3,-1.7,490
2088,2008-09-02,9921,1139050,103091050,91.4,91.5,89.8,91.0,0.7,632
2089,2008-09-03,9921,1908714,166244818,87.8,89.0,85.4,87.5,-3.5,1111
2090,2008-09-04,9921,1752745,144233425,86.0,87.2,81.4,81.4,-6.1,826
2091,2008-09-05,9921,2459325,198107004,77.0,86.6,75.8,83.2,1.8,1270
2092,2008-09-08,9921,889425,76371975,85.5,86.9,83.5,86.3,3.1,503
2093,2008-09-09,9921,599289,50856365,86.3,86.3,83.8,84.4,-1.9,408
2094,2008-09-10,9921,927364,78693840,84.4,86.0,84.0,84.8,0.4,631
2095,2008-09-11,9921,976500,82693700,87.0,87.0,83.0,83.6,-1.2,636
2096,2008-09-12,9921,690210,57359529,84.0,85.5,81.6,83.6,0.0,501
2097,2008-09-15,9921,1962311,156464598,81.6,83.6,77.9,80.0,-3.6,978
2098,2008-09-16,9921,1190541,90874398,75.5,78.0,75.2,75.6,-4.4,714
2099,2008-09-17,9921,937100,72888368,78.9,78.9,77.0,78.4,2.8,665
2100,2008-09-18,9921,1563261,121848280,78.0,81.0,76.1,79.4,1.0,987
2101,2008-09-19,9921,1213400,101874260,83.0,84.9,81.6,84.9,5.5,736
2102,2008-09-22,9921,1135941,97635239,86.0,87.0,85.3,85.3,0.4,716
2103,2008-09-23,9921,1107537,95418470,85.6,87.8,84.6,87.0,1.7,636
2104,2008-09-24,9921,869001,75656013,87.0,87.5,86.4,86.9,-0.1,560
2105,2008-09-25,9921,666600,58409378,87.5,88.7,86.9,86.9,0.0,490
2106,2008-09-26,9921,635021,54387701,86.9,87.4,84.5,85.0,-1.9,375
2107,2008-09-30,9921,838540,66329412,79.1,79.2,79.1,79.1,-5.9,431
2108,2008-10-01,9921,1207025,96526188,80.0,80.3,79.5,79.8,0.7,596
2109,2008-10-03,9921,654126,51885139,79.8,80.3,78.4,79.9,0.1,446
2110,2008-10-06,9921,675613,52680954,79.0,79.3,77.5,78.0,-1.9,526
2111,2008-10-07,9921,1027013,79062114,76.0,77.5,76.0,77.2,-0.8,696
2112,2008-10-08,9921,841757,64247476,77.0,77.3,74.0,76.7,-0.5,546
2113,2008-10-09,9921,810847,60462808,75.0,75.9,73.3,73.3,-3.4,474
2114,2008-10-13,9921,224847,15921265,70.8,71.0,70.8,70.8,-2.5,147
2115,2008-10-14,9921,1445459,106467629,75.4,75.6,72.4,73.5,2.7,728
2116,2008-10-15,9921,330158,23453518,72.0,72.0,71.0,71.0,-2.5,152
2117,2008-10-16,9921,1011851,69412976,68.6,68.6,68.6,68.6,-2.4,205
2118,2008-10-17,9921,2214860,146746327,66.2,67.1,66.2,66.2,-2.4,761
2119,2008-10-20,9921,212345,13568839,63.9,63.9,63.9,63.9,-2.3,129
2120,2008-10-21,9921,2694235,179934646,64.2,68.3,63.9,68.3,4.4,812
2121,2008-10-22,9921,2629713,187941636,68.0,73.0,67.5,70.0,1.7,1143
2122,2008-10-23,9921,1179114,79900901,67.6,69.5,67.6,67.6,-2.4,453
2123,2008-10-24,9921,1580071,105119992,65.3,69.3,65.3,67.0,-0.6,779
2124,2008-10-27,9921,1809639,124818030,67.2,70.2,67.2,70.0,3.0,722
2125,2008-10-28,9921,1463029,104195666,70.0,74.9,67.0,74.9,4.9,924
2126,2008-10-29,9921,2103970,166548626,80.1,80.1,77.1,80.0,5.1,1237
2127,2008-10-30,9921,2547150,203604110,80.0,84.9,77.5,83.8,3.8,1252
2128,2008-10-31,9921,1839328,147333069,82.0,83.0,78.4,79.0,-4.8,1089
2129,2008-11-03,9921,1326950,104815950,79.1,80.8,77.0,79.6,0.6,823
2130,2008-11-04,9921,1668481,133752448,79.5,82.8,77.5,82.4,2.8,1271
2131,2008-11-05,9921,1078212,87921274,82.5,82.9,79.5,79.6,-2.8,810
2132,2008-11-06,9921,756465,58031640,76.0,77.5,76.0,76.0,-3.6,515
2133,2008-11-07,9921,1299650,99254724,71.0,79.8,71.0,79.0,3.0,645
2134,2008-11-10,9921,1071902,85864877,78.1,81.7,77.2,80.1,1.1,786
2135,2008-11-11,9921,1584834,129660066,81.0,83.1,79.0,80.5,0.4,1195
2136,2008-11-12,9921,938767,75636293,78.6,82.5,78.6,79.0,-1.5,728
2137,2008-11-13,9921,1642873,134586713,80.0,82.9,78.8,82.9,3.9,1184
2138,2008-11-14,9921,1129970,95617280,85.0,85.4,83.0,85.0,2.1,806
2139,2008-11-17,9921,810079,68245115,84.6,86.0,83.0,86.0,1.0,557
2140,2008-11-18,9921,1283420,107849049,86.0,87.3,81.7,84.5,-1.5,925
2141,2008-11-19,9921,1636855,132912222,85.2,85.2,79.2,80.5,-4.0,1149
2142,2008-11-20,9921,2464210,189514460,78.3,78.7,76.0,76.0,-4.5,1453
2143,2008-11-21,9921,1834443,135215911,72.5,78.0,71.0,77.3,1.3,1118
2144,2008-11-24,9921,1265378,94084878,77.0,77.0,72.8,73.1,-4.2,896
2145,2008-11-25,9921,1403721,107040580,75.9,77.5,74.5,77.2,4.1,990
2146,2008-11-26,9921,3006019,244154245,81.5,82.6,80.3,82.6,5.4,1598
2147,2008-11-27,9921,1550688,130796407,84.0,85.0,81.5,84.4,1.8,964
2148,2008-11-28,9921,1561356,127483459,84.4,84.4,80.2,82.5,-1.9,1098
2149,2008-12-01,9921,1807452,145303530,80.5,82.3,80.0,80.0,-2.5,1133
2150,2008-12-02,9921,1305470,101124445,76.3,78.9,76.3,77.8,-2.2,821
2151,2008-12-03,9921,2501818,196837304,77.8,80.2,77.5,77.6,-0.2,1595
2152,2008-12-04,9921,1471507,114458659,77.9,79.0,77.0,77.4,-0.2,792
2153,2008-12-05,9921,939180,72370200,77.0,77.8,76.4,76.8,-0.6,521
2154,2008-12-08,9921,1407051,110587702,76.8,79.5,76.8,78.7,1.9,808
2155,2008-12-09,9921,1568666,123447211,79.0,79.3,77.7,78.1,-0.6,766
2156,2008-12-11,9921,1917914,148702032,79.3,79.4,76.9,77.5,-0.8,1199
2157,2008-12-12,9921,1780349,136321824,77.5,78.5,74.3,75.0,-2.5,1167
2158,2008-12-15,9921,1541219,116557625,75.9,77.5,74.8,75.3,0.3,1029
2159,2008-12-16,9921,3147265,230888910,75.3,75.9,72.3,72.7,-2.6,1850
2160,2008-12-17,9921,2956078,214944252,73.0,74.3,71.0,71.9,-0.8,1634
2161,2008-12-18,9921,1975654,142195942,71.7,72.6,71.5,72.0,0.1,1178
2162,2008-12-19,9921,2071317,152798375,72.0,74.6,71.8,74.6,2.6,1413
2163,2008-12-22,9921,1334151,99381596,75.9,76.0,72.5,73.5,-1.1,822
2164,2008-12-23,9921,847647,61179546,73.5,73.5,71.5,72.0,-1.5,569
2165,2008-12-24,9921,744800,53587500,72.0,72.7,71.0,72.0,0.0,504
2166,2008-12-25,9921,737434,52965259,72.0,72.4,71.6,71.6,-0.4,435
2167,2008-12-29,9921,478098,34696412,72.2,73.1,72.0,72.5,0.3,307
2168,2008-12-30,9921,908739,65966165,72.7,73.2,72.1,72.9,0.4,721
2169,2008-12-31,9921,825580,59929363,73.0,73.0,72.2,72.9,0.0,501
2170,2009-01-05,9921,1402265,102793837,74.5,74.6,72.2,72.5,-0.4,978
2171,2009-01-06,9921,2932958,208010150,72.5,72.5,70.2,70.4,-2.1,1772
2172,2009-01-07,9921,2228923,157089669,70.6,71.4,70.0,70.2,-0.2,1413
2173,2009-01-08,9921,2716827,192805701,69.8,72.5,69.2,70.5,0.3,1553
2174,2009-01-09,9921,1704558,121481518,72.0,72.0,70.6,71.0,0.5,1126
2175,2009-01-12,9921,956305,68230816,71.5,72.0,71.0,71.2,-0.4,635
2176,2009-01-13,9921,1834120,132691434,70.9,72.9,70.9,72.8,1.6,1239
2177,2009-01-14,9921,1587400,115735800,73.0,73.6,71.5,71.8,-1.0,1062
2178,2009-01-15,9921,1602250,115484299,71.0,72.7,70.7,71.2,-0.6,840
2179,2009-01-16,9921,1330084,94943664,72.7,72.9,70.9,71.0,-0.2,797
2180,2009-01-19,9921,618350,44039020,70.0,71.7,70.0,71.2,0.7,451
2181,2009-01-20,9921,714244,50793498,71.2,71.5,70.9,70.9,-0.3,397
2182,2009-01-21,9921,495740,35275795,70.5,71.5,70.4,71.0,0.1,370
2183,2009-02-02,9921,1387044,96249385,71.0,72.2,70.2,72.2,1.2,636
2184,2009-02-03,9921,1708979,125251258,72.7,73.9,72.0,73.9,1.7,1241
2185,2009-02-04,9921,771560,56413780,72.0,73.9,72.0,73.3,-0.6,582
2186,2009-02-05,9921,647597,47101561,72.9,73.3,72.3,73.0,-0.3,384
2187,2009-02-06,9921,600650,43893792,73.6,73.7,72.5,72.5,-0.5,451
2188,2009-02-09,9921,400900,29137200,73.5,73.5,72.2,72.4,-0.1,292
2189,2009-02-10,9921,639668,46339925,72.8,73.0,72.0,72.8,0.4,391
2190,2009-02-11,9921,1472634,107079328,72.6,74.0,71.0,73.7,0.9,829
2191,2009-02-12,9921,366446,26727033,73.8,73.8,72.0,72.5,-1.2,283
2192,2009-02-13,9921,1284394,94744331,73.0,74.6,72.5,74.6,2.1,709
2193,2009-02-16,9921,851771,62564383,74.0,74.0,73.1,73.4,-1.2,606
2194,2009-02-17,9921,929410,68709266,74.0,74.6,72.9,73.6,0.2,589
2195,2009-02-18,9921,1443550,104088900,72.1,73.0,71.4,71.8,-1.8,967
2196,2009-02-19,9921,2240914,158846150,71.5,71.8,70.3,71.0,-0.8,1206
2197,2009-02-20,9921,3188330,222163564,70.2,70.6,69.0,69.1,-1.9,1594
2198,2009-02-23,9921,2976140,196195459,66.0,66.9,64.7,66.0,-3.1,1824
2199,2009-02-24,9921,2507158,167112801,65.5,68.0,65.1,66.3,0.3,1564
2200,2009-02-25,9921,2513782,166302422,67.0,67.2,65.5,65.8,-0.5,1338
2201,2009-02-26,9921,1429463,94124958,66.5,66.7,65.5,65.8,0.0,935
2202,2009-02-27,9921,820374,54507258,65.8,66.8,65.5,66.8,1.0,587
2203,2009-03-02,9921,1532851,99324115,66.6,66.6,63.8,64.2,-2.6,917
2204,2009-03-03,9921,1494752,94137601,63.2,63.9,62.0,63.7,-0.5,977
2205,2009-03-04,9921,1605743,104010589,63.5,65.4,63.0,65.1,1.4,1074
2206,2009-03-05,9921,2363870,154089332,66.0,66.7,64.5,64.6,-0.5,1426
2207,2009-03-06,9921,1679912,108189453,64.2,65.5,64.0,64.0,-0.6,1024
2208,2009-03-09,9921,1641853,106844512,64.6,65.5,64.4,65.1,1.1,849
2209,2009-03-10,9921,2368201,156623641,65.8,66.6,65.2,66.3,1.2,1498
2210,2009-03-11,9921,4761121,326839122,68.0,70.5,67.0,68.8,2.5,2460
2211,2009-03-12,9921,2031148,141283364,69.5,70.4,68.5,68.6,-0.2,1072
2212,2009-03-13,9921,2066230,142429770,69.5,69.6,68.2,68.6,0.0,1061
2213,2009-03-16,9921,3116564,220475392,69.5,72.0,69.3,70.3,1.7,1638
2214,2009-03-17,9921,1555672,108915769,71.0,71.0,69.5,70.4,0.1,876
2215,2009-03-18,9921,1402268,98731760,71.0,71.0,70.0,70.0,-0.4,784
2216,2009-03-19,9921,2075000,145405496,70.1,71.0,69.4,69.5,-0.5,973
2217,2009-03-20,9921,846464,58794418,69.5,70.1,68.8,68.8,-0.7,585
2218,2009-03-23,9921,1317225,91996550,68.8,70.4,68.8,69.8,1.0,681
2219,2009-03-24,9921,2391469,170474097,72.4,72.4,70.7,70.9,1.1,1234
2220,2009-03-25,9921,2075081,146677797,70.9,71.3,70.2,70.3,-0.6,1170
2221,2009-03-26,9921,1650517,116512295,71.0,71.3,70.2,70.3,0.0,842
2222,2009-03-27,9921,2707061,188455330,70.4,70.5,68.7,69.4,-0.9,1458
2223,2009-03-30,9921,1649960,113913429,69.4,69.7,68.5,69.2,-0.2,701
2224,2009-03-31,9921,1672105,115383450,69.0,69.8,68.5,69.8,0.6,755
2225,2009-04-01,9921,1650045,116755456,70.0,71.5,70.0,70.5,0.7,1069
2226,2009-04-02,9921,3501867,249398480,72.0,72.0,70.6,71.2,0.7,1738
2227,2009-04-03,9921,4185171,301752073,71.5,72.8,71.2,71.2,0.0,2073
2228,2009-04-06,9921,2478471,177153029,71.5,72.1,71.2,71.2,0.0,1165
2229,2009-04-07,9921,1611039,114321276,71.1,71.8,70.3,70.9,-0.3,855
2230,2009-04-08,9921,6355816,464812534,70.9,74.6,70.5,74.3,3.4,3034
2231,2009-04-09,9921,4464118,334486608,76.0,76.0,74.3,74.9,0.6,1956
2232,2009-04-10,9921,2658653,196841491,74.9,75.0,73.2,73.6,-1.3,1230
2233,2009-04-13,9921,1505525,112737508,73.5,75.6,73.3,74.6,1.0,815
2234,2009-04-14,9921,1422160,105902131,74.6,75.0,74.0,74.4,-0.2,874
2235,2009-04-15,9921,2978470,224599329,74.8,76.1,74.5,75.7,1.3,1424
2236,2009-04-16,9921,1790730,136136150,76.5,77.1,75.3,75.3,-0.4,768
2237,2009-04-17,9921,2403288,179047989,75.3,76.0,72.2,72.9,-2.4,1204
2238,2009-04-20,9921,1889125,140048698,72.9,76.0,72.5,74.5,1.6,1014
2239,2009-04-21,9921,2015949,150052868,74.0,75.8,72.8,75.5,1.0,901
2240,2009-04-22,9921,2188100,164159290,75.8,75.8,74.2,74.5,-1.0,1048
2241,2009-04-23,9921,2659519,196503862,75.0,75.4,73.1,73.7,-0.8,1261
2242,2009-04-27,9921,3016800,225593976,75.0,75.4,74.3,74.5,0.8,1794
2243,2009-04-28,9921,1297310,95713793,74.5,75.3,73.0,73.1,-1.4,857
2244,2009-04-29,9921,1159963,84958577,72.6,74.0,72.5,73.1,0.0,780
2245,2009-04-30,9921,5699632,442792265,76.0,78.2,74.6,78.2,5.1,2239
2246,2009-05-04,9921,3452206,280476326,79.0,83.4,77.4,83.2,5.0,1749
2247,2009-05-05,9921,1679791,135337289,83.2,83.2,79.0,79.5,-3.7,1017
2248,2009-05-06,9921,1462103,118004486,79.4,81.9,79.2,80.0,0.5,935
2249,2009-05-07,9921,1757266,139691414,80.5,81.2,78.1,79.1,-0.9,1086
2250,2009-05-08,9921,2113708,170556609,80.0,81.6,78.2,80.3,1.2,1119
2251,2009-05-11,9921,1385639,113296612,80.2,82.5,80.1,82.1,1.8,991
2252,2009-05-13,9921,2395006,189379171,79.5,80.0,78.5,79.9,1.4,1298
2253,2009-05-14,9921,3871821,314423167,82.2,82.7,80.0,80.0,0.1,1781
2254,2009-05-15,9921,1528340,123972232,81.4,81.5,80.6,81.0,1.0,859
2255,2009-05-18,9921,2538449,207081969,82.0,83.0,81.0,82.0,1.0,1315
2256,2009-05-19,9921,1799652,147139805,82.6,83.0,81.1,81.5,-0.5,818
2257,2009-05-20,9921,1990399,160162493,82.0,82.0,80.0,80.2,-1.3,1208
2258,2009-05-21,9921,2055482,162820078,80.0,80.0,79.0,79.0,-1.2,1109
2259,2009-05-22,9921,3702266,301185711,79.2,82.2,79.2,81.3,2.3,2215
2260,2009-05-25,9921,2432114,197803434,83.0,83.0,80.1,81.5,0.2,1147
2261,2009-05-26,9921,1792129,145977449,81.5,82.0,80.6,81.8,0.3,730
2262,2009-05-27,9921,8814737,719666334,82.5,86.2,76.1,76.1,-5.7,2700
2263,2009-06-01,9921,620008,50277843,81.4,81.4,81.4,81.4,5.3,246
2264,2009-06-02,9921,3792149,316687939,85.5,85.5,81.0,82.0,0.6,1868
2265,2009-06-03,9921,1250745,102576091,82.0,83.0,81.5,82.1,0.1,777
2266,2009-06-04,9921,1248612,103655459,83.0,84.0,82.0,82.2,0.1,738
2267,2009-06-05,9921,1124796,93518046,83.9,83.9,82.3,83.1,0.9,792
2268,2009-06-08,9921,2627217,220428039,83.1,85.5,82.6,84.0,1.4,1300
2269,2009-06-09,9921,867228,71198381,82.9,83.9,81.5,81.5,-2.5,610
2270,2009-06-10,9921,599420,48558453,81.5,82.1,80.0,81.9,0.4,372
2271,2009-06-11,9921,750500,60840947,81.9,82.0,80.2,81.9,0.0,461
2272,2009-06-12,9921,778250,62873750,81.4,81.8,80.4,80.6,-1.3,472
2273,2009-06-15,9921,777957,62390960,80.6,81.0,79.1,79.2,-1.4,430
2274,2009-06-16,9921,1376467,107297326,79.0,79.2,77.4,77.6,-1.6,763
2275,2009-06-17,9921,1515750,117328921,77.6,78.2,77.0,77.5,-0.1,1110
2276,2009-06-18,9921,533328,41320419,77.6,78.3,77.0,77.1,-0.4,414
2277,2009-06-19,9921,376897,29188483,77.7,77.7,77.2,77.7,0.6,228
2278,2009-06-22,9921,386310,30094571,78.0,78.3,77.3,78.3,0.6,277
2279,2009-06-23,9921,598170,46267810,78.3,78.3,76.8,77.1,-1.2,388
2280,2009-06-24,9921,1169551,91227756,77.1,80.3,76.8,78.0,0.9,770
2281,2009-06-25,9921,1027320,80958380,77.9,79.3,77.9,79.0,1.0,475
2282,2009-06-26,9921,1198251,94697323,80.0,80.0,77.7,78.2,-0.8,666
2283,2009-06-29,9921,731851,57918063,79.7,79.7,78.4,78.6,0.4,537
2284,2009-06-30,9921,760258,60135725,79.0,79.7,78.5,78.9,0.3,422
2285,2009-07-01,9921,329462,26186287,78.9,79.9,78.9,79.2,0.3,267
2286,2009-07-02,9921,623300,49526049,79.5,79.8,78.8,79.8,0.6,450
2287,2009-07-03,9921,244888,19406660,79.0,79.8,78.7,79.8,0.0,191
2288,2009-07-06,9921,372152,29697814,80.0,80.2,79.5,80.0,0.2,258
2289,2009-07-07,9921,862914,69405496,80.5,80.6,80.0,80.4,0.4,387
2290,2009-07-08,9921,581726,46728524,80.3,80.7,80.1,80.5,0.1,328
2291,2009-07-09,9921,985848,80831654,81.0,82.5,80.5,82.0,1.5,528
2292,2009-07-10,9921,453642,37064629,82.5,82.8,81.4,81.6,-0.4,302
2293,2009-07-13,9921,927989,74618820,81.5,81.6,80.0,80.3,-1.3,411
2294,2009-07-14,9921,386470,31071400,80.3,81.3,80.1,80.5,0.2,202
2295,2009-07-15,9921,440621,35988808,81.0,82.0,81.0,81.5,1.0,368
2296,2009-07-16,9921,1061552,87972016,82.8,83.9,82.1,83.7,2.2,636
2297,2009-07-17,9921,597608,50171640,84.0,84.5,83.5,83.5,-0.2,396
2298,2009-07-20,9921,1930393,168479912,84.4,89.2,84.1,88.5,5.0,1118
2299,2009-07-21,9921,1887330,168708658,89.1,90.9,86.5,90.0,1.5,1148
2300,2009-07-23,9921,1183307,107313459,92.0,92.3,89.6,89.8,-2.2,741
2301,2009-07-24,9921,1151230,104141241,90.1,91.4,89.9,91.4,1.6,433
2302,2009-07-27,9921,850474,78075634,91.5,92.4,91.4,91.7,0.3,469
2303,2009-07-28,9921,881279,80459789,91.4,91.7,90.6,91.5,-0.2,527
2304,2009-07-29,9921,556101,50544039,91.5,91.5,90.6,90.9,-0.6,365
2305,2009-07-30,9921,1057408,94853120,90.8,90.8,89.0,90.0,-0.9,666
2306,2009-07-31,9921,1005708,91416499,90.2,91.9,90.1,90.9,0.9,519
2307,2009-08-03,9921,1070366,96809783,92.0,92.1,89.7,90.7,-0.2,647
2308,2009-08-04,9921,1428696,130408403,91.2,92.2,90.7,91.4,0.7,730
2309,2009-08-05,9921,1353013,123318277,91.6,92.0,90.4,91.4,0.0,841
2310,2009-08-06,9921,1698451,128963078,75.2,76.9,75.2,76.9,0.0,1112
2311,2009-08-10,9921,2339845,189462990,79.3,82.2,77.0,82.0,5.1,1012
2312,2009-08-11,9921,878350,70927650,81.5,84.7,80.0,80.5,-1.5,516
2313,2009-08-12,9921,751460,59666168,80.5,80.5,78.6,79.2,-1.3,504
2314,2009-08-13,9921,866308,69236303,79.3,80.7,79.3,79.9,0.7,577
2315,2009-08-14,9921,920817,74323364,79.8,81.7,79.8,81.7,1.8,539
2316,2009-08-17,9921,580495,46657297,81.7,81.7,80.0,80.3,-1.4,404
2317,2009-08-18,9921,786463,62138341,80.0,80.0,78.0,78.4,-1.9,406
2318,2009-08-19,9921,472866,37018494,78.0,79.9,77.8,77.8,-0.6,290
2319,2009-08-20,9921,790450,61050944,77.8,79.0,76.0,78.1,0.3,419
2320,2009-08-21,9921,747930,58004871,78.0,79.0,77.0,77.0,-1.1,499
2321,2009-08-24,9921,1703664,138082451,80.0,82.3,78.0,81.0,4.0,917
2322,2009-08-25,9921,862151,69844152,80.3,81.9,80.0,81.1,0.1,501
2323,2009-08-26,9921,1040150,85278740,81.0,82.5,81.0,82.1,1.0,707
2324,2009-08-27,9921,827171,69125736,82.9,84.5,82.1,82.7,0.6,576
2325,2009-08-28,9921,1051943,88922376,84.2,85.0,82.7,85.0,2.3,632
2326,2009-08-31,9921,530151,44615991,85.8,85.8,83.2,84.2,-0.8,417
2327,2009-09-01,9921,600689,50613566,84.2,84.9,83.8,84.3,0.1,390
2328,2009-09-02,9921,952393,81252385,85.0,86.0,84.6,85.2,0.9,673
2329,2009-09-03,9921,584029,49932669,86.0,86.0,84.6,86.0,0.8,463
2330,2009-09-04,9921,1063867,91260695,87.4,87.4,84.9,85.4,-0.6,723
2331,2009-09-07,9921,799948,67892480,85.4,85.9,84.0,85.1,-0.3,492
2332,2009-09-08,9921,1448924,126223140,85.5,88.1,85.2,88.0,2.9,928
2333,2009-09-09,9921,469354,40835543,88.2,88.5,86.5,86.8,-1.2,383
2334,2009-09-10,9921,1131201,99828403,90.0,90.0,86.8,87.5,0.7,755
2335,2009-09-11,9921,585130,51550910,89.8,89.8,87.5,87.8,0.3,390
2336,2009-09-14,9921,600517,52302521,87.9,88.7,86.4,86.5,-1.3,473
2337,2009-09-15,9921,524606,45533383,86.5,87.7,85.7,87.6,1.1,395
2338,2009-09-16,9921,778739,68601958,88.5,88.5,87.8,88.5,0.9,364
2339,2009-09-17,9921,614343,54158076,88.5,88.8,87.9,88.0,-0.5,382
2340,2009-09-18,9921,754147,65704589,86.5,87.5,86.5,87.3,-0.7,384
2341,2009-09-21,9921,605788,52360966,87.9,87.9,85.8,86.3,-1.0,484
2342,2009-09-22,9921,514415,44267575,86.1,86.3,85.7,86.0,-0.3,327
2343,2009-09-23,9921,948970,82151320,86.0,87.5,85.9,86.2,0.2,769
2344,2009-09-24,9921,296724,25383543,85.7,86.0,85.3,85.5,-0.7,274
2345,2009-09-25,9921,1123521,95219618,85.2,85.5,84.2,84.6,-0.9,710
2346,2009-09-28,9921,1214361,101297024,84.1,84.5,83.1,83.2,-1.4,722
2347,2009-09-29,9921,1753818,145577781,81.2,84.5,81.2,83.0,-0.2,1216
2348,2009-09-30,9921,1268133,108362899,84.7,86.9,83.6,86.9,3.9,749
2349,2009-10-01,9921,881951,76914765,87.8,88.0,86.4,86.8,-0.1,468
2350,2009-10-02,9921,600178,51121065,84.7,86.5,84.6,84.6,-2.2,477
2351,2009-10-05,9921,515865,43385839,83.5,85.2,83.5,85.2,0.6,391
2352,2009-10-06,9921,1187277,102028937,85.5,86.8,85.0,86.5,1.3,749
2353,2009-10-07,9921,973019,84863943,86.5,87.9,85.7,87.9,1.4,524
2354,2009-10-08,9921,1681479,148970552,88.0,89.0,87.5,88.0,0.1,909
2355,2009-10-09,9921,447918,39373733,88.5,88.5,87.4,87.8,-0.2,279
2356,2009-10-12,9921,410426,36164095,89.0,89.0,87.5,88.1,0.3,251
2357,2009-10-13,9921,469051,41125561,88.4,88.4,86.8,88.0,-0.1,304
2358,2009-10-14,9921,631287,56099963,88.8,89.2,88.5,88.8,0.8,394
2359,2009-10-15,9921,1002007,89746512,89.0,90.0,88.8,89.6,0.8,596
2360,2009-10-16,9921,502531,45021763,89.6,89.9,88.8,89.8,0.2,412
2361,2009-10-19,9921,254539,22670210,89.1,89.7,88.3,89.4,-0.4,197
2362,2009-10-20,9921,442538,39597290,89.4,89.8,89.3,89.4,0.0,337
2363,2009-10-21,9921,449286,40087262,89.4,89.5,88.5,89.5,0.1,309
2364,2009-10-22,9921,494428,43586817,89.3,89.3,87.3,88.9,-0.6,402
2365,2009-10-23,9921,146359,12917114,88.9,88.9,88.0,88.4,-0.5,118
2366,2009-10-26,9921,353643,31302766,87.5,89.0,87.5,87.9,-0.5,305
2367,2009-10-27,9921,498706,43339328,87.1,87.8,86.4,87.8,-0.1,379
2368,2009-10-28,9921,432575,37531835,87.8,87.8,86.2,86.6,-1.2,319
2369,2009-10-29,9921,807104,68276685,86.2,86.2,84.0,84.0,-2.6,516
2370,2009-10-30,9921,621295,53183920,87.0,87.0,84.5,85.5,1.5,439
2371,2009-11-02,9921,300538,25228895,83.1,84.8,83.0,84.2,-1.3,275
2372,2009-11-03,9921,335620,28324285,84.7,85.1,83.8,85.0,0.8,305
2373,2009-11-04,9921,558987,47663850,85.0,86.0,84.8,85.6,0.6,395
2374,2009-11-05,9921,438922,37305990,85.6,85.6,84.4,84.4,-1.2,365
2375,2009-11-06,9921,544899,46745828,85.1,86.1,85.0,86.0,1.6,348
2376,2009-11-09,9921,825764,72362670,86.6,88.2,86.6,87.9,1.9,583
2377,2009-11-10,9921,381693,33602402,88.4,88.9,87.5,88.0,0.1,297
2378,2009-11-11,9921,834900,72804200,87.6,88.2,86.4,88.2,0.2,432
2379,2009-11-12,9921,336009,29566279,88.0,88.8,87.3,88.0,-0.2,291
2380,2009-11-13,9921,570073,50191799,88.0,88.4,87.9,88.2,0.2,304
2381,2009-11-16,9921,487109,43053836,88.2,88.7,88.0,88.7,0.5,355
2382,2009-11-17,9921,512699,45446100,89.0,89.0,87.1,88.4,-0.3,375
2383,2009-11-18,9921,566645,50062115,88.3,89.2,87.9,88.6,0.2,323
2384,2009-11-19,9921,264083,23427222,88.6,89.0,88.5,88.8,0.2,229
2385,2009-11-20,9921,1053203,93624663,88.8,89.1,88.6,88.9,0.1,581
2386,2009-11-23,9921,559240,50086475,89.5,90.0,89.1,89.9,1.0,400
2387,2009-11-24,9921,417468,37595264,89.9,90.5,89.6,90.3,0.4,293
2388,2009-11-25,9921,685986,61846039,91.0,91.0,89.0,90.3,0.0,532
2389,2009-11-26,9921,378600,34232238,90.9,91.0,90.0,90.3,0.0,288
2390,2009-11-27,9921,757190,66721083,89.2,89.9,87.0,87.7,-2.6,595
2391,2009-11-30,9921,999212,87214336,87.0,88.4,86.2,86.5,-1.2,579
2392,2009-12-01,9921,611353,53118095,86.7,88.5,86.1,88.5,2.0,487
2393,2009-12-02,9921,239895,21124360,88.7,88.7,87.6,88.5,0.0,229
2394,2009-12-03,9921,243502,21534276,88.8,89.0,87.9,88.8,0.3,225
2395,2009-12-04,9921,1399865,124229763,88.9,89.1,88.5,88.9,0.1,488
2396,2009-12-07,9921,470401,41924102,89.2,90.0,88.5,89.1,0.2,391
2397,2009-12-08,9921,371443,33273298,89.6,90.5,88.3,89.9,0.8,210
2398,2009-12-09,9921,210234,18722980,89.4,89.6,88.4,89.6,-0.3,201
2399,2009-12-10,9921,910800,80804217,89.0,89.9,87.8,89.8,0.2,663
2400,2009-12-11,9921,536946,47716695,88.1,89.7,88.1,89.7,-0.1,462
2401,2009-12-14,9921,1096752,98276628,89.6,90.3,89.0,89.9,0.2,420
2402,2009-12-15,9921,739568,66552352,90.0,90.1,89.6,90.0,0.1,355
2403,2009-12-16,9921,157211,14006852,90.0,90.0,88.8,89.0,-1.0,152
2404,2009-12-17,9921,793719,70641791,89.0,89.3,88.5,89.1,0.1,350
2405,2009-12-18,9921,468913,42035941,89.0,90.0,88.5,89.9,0.8,279
2406,2009-12-21,9921,391191,35272108,89.9,90.4,89.9,90.2,0.3,285
2407,2009-12-23,9921,536651,48224031,91.3,91.3,89.1,89.8,-1.5,417
2408,2009-12-24,9921,579454,51902606,90.0,90.6,88.1,89.5,-0.3,438
2409,2009-12-25,9921,406199,36417248,89.6,90.0,89.4,89.8,0.3,220
2410,2009-12-28,9921,567914,50952590,90.0,90.1,89.0,89.9,0.1,375
2411,2009-12-29,9921,406216,36560943,89.5,91.0,89.3,91.0,1.1,306
2412,2009-12-30,9921,520730,46927100,90.2,90.5,89.9,90.3,-0.7,282
2413,2009-12-31,9921,423472,38057549,90.6,90.6,89.6,89.6,-0.7,337
2414,2010-01-04,9921,206480,18543803,89.5,90.2,89.1,90.1,0.5,178
2415,2010-01-05,9921,763033,67867122,90.3,90.3,88.4,89.0,-1.1,389
2416,2010-01-06,9921,763317,68325570,88.9,90.2,88.8,90.0,1.0,467
2417,2010-01-08,9921,593402,53064331,90.0,90.5,89.0,89.0,-1.0,311
2418,2010-01-11,9921,426868,38080436,88.8,89.8,88.5,89.6,0.6,332
2419,2010-01-12,9921,463451,41415016,89.5,90.1,88.7,89.9,0.3,389
2420,2010-01-13,9921,301274,27044018,89.8,90.3,89.1,90.0,0.1,258
2421,2010-01-14,9921,368390,32751143,90.0,90.0,88.7,88.7,-1.3,358
2422,2010-01-15,9921,235398,20954977,88.8,89.4,88.6,89.4,0.7,215
2423,2010-01-18,9921,331939,29666471,88.9,89.7,88.5,89.4,0.0,252
2424,2010-01-19,9921,611310,54392702,89.4,89.5,88.3,88.5,-0.9,432
2425,2010-01-20,9921,471331,41666456,88.5,89.4,88.1,88.1,-0.4,312
2426,2010-01-21,9921,792003,69643455,88.1,88.2,87.8,87.9,-0.2,473
2427,2010-01-22,9921,645330,56463968,87.5,87.9,87.3,87.7,-0.2,466
2428,2010-01-25,9921,349118,30208934,87.1,87.3,86.1,87.0,-0.7,305
2429,2010-01-26,9921,741394,62830388,86.2,86.2,84.0,84.5,-2.5,570
2430,2010-01-27,9921,272080,22881138,84.5,84.9,83.3,84.5,0.0,218
2431,2010-01-28,9921,628420,53135500,84.9,85.1,84.2,84.2,-0.3,432
2432,2010-01-29,9921,1004440,85031350,84.2,86.3,83.5,86.3,2.1,661
2433,2010-02-01,9921,321670,27375613,86.3,86.3,84.2,85.0,-1.3,306
2434,2010-02-02,9921,675498,57935330,85.0,86.8,85.0,85.4,0.4,551
2435,2010-02-03,9921,276120,23614160,84.6,86.3,84.5,85.7,0.3,231
2436,2010-02-04,9921,330136,28341096,85.3,86.5,84.7,86.2,0.5,229
2437,2010-02-05,9921,424070,35848591,84.9,85.1,83.9,83.9,-2.3,315
2438,2010-02-08,9921,362787,30334726,83.2,84.3,83.1,83.9,-0.8,300
2439,2010-02-09,9921,217422,18348303,84.3,85.0,83.8,84.0,0.1,211
2440,2010-02-10,9921,647407,53977188,84.0,84.3,82.5,84.3,0.3,528
2441,2010-02-22,9921,837715,72513959,86.0,87.0,84.8,86.6,2.3,555
2442,2010-02-23,9921,1317298,116870136,87.0,90.0,86.5,89.9,3.3,1034
2443,2010-02-24,9921,529668,47383952,89.1,90.0,88.1,89.5,-0.4,373
2444,2010-02-25,9921,749290,66355836,89.5,89.9,87.2,89.5,0.0,586
2445,2010-02-26,9921,309466,27516338,89.0,89.2,88.5,88.9,-0.6,231
2446,2010-03-01,9921,712021,63768477,88.1,90.0,88.0,89.9,1.0,509
2447,2010-03-02,9921,211120,18887320,89.9,89.9,88.9,88.9,-1.0,132
2448,2010-03-03,9921,409786,36741172,88.9,90.0,88.5,89.8,0.9,210
2449,2010-03-04,9921,899210,78838129,89.9,89.9,87.0,87.1,-2.7,625
2450,2010-03-05,9921,862661,76619359,87.6,89.5,87.6,89.5,2.4,465
2451,2010-03-08,9921,276262,24826894,90.0,90.0,89.5,89.9,0.4,178
2452,2010-03-09,9921,369819,33183980,89.9,90.0,89.5,89.9,0.0,222
2453,2010-03-10,9921,733995,66046050,90.0,90.2,89.7,89.8,-0.1,379
2454,2010-03-11,9921,455880,41014942,90.0,90.2,89.7,90.1,0.3,356
2455,2010-03-12,9921,648481,58389489,90.1,90.1,89.7,90.1,0.0,341
2456,2010-03-15,9921,257270,22912103,89.9,90.0,88.3,88.3,-1.8,205
2457,2010-03-16,9921,80899,7191760,87.8,89.5,87.8,89.0,0.7,84
2458,2010-03-17,9921,740368,66588634,89.9,90.0,89.8,90.0,1.0,544
2459,2010-03-18,9921,416036,37565236,90.0,90.6,90.0,90.6,0.6,352
2460,2010-03-19,9921,2340595,209931731,89.8,89.9,88.9,89.8,-0.8,186
2461,2010-03-22,9921,748174,65641225,88.4,89.9,87.1,88.3,-1.5,590
2462,2010-03-23,9921,473375,41941687,88.5,89.0,88.4,89.0,0.7,336
2463,2010-03-24,9921,953327,84166238,89.4,89.4,87.6,87.8,-1.2,370
2464,2010-03-25,9921,856431,75221728,88.2,88.8,87.3,88.5,0.7,566
2465,2010-03-26,9921,644715,57308147,88.2,90.0,86.0,89.3,0.8,503
2466,2010-03-29,9921,1400312,126561036,89.8,90.8,89.8,90.7,1.4,621
2467,2010-03-30,9921,833449,75811918,90.8,91.5,90.5,91.2,0.5,565
2468,2010-03-31,9921,888724,81639006,91.5,92.1,91.3,92.1,0.9,451
2469,2010-04-01,9921,874665,81146103,92.1,93.4,91.5,93.3,1.2,529
2470,2010-04-02,9921,844700,79837075,93.3,95.5,93.3,95.2,1.9,413
2471,2010-04-06,9921,355019,33830994,95.2,95.5,95.0,95.2,0.0,309
2472,2010-04-07,9921,1218158,118674852,95.2,99.7,95.2,99.0,3.8,758
2473,2010-04-08,9921,523807,50714665,95.0,99.1,95.0,95.7,-3.3,444
2474,2010-04-09,9921,578037,56192208,95.5,99.0,94.6,98.2,2.5,474
2475,2010-04-12,9921,288642,28466765,98.2,99.0,96.5,98.9,0.7,228
2476,2010-04-13,9921,511204,50577942,98.9,101.0,97.0,99.8,0.9,401
2477,2010-04-14,9921,637070,64287970,102.0,102.0,99.5,102.0,2.2,399
2478,2010-04-15,9921,191222,19425422,102.5,103.0,100.0,102.0,0.0,166
2479,2010-04-16,9921,318274,31982800,101.0,101.5,99.4,100.5,-1.5,284
2480,2010-04-19,9921,345771,33952269,98.0,99.1,97.6,97.7,-2.8,304
2481,2010-04-20,9921,283658,27618026,98.0,98.1,97.0,97.1,-0.6,221
2482,2010-04-21,9921,232512,22723507,97.1,98.5,97.1,97.3,0.2,228
2483,2010-04-22,9921,543587,52094331,97.0,97.0,95.1,96.3,-1.0,422
2484,2010-04-23,9921,286078,27387054,96.3,96.3,95.6,95.8,-0.5,203
2485,2010-04-26,9921,1060019,104874870,96.5,100.0,96.5,98.9,3.1,571
2486,2010-04-27,9921,2892465,284351666,100.0,102.0,96.5,96.5,-2.4,1107
2487,2010-04-28,9921,1135497,106919018,94.4,94.9,93.0,93.9,-2.6,614
2488,2010-04-29,9921,539935,51103839,94.0,95.5,93.9,94.8,0.9,395
2489,2010-04-30,9921,384214,36777569,96.0,96.3,94.5,95.2,0.4,303
2490,2010-05-03,9921,227357,21749484,96.0,96.8,94.5,95.4,0.2,156
2491,2010-05-04,9921,645099,62166083,96.1,97.6,95.5,96.0,0.6,483
2492,2010-05-05,9921,1178737,109203114,93.8,94.2,91.2,92.7,-3.3,856
2493,2010-05-06,9921,1012954,92600394,92.1,92.8,91.0,91.4,-1.3,649
2494,2010-05-07,9921,498245,46022386,91.4,94.5,91.1,91.9,0.5,348
2495,2010-05-10,9921,397960,37182732,92.2,95.5,92.0,94.1,2.2,298
2496,2010-05-11,9921,626180,59195974,95.5,95.5,94.0,94.0,-0.1,497
2497,2010-05-12,9921,260904,24812105,97.0,97.0,94.0,94.8,0.8,184
2498,2010-05-13,9921,357286,34615812,96.8,97.6,95.9,97.4,2.6,275
2499,2010-05-14,9921,299948,29088458,97.4,97.4,96.3,97.0,-0.4,165
2500,2010-05-17,9921,409400,38840800,95.5,96.0,94.0,95.8,-1.2,270
2501,2010-05-18,9921,437566,42117875,95.8,97.0,95.5,96.0,0.2,368
2502,2010-05-19,9921,738461,70416745,95.5,96.8,95.0,95.0,-1.0,429
2503,2010-05-20,9921,654030,61971120,95.0,95.3,94.0,94.3,-0.7,391
2504,2010-05-21,9921,654675,61839175,93.4,96.0,93.1,94.1,-0.2,334
2505,2010-05-24,9921,523900,50335140,96.0,96.9,95.5,95.7,1.6,415
2506,2010-05-25,9921,875788,81950354,95.5,95.5,92.3,93.7,-2.0,513
2507,2010-05-26,9921,1433346,137410050,96.5,97.1,94.0,96.9,3.2,888
2508,2010-05-27,9921,1400389,134646748,95.2,97.6,95.2,96.1,-0.8,605
2509,2010-05-28,9921,806130,77024950,96.1,96.1,95.4,95.5,-0.6,490
2510,2010-05-31,9921,450400,43260700,97.0,97.0,95.5,96.1,0.6,302
2511,2010-06-01,9921,1086352,103916103,95.5,96.5,95.0,95.5,-0.6,659
2512,2010-06-02,9921,494229,47195355,95.0,96.5,94.8,95.4,-0.1,301
2513,2010-06-03,9921,232526,22293725,95.5,96.1,95.5,95.9,0.5,202
2514,2010-06-04,9921,189360,18111378,95.5,95.9,95.5,95.6,-0.3,147
2515,2010-06-07,9921,1148494,106788942,94.4,94.4,92.0,92.9,-2.7,581
2516,2010-06-08,9921,566716,52713770,92.0,93.7,92.0,92.8,-0.1,331
2517,2010-06-09,9921,297520,27556699,93.5,93.5,92.3,92.5,-0.3,245
2518,2010-06-10,9921,304388,29030791,93.4,97.0,93.4,96.1,3.6,263
2519,2010-06-11,9921,127101,12238896,96.9,97.3,95.5,96.1,0.0,121
2520,2010-06-14,9921,204594,19946014,97.5,97.7,96.5,97.6,1.5,170
2521,2010-06-15,9921,409502,40347844,96.7,99.5,96.7,99.3,1.7,294
2522,2010-06-17,9921,717208,72452400,100.5,102.0,99.8,100.5,1.2,594
2523,2010-06-18,9921,155839,15645479,101.0,101.0,99.5,99.8,-0.7,136
2524,2010-06-21,9921,664507,68201714,102.0,104.0,100.5,102.5,2.7,550
2525,2010-06-22,9921,328176,34049128,103.0,104.5,102.5,104.0,1.5,290
2526,2010-06-23,9921,88089,9092167,104.0,104.0,102.0,104.0,0.0,76
2527,2010-06-24,9921,182169,18793738,103.0,104.0,102.0,103.5,-0.5,174
2528,2010-06-25,9921,266733,26913667,103.0,103.0,99.5,99.6,-3.9,237
2529,2010-06-28,9921,227575,22741212,99.6,101.5,99.2,100.5,0.9,179
2530,2010-06-29,9921,411876,41986761,100.5,104.0,99.5,99.5,-1.0,337
2531,2010-06-30,9921,559650,54814000,99.0,99.0,97.1,98.0,-1.5,338
2532,2010-07-01,9921,628631,60329075,97.7,97.7,95.4,95.5,-2.5,434
2533,2010-07-02,9921,369670,35506782,95.6,97.4,95.5,95.5,0.0,260
2534,2010-07-05,9921,372089,35871756,95.8,98.8,95.4,98.5,3.0,234
2535,2010-07-06,9921,550363,55414989,95.5,104.0,95.5,104.0,5.5,349
2536,2010-07-07,9921,295069,30522538,104.0,104.0,102.0,103.5,-0.5,199
2537,2010-07-09,9921,141788,14794952,105.0,105.0,102.0,105.0,0.0,124
2538,2010-07-12,9921,272322,28546643,105.0,106.0,103.0,105.0,0.0,235
2539,2010-07-13,9921,91039,9492036,105.5,105.5,103.5,104.0,-1.0,96
2540,2010-07-14,9921,421639,44432270,104.5,106.0,104.0,105.0,1.0,346
2541,2010-07-15,9921,165559,17302853,104.0,105.0,104.0,104.0,-1.0,158
2542,2010-07-16,9921,338863,34567956,103.5,103.5,101.0,101.5,-2.5,214
2543,2010-07-19,9921,134172,13850216,101.5,104.5,101.5,103.5,2.0,119
2544,2010-07-20,9921,361010,37530040,103.0,106.0,102.0,104.5,1.0,295
2545,2010-07-21,9921,277047,29279935,104.5,106.5,104.5,106.0,1.5,217
2546,2010-07-22,9921,205286,21397813,105.5,106.0,102.5,103.0,-3.0,131
2547,2010-07-23,9921,543555,57202995,103.5,106.0,103.5,105.0,2.0,379
2548,2010-07-26,9921,485531,51981545,106.5,108.0,106.0,107.0,2.0,351
2549,2010-07-28,9921,386757,42021013,107.0,110.0,106.5,110.0,4.0,319
2550,2010-07-29,9921,557181,62565772,112.0,113.0,111.0,113.0,3.0,444
2551,2010-07-30,9921,585601,65162908,113.0,113.0,110.5,111.5,-1.5,420
2552,2010-08-02,9921,952633,111886827,112.5,119.0,112.5,119.0,7.5,640
2553,2010-08-03,9921,1507035,182629630,121.0,126.0,117.0,119.0,0.0,950
2554,2010-08-04,9921,1141683,131749698,117.0,118.5,113.5,114.5,-4.5,837
2555,2010-08-05,9921,930821,109934378,114.0,121.0,114.0,119.0,4.5,723
2556,2010-08-06,9921,712437,86066091,118.0,123.5,118.0,122.5,3.5,580
2557,2010-08-09,9921,447558,54579518,121.5,123.0,120.5,122.0,-0.5,367
2558,2010-08-10,9921,697847,82612099,120.5,121.0,117.5,117.5,-4.5,530
2559,2010-08-11,9921,863257,98136041,116.0,116.0,111.0,116.0,-1.5,593
2560,2010-08-13,9921,721654,79959748,113.5,113.5,108.5,111.0,0.0,451
2561,2010-08-16,9921,718789,77747001,111.0,111.0,107.0,108.0,-3.0,528
2562,2010-08-17,9921,608080,67619079,107.0,115.0,107.0,114.0,6.0,422
2563,2010-08-18,9921,404108,45244380,114.0,115.0,110.0,111.5,-2.5,336
2564,2010-08-19,9921,421252,46246216,109.5,111.0,109.0,109.5,-2.0,341
2565,2010-08-20,9921,458080,49770140,108.0,110.0,107.5,109.0,-0.5,330
2566,2010-08-23,9921,289948,31514855,108.5,110.0,107.0,109.0,0.0,231
2567,2010-08-24,9921,1138891,128594236,110.0,115.0,109.0,113.5,4.5,812
2568,2010-08-25,9921,849343,92343867,112.5,112.5,107.5,107.5,-6.0,633
2569,2010-08-26,9921,469746,50545822,107.0,109.0,107.0,107.0,-0.5,330
2570,2010-08-27,9921,638632,69794888,107.0,110.5,107.0,110.0,3.0,456
2571,2010-08-30,9921,696343,78530583,110.0,114.0,110.0,113.0,3.0,500
2572,2010-08-31,9921,1024222,117701030,113.5,117.0,111.5,116.0,3.0,605
2573,2010-09-01,9921,1767811,212281131,116.0,123.0,116.0,122.0,6.0,1082
2574,2010-09-02,9921,1381954,165026499,122.0,123.5,118.0,120.0,-2.0,956
2575,2010-09-03,9921,345264,40658624,120.0,120.0,117.0,117.5,-2.5,289
2576,2010-09-06,9921,733893,88514813,118.0,121.5,118.0,119.5,2.0,427
2577,2010-09-07,9921,208795,24759407,119.0,120.5,117.0,118.5,-1.0,174
2578,2010-09-08,9921,598032,71727808,118.0,121.5,117.0,120.0,1.5,367
2579,2010-09-09,9921,1458222,179617528,121.0,125.0,120.0,125.0,5.0,1027
2580,2010-09-10,9921,911779,110031480,126.0,126.0,118.0,120.0,-5.0,596
2581,2010-09-13,9921,791453,94438860,120.0,120.0,118.0,120.0,0.0,542
2582,2010-09-14,9921,388223,45988814,120.0,120.0,118.0,118.5,-1.5,305
2583,2010-09-15,9921,572609,68178971,118.5,120.0,118.0,120.0,1.5,419
2584,2010-09-16,9921,833295,97530425,119.0,120.0,114.0,116.5,-3.5,513
2585,2010-09-17,9921,631392,74610472,116.5,119.5,116.5,117.0,0.5,474
2586,2010-09-20,9921,571729,67290064,115.5,118.5,115.5,116.5,-0.5,199
2587,2010-09-21,9921,215768,25169588,118.0,118.0,116.0,117.0,0.5,176
2588,2010-09-23,9921,345063,40316108,116.5,118.0,116.0,117.0,0.0,263
2589,2010-09-24,9921,340392,39985557,117.0,118.0,116.0,118.0,1.0,230
2590,2010-09-27,9921,346756,40882452,118.0,119.0,117.0,118.0,0.0,283
2591,2010-09-28,9921,385283,45814677,117.5,119.5,117.5,119.5,1.5,275
2592,2010-09-29,9921,799534,94565444,121.0,121.0,115.5,116.0,-3.5,649
2593,2010-09-30,9921,587569,68734855,116.0,117.5,116.0,117.5,1.5,385
2594,2010-10-01,9921,207997,24312149,117.0,117.5,116.0,117.0,-0.5,154
2595,2010-10-04,9921,1333984,151735162,110.0,116.5,110.0,115.5,-1.5,1170
2596,2010-10-05,9921,669920,75321540,114.0,114.0,111.0,112.5,-3.0,425
2597,2010-10-06,9921,1671947,193475375,112.5,118.0,112.5,116.5,4.0,954
2598,2010-10-07,9921,973769,114561913,118.0,118.5,115.5,118.0,1.5,579
2599,2010-10-08,9921,735758,86905186,118.5,119.0,117.0,118.0,0.0,419
2600,2010-10-11,9921,376640,44201380,118.0,118.5,115.0,118.0,0.0,247
2601,2010-10-12,9921,818451,96422816,118.5,118.5,116.5,117.0,-1.0,334
2602,2010-10-13,9921,1178315,138920398,117.5,118.5,116.0,118.5,1.5,244
2603,2010-10-14,9921,494429,58587906,119.0,119.5,117.0,118.5,0.0,437
2604,2010-10-15,9921,698117,83270423,118.5,120.0,118.0,120.0,1.5,446
2605,2010-10-18,9921,266268,31297320,118.5,120.0,116.5,116.5,-3.5,225
2606,2010-10-20,9921,341521,40208478,116.5,119.0,116.0,118.5,1.0,242
2607,2010-10-21,9921,264379,31310843,119.0,120.0,117.5,118.0,-0.5,214
2608,2010-10-22,9921,226454,26912026,119.0,119.5,117.5,119.5,1.5,163
2609,2010-10-25,9921,294800,35160200,119.5,119.5,118.0,119.5,0.0,177
2610,2010-10-26,9921,327425,39017862,120.0,120.0,118.5,119.5,0.0,115
2611,2010-10-27,9921,934670,112640061,120.0,123.0,119.0,119.5,0.0,505
2612,2010-10-28,9921,912866,110381420,120.5,122.5,118.5,121.0,1.5,551
2613,2010-10-29,9921,342500,41086000,121.0,121.0,119.0,120.5,-0.5,215
2614,2010-11-01,9921,530753,63903479,120.5,121.0,120.0,120.5,0.0,277
2615,2010-11-02,9921,149772,17799976,119.5,120.0,118.0,119.5,-1.0,135
2616,2010-11-03,9921,407959,48934121,120.0,120.5,119.0,120.0,0.5,275
2617,2010-11-05,9921,220228,26429632,120.0,121.0,119.5,120.0,0.0,179
2618,2010-11-08,9921,75401,8983515,119.0,120.0,118.0,119.5,-0.5,86
2619,2010-11-09,9921,246701,29635267,119.5,120.5,119.5,120.5,1.0,205
2620,2010-11-10,9921,596985,73076010,120.5,124.0,119.0,123.0,2.5,470
2621,2010-11-11,9921,327475,39917000,122.5,123.0,120.5,121.0,-2.0,319
2622,2010-11-12,9921,265115,31763800,121.0,121.0,119.0,121.0,0.0,230
2623,2010-11-15,9921,252690,30054420,119.5,119.5,118.5,119.0,-2.0,226
2624,2010-11-16,9921,459477,54078786,117.5,119.0,116.5,119.0,0.0,400
2625,2010-11-17,9921,435760,51663680,118.5,119.0,117.0,119.0,0.0,405
2626,2010-11-18,9921,134381,15915958,119.5,119.5,117.5,118.5,-0.5,134
2627,2010-11-19,9921,630034,74672026,120.0,120.0,117.0,118.5,0.0,539
2628,2010-11-22,9921,110878,13146041,117.5,119.0,117.5,119.0,0.5,98
2629,2010-11-23,9921,233304,27414068,119.0,119.0,117.0,117.5,-1.5,180
2630,2010-11-25,9921,302604,35694772,119.0,119.5,117.5,118.5,-0.5,232
2631,2010-11-26,9921,150501,17733118,119.0,119.0,117.0,118.5,0.0,126
2632,2010-11-29,9921,341900,40576147,119.0,119.0,117.5,119.0,0.5,259
2633,2010-11-30,9921,550188,64684308,118.0,119.0,117.0,117.0,-2.0,366
2634,2010-12-01,9921,773601,91700418,118.5,119.0,117.5,119.0,2.0,493
2635,2010-12-02,9921,296635,35356930,120.0,120.0,118.5,119.0,0.0,212
2636,2010-12-03,9921,120554,14408426,119.0,120.0,118.5,119.0,0.0,102
2637,2010-12-06,9921,307845,36613210,119.0,120.0,117.5,119.0,0.0,241
2638,2010-12-07,9921,87226,10364168,119.0,120.0,118.0,118.5,-0.5,83
2639,2010-12-08,9921,252346,30155174,119.0,120.0,118.0,120.0,1.5,198
2640,2010-12-09,9921,247259,29655580,120.0,120.5,119.0,120.0,0.0,210
2641,2010-12-10,9921,366077,43668663,120.0,120.0,118.5,119.5,-0.5,201
2642,2010-12-13,9921,148723,17704314,119.5,120.0,118.0,118.0,-1.5,142
2643,2010-12-14,9921,130713,15456634,119.0,119.0,118.0,118.0,0.0,102
2644,2010-12-15,9921,269084,31847912,117.5,119.0,117.5,119.0,1.0,217
2645,2010-12-16,9921,186286,21931748,119.0,119.0,117.5,118.0,-1.0,160
2646,2010-12-17,9921,254118,29977424,118.0,118.5,117.0,118.5,0.5,155
2647,2010-12-20,9921,137512,16326916,119.0,119.0,118.0,119.0,0.5,97
2648,2010-12-21,9921,142517,16904506,119.0,119.0,118.0,119.0,0.0,129
2649,2010-12-22,9921,322195,38355010,119.0,119.5,118.5,119.0,0.0,267
2650,2010-12-23,9921,168120,19996780,119.0,119.5,118.0,119.0,0.0,72
2651,2010-12-24,9921,79448,9446864,119.0,119.0,118.5,119.0,0.0,67
2652,2010-12-27,9921,123500,14693500,118.5,119.5,118.5,118.5,-0.5,104
2653,2010-12-28,9921,169046,20197994,119.0,120.0,119.0,120.0,1.5,146
2654,2010-12-29,9921,145545,17406355,120.0,120.0,118.5,119.5,-0.5,132
2655,2010-12-30,9921,346549,41211831,120.0,120.0,117.5,120.0,0.5,265
2656,2010-12-31,9921,236382,28092076,120.0,120.0,118.0,119.0,-1.0,157
2657,2011-01-03,9921,166351,19942269,119.5,120.0,118.5,120.0,1.0,118
2658,2011-01-04,9921,174181,20840539,120.0,120.0,118.5,119.5,-0.5,69
2659,2011-01-05,9921,280232,33118144,118.5,119.5,117.5,118.0,-1.5,225
2660,2011-01-06,9921,243600,28981400,118.5,119.5,117.5,119.5,1.5,190
2661,2011-01-07,9921,330917,39358623,118.5,120.0,118.0,119.5,0.0,215
2662,2011-01-10,9921,234379,28083601,119.5,120.0,118.5,120.0,0.5,185
2663,2011-01-11,9921,297803,35979163,119.5,122.0,118.5,122.0,2.0,259
2664,2011-01-12,9921,256114,31310794,122.0,123.0,121.0,122.0,0.0,237
2665,2011-01-13,9921,223019,27237318,122.0,122.5,121.0,122.5,0.5,194
2666,2011-01-14,9921,302168,36865328,122.5,122.5,121.5,122.0,-0.5,238
2667,2011-01-17,9921,328338,40215728,124.0,124.5,121.0,121.0,-1.0,243
2668,2011-01-18,9921,266441,32580580,120.5,123.0,120.0,122.5,1.5,254
2669,2011-01-19,9921,338592,41229632,122.0,123.0,120.0,122.0,-0.5,292
2670,2011-01-20,9921,318056,38352108,122.0,122.0,119.0,119.0,-3.0,266
2671,2011-01-21,9921,653366,76448822,118.0,118.5,116.0,117.5,-1.5,502
2672,2011-01-24,9921,429206,50317497,117.5,119.0,116.0,116.5,-1.0,316
2673,2011-01-25,9921,331807,38621112,117.0,118.0,115.5,116.0,-0.5,291
2674,2011-01-26,9921,267378,31024348,117.0,117.0,115.5,115.5,-0.5,210
2675,2011-01-27,9921,511802,59065730,115.5,116.5,114.5,115.0,-0.5,387
2676,2011-01-28,9921,714058,81258080,113.0,115.5,112.0,113.5,-1.5,438
2677,2011-02-08,9921,889156,98875389,115.0,115.0,110.0,111.5,-2.0,696
2678,2011-02-09,9921,517373,57446530,111.0,112.5,109.5,111.0,-0.5,312
2679,2011-02-10,9921,624638,69330042,111.0,112.0,110.0,110.0,-1.0,392
2680,2011-02-11,9921,810592,90002415,112.5,112.5,110.5,111.0,1.0,467
2681,2011-02-14,9921,1092774,121552414,111.0,111.5,110.0,111.5,0.5,628
2682,2011-02-15,9921,561809,61988990,111.0,111.5,109.0,109.5,-2.0,398
2683,2011-02-16,9921,445054,49011940,109.5,111.5,109.0,111.0,1.5,291
2684,2011-02-17,9921,351170,38335030,109.5,110.0,108.0,109.5,-1.5,302
2685,2011-02-18,9921,300320,32834398,109.5,110.5,108.5,108.5,-1.0,231
2686,2011-02-21,9921,566645,60875515,108.5,108.5,106.5,108.0,-0.5,463
2687,2011-02-22,9921,1045273,107894619,106.0,106.0,101.0,103.5,-4.5,707
2688,2011-02-23,9921,854540,91575280,103.5,109.0,103.5,107.5,4.0,617
2689,2011-02-24,9921,1033462,113944086,108.0,112.0,108.0,110.5,3.0,638
2690,2011-02-25,9921,398849,44223310,110.5,112.0,108.0,111.5,1.0,316
2691,2011-03-01,9921,698518,80191070,112.0,116.0,112.0,116.0,4.5,491
2692,2011-03-02,9921,628049,71594488,114.0,116.0,113.0,113.0,-3.0,481
2693,2011-03-03,9921,378504,42634948,113.0,113.5,111.5,113.0,0.0,340
2694,2011-03-04,9921,246758,28040530,113.5,115.0,112.5,115.0,2.0,163
2695,2011-03-07,9921,102243,11728702,115.0,115.0,113.5,114.5,-0.5,96
2696,2011-03-08,9921,394850,45740750,115.0,117.0,115.0,116.0,1.5,191
2697,2011-03-09,9921,403740,46928967,117.0,117.5,115.5,116.0,0.0,200
2698,2011-03-10,9921,127507,14745805,117.0,117.0,115.0,115.5,-0.5,103
2699,2011-03-11,9921,510505,58266625,115.0,115.0,113.5,114.0,-1.5,195
2700,2011-03-14,9921,864997,99903148,115.0,119.0,113.0,117.0,3.0,423
2701,2011-03-15,9921,447859,51849644,118.0,118.0,110.5,116.5,-0.5,354
2702,2011-03-16,9921,414339,49243163,120.0,120.0,117.0,118.0,1.5,328
2703,2011-03-17,9921,268050,31109800,116.0,117.5,115.0,116.5,-1.5,229
2704,2011-03-18,9921,253337,29100918,116.0,116.5,114.0,114.5,-2.0,223
2705,2011-03-21,9921,153391,17440183,114.5,115.0,113.0,113.5,-1.0,140
2706,2011-03-22,9921,392243,44607959,113.5,115.0,113.0,113.0,-0.5,311
2707,2011-03-23,9921,206361,23637654,114.0,115.0,112.5,115.0,2.0,184
2708,2011-03-24,9921,743897,87380846,115.0,119.0,114.5,118.5,3.5,461
2709,2011-03-25,9921,441372,52501707,118.5,120.0,118.0,118.5,0.0,314
2710,2011-03-28,9921,489913,57732734,117.5,119.5,116.0,119.0,0.5,279
2711,2011-03-29,9921,460944,54685948,118.0,119.5,117.5,117.5,-1.5,315
2712,2011-03-30,9921,602415,71078345,119.5,119.5,116.5,117.5,0.0,298
2713,2011-03-31,9921,273957,32554902,118.5,119.5,117.5,119.5,2.0,170
2714,2011-04-01,9921,1024599,124853973,119.5,124.5,118.5,124.5,5.0,540
2715,2011-04-06,9921,1012998,124454756,124.5,124.5,122.0,123.0,-1.5,640
2716,2011-04-07,9921,476830,58172760,122.0,122.5,121.0,122.5,-0.5,299
2717,2011-04-08,9921,503480,61579060,122.0,123.5,121.0,122.5,0.0,317
2718,2011-04-11,9921,1923217,235181284,123.0,123.0,119.5,120.5,-2.0,305
2719,2011-04-12,9921,159574,19175954,119.0,122.0,119.0,122.0,1.5,102
2720,2011-04-13,9921,310157,37158358,122.0,122.0,119.5,119.5,-2.5,91
2721,2011-04-15,9921,516261,62512820,124.0,124.0,120.5,120.5,-2.0,89
2722,2011-04-18,9921,513205,61756895,120.5,120.5,119.5,120.0,-0.5,71
2723,2011-04-19,9921,608319,71171480,119.0,119.0,115.5,116.5,-3.5,261
2724,2011-04-20,9921,597039,69634001,116.5,118.0,115.5,116.0,-0.5,394
2725,2011-04-21,9921,592763,71086060,117.5,122.5,116.5,120.5,4.5,478
2726,2011-04-22,9921,128847,15568062,120.5,122.0,120.0,121.5,1.0,120
2727,2011-04-25,9921,110759,13382199,122.0,122.5,120.0,120.0,-1.5,77
2728,2011-04-26,9921,718834,83758078,118.5,121.5,115.0,117.0,-3.0,414
2729,2011-04-27,9921,829313,96063182,117.5,118.5,114.0,114.0,-3.0,511
2730,2011-04-28,9921,488760,56862298,115.0,117.5,115.0,117.5,3.5,266
2731,2011-04-29,9921,427515,49143962,115.5,116.0,114.5,114.5,-3.0,278
2732,2011-05-03,9921,643540,73661600,114.5,115.0,113.5,114.5,0.0,429
2733,2011-05-04,9921,1122855,126224245,113.0,113.0,112.0,112.5,-2.0,767
2734,2011-05-05,9921,736975,83737660,112.0,115.0,112.0,114.0,1.5,595
2735,2011-05-06,9921,296662,33636134,114.0,114.0,113.0,113.5,-0.5,261
2736,2011-05-09,9921,552900,62567700,113.0,114.0,112.5,113.0,-0.5,451
2737,2011-05-10,9921,720857,80599984,113.0,113.0,111.0,112.0,-1.0,400
2738,2011-05-11,9921,585844,65105684,111.5,112.0,110.5,111.0,-1.0,414
2739,2011-05-12,9921,989022,106290860,110.0,111.0,106.0,107.0,-4.0,589
2740,2011-05-13,9921,688659,72713695,105.0,106.5,105.0,105.0,-2.0,441
2741,2011-05-16,9921,885618,91215362,104.0,104.5,101.5,102.0,-3.0,586
2742,2011-05-17,9921,892960,93017340,102.0,105.5,102.0,104.0,2.0,571
2743,2011-05-18,9921,1359969,139359650,104.0,104.0,101.5,103.0,-1.0,574
2744,2011-05-19,9921,1884359,189723456,102.5,102.5,98.1,98.4,-4.6,1112
2745,2011-05-23,9921,1903764,198276220,105.0,105.0,102.5,104.0,-1.0,1026
2746,2011-05-24,9921,445520,46130338,103.5,104.0,102.5,104.0,0.0,342
2747,2011-05-25,9921,400998,41266794,104.0,104.0,101.0,103.0,-1.0,375
2748,2011-05-26,9921,399361,41427183,104.0,104.0,103.0,103.5,0.5,354
2749,2011-05-27,9921,492796,51524784,104.0,105.0,103.5,104.0,0.5,283
2750,2011-05-30,9921,555599,58099796,104.0,105.0,103.5,103.5,-0.5,370
2751,2011-05-31,9921,878204,92224815,104.5,106.0,104.5,105.0,1.5,467
2752,2011-06-01,9921,660850,69341900,105.0,105.0,104.5,104.5,-0.5,333
2753,2011-06-02,9921,480059,50174136,104.5,105.0,104.0,104.5,0.0,281
2754,2011-06-03,9921,426488,44682752,104.5,105.0,104.0,105.0,0.5,159
2755,2011-06-07,9921,533070,55962815,105.0,105.5,104.5,105.0,0.0,248
2756,2011-06-08,9921,242839,25594595,105.0,106.0,104.5,105.5,0.5,169
2757,2011-06-09,9921,374569,39660528,105.0,106.0,105.0,106.0,0.5,175
2758,2011-06-10,9921,685083,73436298,106.0,109.0,106.0,106.5,0.5,560
2759,2011-06-13,9921,307089,32454756,106.0,107.0,105.0,105.5,-1.0,217
2760,2011-06-14,9921,354579,37323005,105.5,106.0,104.5,105.0,-0.5,296
2761,2011-06-15,9921,1535080,165006678,105.0,110.0,105.0,109.0,4.0,947
2762,2011-06-16,9921,776201,82474013,109.0,109.0,105.0,106.0,-3.0,475
2763,2011-06-17,9921,547590,57707360,106.0,106.5,105.0,105.0,-1.0,270
2764,2011-06-20,9921,383591,40476349,105.0,106.5,105.0,106.5,1.5,220
2765,2011-06-21,9921,197563,21139804,106.5,107.5,106.5,107.0,0.5,188
2766,2011-06-22,9921,745360,80382837,107.5,109.5,106.0,107.0,0.0,603
2767,2011-06-23,9921,650004,69535923,107.0,108.5,105.0,107.0,0.0,292
2768,2011-06-24,9921,571760,62479340,107.0,110.0,106.5,109.5,2.5,339
2769,2011-06-27,9921,411195,45586545,109.0,111.5,108.0,111.5,2.0,372
2770,2011-06-28,9921,392605,43497945,113.0,113.0,110.0,110.5,-1.0,287
2771,2011-06-29,9921,605638,68184275,113.0,113.0,110.5,113.0,2.5,427
2772,2011-06-30,9921,448230,51288450,114.0,115.5,113.0,115.5,2.5,360
2773,2011-07-01,9921,701415,80980225,117.0,117.0,114.0,116.0,0.5,353
2774,2011-07-04,9921,814371,93781229,115.5,116.0,114.0,115.0,-1.0,382
2775,2011-07-05,9921,1750465,195741595,114.0,114.0,110.5,112.5,-2.5,489
2776,2011-07-06,9921,866248,97020772,110.0,115.0,110.0,115.0,2.5,618
2777,2011-07-07,9921,913750,102812000,115.0,115.0,110.0,110.0,-5.0,443
2778,2011-07-08,9921,312011,35172232,111.5,114.0,111.0,113.0,3.0,270
2779,2011-07-11,9921,186716,20910988,113.0,113.0,111.0,112.5,-0.5,152
2780,2011-07-12,9921,439233,50062177,111.5,115.0,111.5,114.5,2.0,263
2781,2011-07-13,9921,487380,55455149,114.5,115.0,112.0,114.5,0.0,306
2782,2011-07-14,9921,249463,28123550,113.0,114.5,112.0,113.5,-1.0,156
2783,2011-07-15,9921,494810,56573890,114.0,115.0,112.5,115.0,1.5,203
2784,2011-07-18,9921,252490,29031860,114.0,116.0,113.0,115.0,0.0,216
2785,2011-07-19,9921,218585,24828105,114.0,115.0,112.5,113.0,-2.0,176
2786,2011-07-20,9921,286836,32973393,114.5,115.5,114.0,115.5,2.5,195
2787,2011-07-21,9921,351440,40623758,116.0,116.0,114.5,115.5,0.0,217
2788,2011-07-22,9921,809202,94112497,115.5,117.5,115.0,117.5,2.0,591
2789,2011-07-25,9921,831231,98370371,117.5,119.0,117.5,119.0,1.5,502
2790,2011-07-26,9921,596680,67636200,114.5,115.0,112.0,115.0,0.0,404
2791,2011-07-27,9921,843077,98522009,115.0,118.0,114.5,118.0,3.0,581
2792,2011-07-28,9921,333248,39264264,118.0,118.5,116.5,117.5,-0.5,216
2793,2011-07-29,9921,561487,65374966,119.0,119.0,114.5,115.5,-2.0,286
2794,2011-08-01,9921,491466,58028022,116.0,118.5,116.0,118.0,2.5,380
2795,2011-08-02,9921,801176,92671151,118.0,118.5,113.5,115.0,-3.0,507
2796,2011-08-03,9921,1572902,184746018,115.0,120.0,114.5,120.0,5.0,437
2797,2011-08-04,9921,1169072,139810568,120.0,121.0,117.5,119.5,-0.5,477
2798,2011-08-05,9921,1146767,129170519,113.5,114.5,111.5,111.5,-8.0,502
2799,2011-08-08,9921,719394,75634476,105.0,110.0,104.0,104.0,-7.5,401
2800,2011-08-09,9921,1743068,171916268,96.8,105.0,96.8,100.0,-4.0,831
2801,2011-08-10,9921,1616440,166481359,100.0,107.0,100.0,107.0,7.0,958
2802,2011-08-11,9921,1329789,143854892,106.0,113.0,104.0,109.5,2.5,962
2803,2011-08-12,9921,1015164,108506720,109.5,112.0,105.0,105.0,-4.5,686
2804,2011-08-15,9921,333816,35970944,107.0,109.0,106.0,109.0,4.0,280
2805,2011-08-16,9921,358343,38850544,111.0,111.0,107.0,108.5,-0.5,247
2806,2011-08-17,9921,428996,46366044,108.0,110.0,105.0,107.5,-1.0,324
2807,2011-08-18,9921,455148,48230724,109.0,109.0,105.0,106.5,-1.0,384
2808,2011-08-19,9921,291628,30059708,103.0,104.5,101.5,103.5,-3.0,227
2809,2011-08-22,9921,350702,35918250,103.5,105.0,100.5,100.5,-3.0,239
2810,2011-08-23,9921,454664,47115886,101.0,106.0,101.0,105.0,4.5,368
2811,2011-08-24,9921,450893,46354444,106.0,106.5,101.5,103.0,-2.0,281
2812,2011-08-25,9921,459740,47860460,104.0,105.0,103.0,104.5,1.5,328
2813,2011-08-26,9921,453242,47534772,106.0,106.0,104.0,105.5,1.0,300
2814,2011-08-29,9921,499826,53288556,106.5,108.0,105.0,106.0,0.5,393
2815,2011-08-30,9921,343967,37013403,106.0,109.0,105.0,109.0,3.0,269
2816,2011-08-31,9921,336517,36160592,109.0,109.0,106.5,108.5,-0.5,245
2817,2011-09-01,9921,1331512,151627880,110.0,116.0,109.0,116.0,7.5,787
2818,2011-09-02,9921,506372,57421849,117.0,117.0,113.0,113.0,-3.0,385
2819,2011-09-05,9921,504600,56440700,111.0,113.5,110.0,112.5,-0.5,466
2820,2011-09-06,9921,552472,61460948,112.5,113.5,110.0,110.0,-2.5,434
2821,2011-09-07,9921,152673,17089376,111.0,113.0,110.5,113.0,3.0,129
2822,2011-09-08,9921,201520,22533720,111.0,113.5,111.0,111.5,-1.5,185
2823,2011-09-09,9921,174625,19860625,113.0,115.0,112.5,113.5,2.0,147
2824,2011-09-13,9921,436871,48346243,113.0,113.5,110.0,110.5,-3.0,376
2825,2011-09-14,9921,406644,45153266,112.0,113.0,110.0,110.5,0.0,203
2826,2011-09-15,9921,359412,41078644,115.0,117.0,112.5,113.0,2.5,283
2827,2011-09-16,9921,578680,67571380,114.0,118.0,114.0,117.0,4.0,440
2828,2011-09-19,9921,152036,17412620,115.0,116.0,113.5,114.5,-2.5,121
2829,2011-09-20,9921,573606,64443872,112.5,114.5,111.5,111.5,-3.0,490
2830,2011-09-21,9921,390544,43677697,110.5,113.0,110.5,112.5,1.0,302
2831,2011-09-22,9921,463739,51269397,112.0,112.0,110.0,111.0,-1.5,350
2832,2011-09-23,9921,304115,32740305,107.5,110.0,107.0,107.0,-4.0,229
2833,2011-09-26,9921,387669,40968928,107.0,108.5,103.5,104.5,-2.5,259
2834,2011-09-27,9921,379845,42098715,111.5,111.5,108.5,111.5,7.0,337
2835,2011-09-29,9921,208619,23657947,112.5,114.5,112.0,113.0,0.0,200
2836,2011-09-30,9921,254781,28684753,114.5,115.0,111.5,113.5,0.5,215
2837,2011-10-03,9921,390479,43078669,110.5,112.0,109.0,109.0,-4.5,305
2838,2011-10-04,9921,384539,42934368,110.0,113.5,108.5,112.5,3.5,250
2839,2011-10-05,9921,297887,33797844,114.0,115.0,112.0,113.0,0.5,208
2840,2011-10-06,9921,451240,52220100,115.0,116.0,114.5,115.5,2.5,393
2841,2011-10-07,9921,278706,32289042,114.5,116.5,114.0,116.5,1.0,238
2842,2011-10-11,9921,454069,52843935,116.0,117.0,115.5,116.0,-0.5,392
2843,2011-10-12,9921,269176,30770475,114.5,115.5,113.5,114.0,-2.0,229
2844,2011-10-13,9921,162849,18876984,113.0,116.5,113.0,116.5,2.5,123
2845,2011-10-14,9921,75505,8641070,114.5,115.0,114.0,115.0,-1.5,81
2846,2011-10-17,9921,212858,24673528,114.5,117.0,114.0,117.0,2.0,143
2847,2011-10-18,9921,125890,14547740,115.5,116.0,114.0,116.0,-1.0,78
2848,2011-10-19,9921,223488,25668875,114.5,116.0,114.0,115.0,-1.0,174
2849,2011-10-20,9921,180415,20597810,115.0,115.0,113.5,115.0,0.0,133
2850,2011-10-21,9921,822958,94268254,115.0,116.0,113.0,113.5,-1.5,341
2851,2011-10-24,9921,471160,54215480,113.5,116.5,113.5,115.0,1.5,395
2852,2011-10-25,9921,156105,17889575,115.0,115.0,114.0,115.0,0.0,107
2853,2011-10-26,9921,115801,13321615,115.0,116.0,114.0,116.0,1.0,104
2854,2011-10-27,9921,256456,29450940,115.0,115.5,114.5,114.5,-1.5,128
2855,2011-10-28,9921,555402,64642930,117.0,117.5,115.0,116.5,2.0,423
2856,2011-10-31,9921,184392,21550972,116.5,117.5,115.5,117.0,0.5,144
2857,2011-11-01,9921,362396,42514436,117.0,118.0,116.0,117.0,0.0,265
2858,2011-11-02,9921,354108,40726366,117.0,117.0,114.0,115.0,-2.0,256
2859,2011-11-03,9921,444419,50301347,115.5,115.5,112.5,112.5,-2.5,367
2860,2011-11-04,9921,202388,23173844,114.5,115.0,113.5,114.0,1.5,193
2861,2011-11-07,9921,169355,19231615,116.0,116.0,112.5,113.5,-0.5,127
2862,2011-11-08,9921,240193,27252116,114.0,114.0,113.0,113.0,-0.5,209
2863,2011-11-09,9921,355773,40791395,113.5,115.5,113.5,115.5,2.5,221
2864,2011-11-10,9921,358452,41095980,113.5,116.5,113.5,115.0,-0.5,274
2865,2011-11-11,9921,188018,21411070,116.5,116.5,113.0,114.5,-0.5,172
2866,2011-11-14,9921,242151,28275016,116.5,117.5,116.0,117.0,2.5,166
2867,2011-11-15,9921,168399,19603784,117.5,117.5,115.5,117.0,0.0,131
2868,2011-11-16,9921,165908,19248328,117.0,117.5,115.0,116.5,-0.5,144
2869,2011-11-17,9921,114781,13277204,116.0,116.5,115.0,115.5,-1.0,114
2870,2011-11-18,9921,219607,25278698,115.0,116.5,114.0,115.0,-0.5,179
2871,2011-11-21,9921,187667,21383370,115.0,116.0,113.0,114.5,-0.5,162
2872,2011-11-22,9921,187145,21467530,115.5,116.0,113.5,114.0,-0.5,180
2873,2011-11-23,9921,724700,81392789,113.5,113.5,111.5,112.0,-2.0,394
2874,2011-11-24,9921,446498,49441531,113.0,113.5,108.5,108.5,-3.5,309
2875,2011-11-25,9921,436873,47326784,108.5,109.0,107.5,107.5,-1.0,343
2876,2011-11-28,9921,252346,27624887,109.0,110.5,108.0,109.5,2.0,194
2877,2011-11-29,9921,270123,30025214,109.5,113.0,108.5,111.5,2.0,208
2878,2011-11-30,9921,437541,47537887,111.5,112.0,108.0,108.0,-3.5,326
2879,2011-12-01,9921,438541,49302633,110.0,114.0,109.0,114.0,6.0,362
2880,2011-12-05,9921,2060656,220949784,113.5,115.0,113.5,115.0,0.0,68
2881,2011-12-06,9921,185201,21320713,116.0,116.0,114.0,114.0,-1.0,154
2882,2011-12-07,9921,289682,33163722,112.5,116.0,112.5,112.5,-1.5,216
2883,2011-12-08,9921,304043,34891445,113.0,116.0,112.5,115.5,3.0,249
2884,2011-12-09,9921,189008,21131899,111.0,113.0,111.0,112.0,-3.5,161
2885,2011-12-12,9921,115361,13180695,113.5,115.5,112.5,115.5,3.5,93
2886,2011-12-13,9921,102295,11636630,113.0,115.0,112.5,115.0,-0.5,81
2887,2011-12-14,9921,144313,16553369,115.0,115.5,113.5,113.5,-1.5,129
2888,2011-12-15,9921,277647,30948317,112.5,113.0,111.0,111.0,-2.5,217
2889,2011-12-16,9921,94400,10636700,112.0,113.5,110.5,113.5,2.5,70
2890,2011-12-19,9921,84936,9520332,113.5,114.0,111.0,112.0,-1.5,84
2891,2011-12-21,9921,170554,19396602,113.5,114.5,113.0,113.5,2.0,155
2892,2011-12-22,9921,149600,16833700,112.0,114.0,112.0,112.5,-1.0,131
2893,2011-12-23,9921,201071,22845523,112.5,114.0,112.5,114.0,1.5,177
2894,2011-12-26,9921,30036,3414104,113.0,114.0,113.0,114.0,0.0,30
2895,2011-12-27,9921,173079,19849506,114.0,115.0,114.0,115.0,1.0,130
2896,2011-12-28,9921,132426,15226490,115.0,115.5,114.0,115.5,0.5,123
2897,2011-12-29,9921,177659,20533285,114.5,116.0,114.5,116.0,0.5,166
2898,2011-12-30,9921,191188,22253808,116.0,117.0,116.0,117.0,1.0,147
2899,2012-01-02,9921,90540,10439600,117.0,117.0,113.5,115.5,-1.5,82
2900,2012-01-03,9921,152897,17870552,116.0,117.0,116.0,117.0,1.5,142
2901,2012-01-04,9921,87037,10150809,117.0,117.0,116.0,117.0,0.0,81
2902,2012-01-06,9921,439419,51312023,116.0,118.0,116.0,118.0,1.0,307
2903,2012-01-09,9921,187236,22050728,118.0,118.0,116.5,118.0,0.0,172
2904,2012-01-10,9921,731348,87343412,118.0,120.0,117.0,120.0,2.0,599
2905,2012-01-11,9921,302333,35528461,119.0,120.0,116.5,118.5,-1.5,288
2906,2012-01-12,9921,485536,57497248,119.0,119.5,117.5,118.5,0.0,399
2907,2012-01-13,9921,549273,65514987,119.5,121.0,117.5,120.0,1.5,459
2908,2012-01-16,9921,189444,22462392,120.0,120.0,117.5,118.5,-1.5,156
2909,2012-01-17,9921,584724,70079656,119.0,120.5,118.5,120.0,1.5,341
2910,2012-01-18,9921,626535,74667665,117.5,120.0,117.0,119.5,-0.5,396
2911,2012-01-30,9921,1335932,166106568,125.0,127.0,120.5,125.0,5.5,660
2912,2012-01-31,9921,1038335,127678706,125.0,126.0,120.0,125.0,0.0,713
2913,2012-02-01,9921,923997,112571143,125.0,125.0,119.0,119.0,-6.0,737
2914,2012-02-02,9921,770447,91030299,120.0,120.0,117.0,117.0,-2.0,583
2915,2012-02-03,9921,980127,115121295,118.0,119.0,115.5,117.0,0.0,497
2916,2012-02-06,9921,403693,47108924,118.5,118.5,116.0,117.5,-1.0,309
2917,2012-02-07,9921,121475,14366050,118.5,118.5,117.0,118.5,1.0,117
2918,2012-02-08,9921,486826,57538053,120.0,120.0,117.0,118.5,0.0,280
2919,2012-02-09,9921,421954,50675954,119.5,121.5,119.0,121.5,3.0,271
2920,2012-02-10,9921,576431,69294720,122.0,122.0,119.5,121.0,-0.5,111
2921,2012-02-13,9921,653950,77133600,120.0,120.5,117.0,117.5,-3.5,476
2922,2012-02-14,9921,371880,43325580,118.0,119.0,116.0,116.5,-1.0,274
2923,2012-02-15,9921,707888,84874001,119.0,122.0,118.5,121.5,5.0,565
2924,2012-02-16,9921,631649,76633853,122.0,123.0,119.0,122.5,1.0,422
2925,2012-02-17,9921,625617,75436112,124.0,124.0,118.0,118.5,-4.0,515
2926,2012-02-20,9921,243780,29289709,120.5,121.0,119.0,120.5,2.0,149
2927,2012-02-21,9921,125593,15114660,121.0,121.5,119.5,121.0,0.5,120
2928,2012-02-22,9921,996957,123652625,120.5,126.0,120.5,126.0,5.0,607
2929,2012-02-23,9921,1042711,131989586,126.0,127.5,125.0,127.0,1.0,643
2930,2012-02-24,9921,643856,79763144,125.0,127.0,122.5,124.0,-3.0,289
2931,2012-02-29,9921,1040198,131161438,123.0,127.0,123.0,126.5,2.5,640
2932,2012-03-01,9921,1095218,139000250,126.5,128.5,125.0,126.0,-0.5,594
2933,2012-03-02,9921,930494,117912750,127.0,129.0,124.5,126.0,0.0,489
2934,2012-03-05,9921,259820,32242588,126.0,126.0,123.5,124.5,-1.5,218
2935,2012-03-06,9921,783465,95654265,126.0,126.0,120.0,122.0,-2.5,497
2936,2012-03-07,9921,275704,33751888,121.0,124.0,121.0,122.5,0.5,239
2937,2012-03-08,9921,678899,82600178,124.0,124.0,120.5,122.0,-0.5,507
2938,2012-03-09,9921,443650,54453950,123.5,124.0,121.5,123.0,1.0,352
2939,2012-03-12,9921,407400,49895000,125.0,125.0,120.0,124.0,1.0,269
2940,2012-03-14,9921,2851997,388966585,131.0,139.5,131.0,136.5,6.0,1396
2941,2012-03-15,9921,2050490,284899150,136.5,143.5,134.5,136.0,-0.5,1066
2942,2012-03-16,9921,1505754,207267036,137.0,140.5,135.0,135.0,-1.0,791
2943,2012-03-19,9921,1446683,202521437,136.0,141.5,136.0,140.0,5.0,877
2944,2012-03-20,9921,1351589,188976075,141.0,142.0,136.5,139.0,-1.0,787
2945,2012-03-21,9921,1120882,153396689,138.0,140.0,134.5,137.0,-2.0,670
2946,2012-03-22,9921,1146388,154808686,138.5,138.5,132.5,134.5,-2.5,630
2947,2012-03-23,9921,715711,97825258,134.0,138.0,134.0,138.0,3.5,514
2948,2012-03-26,9921,709748,97208480,138.0,139.0,135.0,135.5,-2.5,614
2949,2012-03-27,9921,798081,109623136,138.0,139.5,135.5,138.0,2.5,587
2950,2012-03-28,9921,1270378,177388908,139.5,142.0,136.5,136.5,-1.5,755
2951,2012-03-29,9921,1783194,235500720,135.0,135.0,131.0,131.0,-5.5,749
2952,2012-03-30,9921,2220797,285888709,130.0,130.0,126.0,129.5,-1.5,1212
2953,2012-04-03,9921,2712522,364737860,134.5,137.5,130.0,131.0,-1.0,1584
2954,2012-04-05,9921,1889473,245333355,127.5,134.5,125.0,132.5,1.5,1121
2955,2012-04-06,9921,709418,94160176,133.0,135.0,130.5,131.0,-1.5,569
2956,2012-04-09,9921,1270007,167398969,128.0,134.5,128.0,130.5,-0.5,752
2957,2012-04-10,9921,949849,127578840,133.0,135.5,132.5,134.5,4.0,650
2958,2012-04-11,9921,880084,119338340,134.0,138.5,132.0,136.0,1.5,584
2959,2012-04-12,9921,1284059,180478401,137.5,145.0,134.0,143.5,7.5,880
2960,2012-04-13,9921,1163830,170253180,144.0,149.0,142.0,147.0,3.5,740
2961,2012-04-16,9921,930557,134154867,146.0,146.0,142.5,143.0,-4.0,677
2962,2012-04-17,9921,1554039,229865155,145.0,150.0,145.0,146.0,3.0,956
2963,2012-04-18,9921,496421,72522624,148.0,148.0,144.0,145.0,-1.0,351
2964,2012-04-19,9921,550420,79268900,145.0,146.0,140.5,146.0,1.0,436
2965,2012-04-20,9921,503233,71611120,145.0,145.0,140.0,141.0,-5.0,385
2966,2012-04-23,9921,699446,98091656,140.0,142.0,139.0,141.5,0.5,472
2967,2012-04-24,9921,417430,58090770,140.5,141.5,137.5,139.5,-2.0,345
2968,2012-04-25,9921,503341,71672581,142.5,144.0,140.5,142.0,2.5,431
2969,2012-04-26,9921,796800,115990700,143.5,147.0,142.0,145.0,3.0,477
2970,2012-04-27,9921,595962,85426604,147.0,147.0,141.5,143.0,-2.0,397
2971,2012-04-30,9921,711336,103151056,145.0,147.0,142.5,147.0,4.0,425
2972,2012-05-02,9921,700860,102903920,147.0,149.5,145.5,148.0,1.0,478
2973,2012-05-03,9921,606470,88960910,147.0,149.5,145.0,145.0,-3.0,485
2974,2012-05-04,9921,760439,112783594,146.5,151.0,146.0,147.0,2.0,465
2975,2012-05-07,9921,584950,83498874,145.0,145.0,142.0,142.5,-4.5,424
2976,2012-05-08,9921,219211,31160251,142.0,143.5,141.5,142.0,-0.5,192
2977,2012-05-09,9921,284410,39928900,141.0,142.0,139.0,140.5,-1.5,257
2978,2012-05-10,9921,276909,39442487,139.5,144.0,139.5,143.0,2.5,243
2979,2012-05-11,9921,767921,106842321,143.0,143.0,137.5,140.5,-2.5,603
2980,2012-05-14,9921,496218,70910218,141.0,146.5,138.0,146.5,6.0,394
2981,2012-05-15,9921,469382,68624390,146.5,148.0,144.5,146.0,-0.5,407
2982,2012-05-16,9921,1748023,257891835,147.0,151.0,144.5,145.0,-1.0,1241
2983,2012-05-17,9921,834459,123027160,147.0,149.0,145.0,148.5,3.5,642
2984,2012-05-18,9921,602700,88116349,147.0,148.5,145.0,145.0,-3.5,446
2985,2012-05-21,9921,841961,121700401,147.0,147.0,143.5,144.0,-1.0,715
2986,2012-05-22,9921,905569,134241212,145.0,149.5,144.5,149.0,5.0,730
2987,2012-05-23,9921,1680201,243997949,147.0,147.0,143.5,144.0,-5.0,611
2988,2012-05-24,9921,1102981,156219340,143.5,144.5,139.5,140.0,-4.0,699
2989,2012-05-25,9921,923592,125349236,140.5,141.0,132.0,134.0,-6.0,545
2990,2012-05-28,9921,679681,91701935,137.0,137.0,133.0,135.0,1.0,500
2991,2012-05-29,9921,670201,93115336,137.5,142.0,135.5,139.0,4.0,518
2992,2012-05-30,9921,1486499,203108861,141.0,141.0,132.5,138.5,-0.5,1023
2993,2012-05-31,9921,2141864,295438254,134.5,140.5,134.0,140.5,2.0,1252
2994,2012-06-01,9921,1116109,150515997,138.5,140.5,133.0,133.0,-7.5,785
2995,2012-06-04,9921,542776,71022932,130.0,133.0,128.5,133.0,0.0,352
2996,2012-06-05,9921,413579,54829849,135.5,136.5,129.5,132.0,-1.0,363
2997,2012-06-06,9921,292361,38372652,133.0,133.5,130.5,131.5,-0.5,257
2998,2012-06-07,9921,383694,50102260,133.0,133.0,129.5,130.5,-1.0,323
2999,2012-06-08,9921,651884,87169396,131.5,135.5,129.5,135.5,5.0,562
3000,2012-06-12,9921,667000,90409500,132.0,138.0,132.0,135.5,1.5,546
3001,2012-06-13,9921,512019,69547565,137.0,137.0,133.5,136.0,0.5,444
3002,2012-06-14,9921,491822,67176024,137.0,137.5,134.5,136.5,0.5,349
3003,2012-06-15,9921,615998,84010230,138.0,138.0,135.5,135.5,-1.0,322
3004,2012-06-18,9921,223045,30559232,137.5,138.5,136.0,136.5,1.0,199
3005,2012-06-19,9921,156767,21326647,138.0,138.0,135.0,135.5,-1.0,135
3006,2012-06-20,9921,258485,35194460,137.0,137.0,135.0,137.0,1.5,165
3007,2012-06-21,9921,156213,21325203,135.5,137.0,135.5,137.0,0.0,147
3008,2012-06-22,9921,341798,45967316,135.0,137.0,134.0,134.0,-3.0,297
3009,2012-06-25,9921,448756,59353548,135.5,135.5,131.5,131.5,-2.5,423
3010,2012-06-26,9921,194006,25770793,131.5,133.5,131.5,133.0,1.5,197
3011,2012-06-27,9921,598297,81654689,136.0,138.0,133.0,138.0,5.0,528
3012,2012-06-28,9921,462210,62759480,139.0,140.0,134.0,134.0,-4.0,335
3013,2012-06-29,9921,308519,42246858,135.0,138.0,135.0,137.5,3.5,259
3014,2012-07-02,9921,280396,38146949,135.0,137.5,135.0,136.0,-1.5,264
3015,2012-07-03,9921,573635,79931215,137.5,141.5,136.0,141.5,5.5,487
3016,2012-07-04,9921,714941,102815531,144.0,144.5,142.5,144.0,2.5,526
3017,2012-07-05,9921,729235,105090840,144.0,145.0,142.5,145.0,1.0,483
3018,2012-07-06,9921,1033206,152670194,145.0,151.0,144.0,150.0,5.0,593
3019,2012-07-09,9921,1373660,208552328,150.0,154.0,148.0,151.5,1.5,785
3020,2012-07-10,9921,1158991,181634096,155.0,160.0,153.0,157.0,5.5,752
3021,2012-07-11,9921,482759,74292127,155.0,156.5,152.5,152.5,-4.5,369
3022,2012-07-12,9921,1379581,206458650,151.5,152.0,148.0,150.0,-2.5,855
3023,2012-07-13,9921,671631,101641519,150.0,155.0,149.0,149.0,-1.0,539
3024,2012-07-16,9921,560155,84617095,150.0,153.0,149.5,150.0,1.0,460
3025,2012-07-17,9921,488336,72987564,150.0,150.5,148.5,150.0,0.0,407
3026,2012-07-18,9921,482320,72539180,150.0,152.5,149.0,150.0,0.0,413
3027,2012-07-19,9921,483329,72909184,153.0,153.0,150.0,150.0,0.0,436
3028,2012-07-20,9921,788584,116582764,150.0,150.0,147.0,147.0,-3.0,533
3029,2012-07-23,9921,642544,95129012,147.0,149.0,147.0,148.5,1.5,521
3030,2012-07-24,9921,394962,58928166,150.0,151.0,148.0,150.0,1.5,289
3031,2012-07-25,9921,548592,81981116,149.0,150.5,148.0,149.0,-1.0,413
3032,2012-07-26,9921,457043,68902407,148.0,152.0,148.0,150.0,1.0,375
3033,2012-07-27,9921,841605,131160985,152.5,158.0,151.5,157.5,7.5,644
3034,2012-07-30,9921,548338,87128566,159.0,160.0,156.0,158.0,0.5,437
3035,2012-07-31,9921,1720433,280714725,157.0,168.0,157.0,165.0,7.0,1143
3036,2012-08-01,9921,1009763,165621769,163.0,166.5,162.0,163.5,-1.5,641
3037,2012-08-03,9921,969448,153166059,161.5,161.5,156.5,157.5,-6.0,652
3038,2012-08-06,9921,918446,143843798,159.0,160.5,154.5,156.0,-1.5,614
3039,2012-08-07,9921,1033878,167445492,158.0,165.0,157.0,165.0,9.0,811
3040,2012-08-08,9921,810139,132703805,167.0,167.0,161.5,162.0,-3.0,730
3041,2012-08-09,9921,650742,108259914,160.5,169.0,160.5,168.0,6.0,533
3042,2012-08-10,9921,381176,63659479,165.5,168.5,164.0,168.5,0.5,350
3043,2012-08-13,9921,742309,123521135,171.5,171.5,164.5,166.5,-2.0,597
3044,2012-08-14,9921,765804,128212169,167.5,170.0,164.5,168.5,2.0,660
3045,2012-08-16,9921,686167,113885056,164.0,169.0,163.0,169.0,0.0,577
3046,2012-08-17,9921,973357,164260619,166.0,171.0,166.0,168.0,-1.0,698
3047,2012-08-20,9921,216496,36502074,169.0,169.5,166.5,169.0,1.0,174
3048,2012-08-21,9921,632328,107306432,168.0,171.0,168.0,170.0,1.0,381
3049,2012-08-22,9921,352969,59291306,171.5,171.5,166.5,167.0,-3.0,300
3050,2012-08-23,9921,462864,76732560,167.0,167.0,165.0,166.0,-1.0,336
3051,2012-08-24,9921,336549,54930938,166.0,166.0,162.0,162.0,-4.0,286
3052,2012-08-27,9921,408940,65143960,163.5,163.5,158.0,159.0,-3.0,303
3053,2012-08-28,9921,1042304,158493904,158.0,158.5,150.0,151.0,-8.0,791
3054,2012-08-29,9921,1168420,174132286,149.0,150.5,147.5,149.0,-2.0,730
3055,2012-08-30,9921,1066673,159749777,148.5,151.0,148.5,149.0,0.0,824
3056,2012-09-03,9921,803853,119972097,150.0,150.5,148.0,149.0,-2.0,485
3057,2012-09-04,9921,492598,73318700,149.0,150.0,148.0,149.0,0.0,372
3058,2012-09-05,9921,706402,103102192,147.5,148.0,144.5,146.0,-3.0,534
3059,2012-09-06,9921,620050,91061821,146.0,148.0,146.0,146.5,0.5,454
3060,2012-09-07,9921,1269705,193716070,149.5,156.0,149.0,155.0,8.5,970
3061,2012-09-10,9921,547755,83943760,155.0,157.0,151.0,152.0,-3.0,485
3062,2012-09-11,9921,356302,54838206,152.0,155.0,152.0,153.5,1.5,291
3063,2012-09-12,9921,758550,116907200,154.0,157.0,152.0,152.5,-1.0,521
3064,2012-09-13,9921,771692,119297297,154.0,158.0,150.5,157.5,5.0,559
3065,2012-09-14,9921,551402,87109016,161.0,161.0,155.5,159.0,1.5,494
3066,2012-09-17,9921,759124,118566844,160.0,160.0,155.0,156.5,-2.5,636
3067,2012-09-19,9921,800377,126451566,155.5,160.5,155.0,159.0,3.5,626
3068,2012-09-20,9921,455483,71181848,159.0,159.0,155.5,156.0,-3.0,405
3069,2012-09-21,9921,529789,82542873,157.5,157.5,154.5,157.0,1.0,349
3070,2012-09-24,9921,527205,80942865,154.5,156.0,152.5,154.5,-2.5,441
3071,2012-09-25,9921,323205,49858671,153.5,155.5,153.0,154.5,0.0,288
3072,2012-09-26,9921,288391,44133932,153.0,155.0,152.0,153.0,-1.5,240
3073,2012-09-27,9921,455522,69402844,153.0,153.5,151.5,152.5,-0.5,411
3074,2012-09-28,9921,617056,95007650,152.0,155.5,152.0,155.5,3.0,471
3075,2012-10-01,9921,200917,31322635,156.0,157.0,155.0,155.5,0.0,187
3076,2012-10-02,9921,674292,107163069,157.0,160.0,156.0,160.0,4.5,481
3077,2012-10-03,9921,400550,64414050,160.0,162.0,158.5,162.0,2.0,317
3078,2012-10-04,9921,370782,60043402,163.5,163.5,161.0,162.0,0.0,357
3079,2012-10-05,9921,113314,18241240,162.5,162.5,160.5,160.5,-1.5,118
3080,2012-10-09,9921,1032550,170520650,162.0,168.0,162.0,163.5,3.0,814
3081,2012-10-11,9921,723605,115542300,163.5,163.5,157.5,158.5,-5.0,548
3082,2012-10-12,9921,296367,46319433,158.5,158.5,155.0,156.5,-2.0,256
3083,2012-10-15,9921,219056,34538818,158.5,160.0,156.0,157.0,0.5,207
3084,2012-10-16,9921,247486,38732073,155.0,158.0,155.0,155.5,-1.5,226
3085,2012-10-17,9921,377606,59157430,156.0,157.5,156.0,156.0,0.5,306
3086,2012-10-18,9921,212846,33312051,156.0,157.0,156.0,156.5,0.5,166
3087,2012-10-19,9921,240102,36959606,156.0,156.0,153.0,153.5,-3.0,224
3088,2012-10-22,9921,506461,76437377,152.0,153.0,150.0,150.5,-3.0,438
3089,2012-10-23,9921,295371,44417150,151.0,151.5,150.0,150.0,-0.5,243
3090,2012-10-24,9921,517152,79121829,150.0,156.5,150.0,153.5,3.5,472
3091,2012-10-25,9921,391433,59557682,155.0,155.0,150.5,151.0,-2.5,323
3092,2012-10-26,9921,1103621,169852701,153.0,157.0,151.5,152.5,1.5,807
3093,2012-10-29,9921,186598,28670994,153.0,155.0,152.5,153.5,1.0,172
3094,2012-10-31,9921,1589426,234841900,150.0,151.0,145.0,151.0,1.0,972
3095,2012-11-01,9921,869679,127818492,146.0,149.0,145.5,149.0,-2.0,669
3096,2012-11-02,9921,769357,113823013,149.5,150.0,147.5,147.5,-1.5,549
3097,2012-11-05,9921,446250,65406875,147.5,148.5,145.0,146.5,-1.0,417
3098,2012-11-06,9921,419052,60886540,146.5,146.5,144.5,145.0,-1.5,378
3099,2012-11-07,9921,1030333,148479953,147.5,149.5,141.0,142.0,-3.0,941
3100,2012-11-08,9921,1076341,149084058,140.0,141.0,137.0,137.0,-5.0,909
3101,2012-11-09,9921,1232787,170304180,137.0,141.5,135.0,140.0,3.0,991
3102,2012-11-12,9921,503564,70823960,141.0,142.0,139.0,141.0,1.0,443
3103,2012-11-13,9921,937016,133080278,143.5,143.5,140.0,143.0,2.0,810
3104,2012-11-14,9921,863521,123249197,143.0,144.0,141.5,141.5,-1.5,488
3105,2012-11-15,9921,419808,59733236,141.0,143.0,141.0,143.0,1.5,380
3106,2012-11-16,9921,450404,64077569,143.0,143.5,141.0,142.5,-0.5,367
3107,2012-11-19,9921,242563,34519163,142.0,143.5,141.0,142.0,-0.5,204
3108,2012-11-20,9921,667098,95785112,142.5,145.5,141.5,145.0,3.0,490
3109,2012-11-21,9921,705914,100043960,146.0,146.0,140.0,140.5,-4.5,652
3110,2012-11-22,9921,361970,51536722,142.0,144.0,141.0,143.5,3.0,273
3111,2012-11-23,9921,751338,110243352,144.5,148.5,144.5,148.5,5.0,527
3112,2012-11-26,9921,265514,39577086,149.5,150.0,148.0,150.0,1.5,261
3113,2012-11-27,9921,371338,55368362,149.5,150.0,147.0,150.0,0.0,314
3114,2012-11-28,9921,436795,64561865,148.5,150.0,146.5,148.5,-1.5,409
3115,2012-11-29,9921,543931,81698719,148.5,151.0,148.5,150.0,1.5,413
3116,2012-11-30,9921,1318029,202444937,152.0,155.0,151.5,154.0,4.0,827
3117,2012-12-03,9921,1019316,161087582,153.0,159.5,153.0,159.5,5.5,760
3118,2012-12-04,9921,774647,124080520,158.0,161.0,158.0,160.5,1.0,681
3119,2012-12-05,9921,842071,137694644,160.0,165.0,160.0,165.0,4.5,667
3120,2012-12-06,9921,778299,125588750,164.5,165.0,160.0,161.0,-4.0,538
3121,2012-12-07,9921,348664,56170740,160.0,162.5,160.0,160.5,-0.5,186
3122,2012-12-10,9921,221780,35540300,160.0,162.0,159.5,161.0,0.5,203
3123,2012-12-11,9921,410349,66704538,162.0,163.0,161.0,163.0,2.0,332
3124,2012-12-12,9921,806474,133220150,164.0,166.0,163.5,166.0,3.0,554
3125,2012-12-13,9921,616853,102391538,165.0,167.5,163.5,167.0,1.0,282
3126,2012-12-14,9921,569677,95459896,168.0,168.5,166.0,168.5,1.5,415
3127,2012-12-17,9921,497663,83956713,169.0,169.5,166.5,169.5,1.0,457
3128,2012-12-18,9921,811435,134108340,169.5,169.5,160.0,165.0,-4.5,686
3129,2012-12-19,9921,663841,106850060,163.0,164.5,160.0,161.0,-4.0,525
3130,2012-12-20,9921,1585260,244196340,161.0,161.0,158.5,160.0,-1.0,519
3131,2012-12-21,9921,619600,98920000,160.0,163.0,158.0,160.5,0.5,394
3132,2012-12-24,9921,127918,20600298,161.0,161.5,160.0,161.5,1.5,127
3133,2012-12-25,9921,189352,30737376,162.0,164.0,160.0,163.5,2.0,172
3134,2012-12-26,9921,220162,36030906,165.0,165.0,162.5,163.5,0.0,147
3135,2012-12-27,9921,432728,70063708,163.5,163.5,161.0,162.5,-1.0,331
3136,2012-12-28,9921,502944,83270704,165.0,166.5,164.0,166.5,4.0,397
3137,2013-01-02,9921,233586,38903604,166.5,168.0,164.0,164.5,-2.0,232
3138,2013-01-03,9921,336493,55755095,167.0,167.5,163.5,165.5,1.0,301
3139,2013-01-07,9921,530265,84383605,161.5,161.5,157.0,157.5,-4.5,452
3140,2013-01-08,9921,817282,129766184,155.0,163.0,155.0,163.0,5.5,641
3141,2013-01-09,9921,497009,79744931,162.0,163.0,158.0,160.0,-3.0,404
3142,2013-01-10,9921,579653,94624286,162.5,165.0,161.0,163.0,3.0,505
3143,2013-01-11,9921,262544,43048716,163.0,165.0,162.5,165.0,2.0,202
3144,2013-01-14,9921,623626,100388912,162.0,162.5,160.0,162.5,-2.5,411
3145,2013-01-15,9921,231490,37348880,163.0,163.0,160.0,163.0,0.5,217
3146,2013-01-16,9921,215568,34714880,163.0,163.0,160.5,160.5,-2.5,189
3147,2013-01-17,9921,406789,65947607,162.0,163.5,160.5,161.5,1.0,342
3148,2013-01-18,9921,359337,57519086,163.0,163.0,158.5,160.5,-1.0,332
3149,2013-01-21,9921,296375,47145125,160.5,161.0,158.0,159.0,-1.5,256
3150,2013-01-22,9921,557739,88152262,159.0,159.5,157.0,158.0,-1.0,500
3151,2013-01-23,9921,344996,54296869,157.5,158.5,157.0,157.0,-1.0,286
3152,2013-01-24,9921,2501666,387591230,156.5,156.5,153.0,154.5,-2.5,927
3153,2013-01-25,9921,858211,131298783,154.5,155.0,152.0,152.5,-2.0,546
3154,2013-01-28,9921,588276,91162193,153.0,155.5,153.0,155.0,2.5,458
3155,2013-01-29,9921,1001004,158890140,155.0,160.0,155.0,160.0,5.0,680
3156,2013-01-30,9921,584741,93588060,160.0,161.0,159.0,160.0,0.0,444
3157,2013-01-31,9921,938131,148262762,162.0,162.0,157.0,157.0,-3.0,704
3158,2013-02-01,9921,707615,110779744,158.0,159.0,154.5,156.0,-1.0,570
3159,2013-02-04,9921,581262,91104634,157.0,158.0,156.0,157.0,1.0,509
3160,2013-02-05,9921,674152,107334820,157.0,161.0,156.0,161.0,4.0,500
3161,2013-02-06,9921,688097,112269617,162.5,164.0,161.5,162.0,1.0,507
3162,2013-02-18,9921,956443,159083757,164.5,168.0,162.0,167.5,5.5,776
3163,2013-02-19,9921,694221,116465628,167.5,169.0,166.5,168.0,0.5,622
3164,2013-02-20,9921,573235,97257715,170.0,170.0,168.5,170.0,2.0,492
3165,2013-02-21,9921,446807,75432076,170.0,170.0,166.5,169.5,-0.5,307
3166,2013-02-22,9921,214227,35767455,169.0,169.0,165.5,166.0,-3.5,173
3167,2013-02-25,9921,197907,32932748,168.0,168.0,165.0,165.0,-2.5,163
3168,2013-02-26,9921,474880,77315060,164.0,164.5,162.0,162.0,-3.0,400
3169,2013-02-27,9921,376176,61541920,164.0,165.0,162.5,162.5,0.5,268
3170,2013-03-01,9921,799257,133192419,162.5,169.0,162.5,167.5,5.0,644
3171,2013-03-04,9921,597891,99159297,165.0,168.0,165.0,168.0,0.5,535
3172,2013-03-05,9921,699413,119371210,168.0,173.0,166.0,171.0,3.0,588
3173,2013-03-06,9921,1158241,198796488,172.0,177.0,168.0,168.0,-3.0,818
3174,2013-03-08,9921,697165,121354458,172.0,176.0,171.0,173.0,3.5,513
3175,2013-03-11,9921,390528,68012844,173.0,175.5,173.0,173.5,0.5,327
3176,2013-03-12,9921,220247,37690990,171.5,173.0,170.0,171.5,-2.0,183
3177,2013-03-13,9921,413137,70347582,171.5,172.5,168.5,168.5,-3.0,267
3178,2013-03-14,9921,380316,63940272,168.5,169.0,167.0,168.0,-0.5,282
3179,2013-03-15,9921,655819,111383730,171.0,172.0,168.5,169.0,1.0,395
3180,2013-03-19,9921,624645,103756070,164.5,169.0,164.0,165.5,1.5,524
3181,2013-03-20,9921,616074,101629236,166.0,166.0,164.0,164.0,-1.5,491
3182,2013-03-21,9921,1006630,169062840,166.0,172.0,165.0,166.0,2.0,816
3183,2013-03-22,9921,769633,128485078,165.5,168.0,165.5,166.5,0.5,613
3184,2013-03-25,9921,649423,106202603,165.5,167.0,161.5,162.5,-4.0,583
3185,2013-03-26,9921,554626,90549164,162.5,166.5,161.0,165.0,2.5,442
3186,2013-03-27,9921,966800,158377098,165.0,166.0,162.0,165.5,0.5,710
3187,2013-03-28,9921,706963,118029765,167.0,168.5,165.0,168.5,3.0,616
3188,2013-03-29,9921,376004,62915168,169.5,169.5,165.5,166.5,-2.0,313
3189,2013-04-01,9921,186449,31029756,167.0,167.0,165.0,166.5,0.0,156
3190,2013-04-02,9921,284246,47436844,167.5,169.0,165.0,165.0,-1.5,263
3191,2013-04-03,9921,536414,89827843,166.5,168.5,166.0,168.5,3.5,478
3192,2013-04-08,9921,548900,90906049,168.0,168.0,164.5,165.5,-3.0,491
3193,2013-04-09,9921,455486,74649473,164.5,166.5,162.5,162.5,-3.0,400
3194,2013-04-10,9921,1031500,171150000,166.0,171.0,163.5,169.5,7.0,769
3195,2013-04-11,9921,481001,82023673,170.0,172.0,169.5,171.0,1.5,399
3196,2013-04-12,9921,940009,164746602,172.5,179.0,171.0,179.0,8.0,677
3197,2013-04-15,9921,457555,80420515,177.5,179.0,174.0,174.0,-5.0,368
3198,2013-04-16,9921,552724,95585648,172.0,177.0,169.0,177.0,3.0,463
3199,2013-04-17,9921,544176,95569152,177.0,178.0,173.0,177.0,0.0,483
3200,2013-04-18,9921,779812,136691476,177.0,177.0,173.0,173.0,-4.0,668
3201,2013-04-19,9921,774719,132711449,173.0,174.0,169.0,171.0,-2.0,624
3202,2013-04-22,9921,669588,117135136,171.5,177.0,171.5,173.0,2.0,523
3203,2013-04-23,9921,342565,59581745,175.0,175.0,171.5,174.0,1.0,307
3204,2013-04-24,9921,680438,120911743,175.0,179.0,175.0,178.5,4.5,568
3205,2013-04-26,9921,708830,123350090,173.5,176.0,172.0,173.0,-2.0,625
3206,2013-04-29,9921,353974,62194950,175.0,176.5,173.5,176.0,3.0,321
3207,2013-04-30,9921,530393,93849168,177.5,178.0,175.0,177.0,1.0,459
3208,2013-05-02,9921,400288,70423900,177.0,177.0,175.0,175.5,-1.5,367
3209,2013-05-03,9921,426005,74647880,175.5,177.5,174.0,176.0,0.5,386
3210,2013-05-06,9921,997925,179125958,177.5,181.5,176.5,181.5,5.5,777
3211,2013-05-07,9921,672928,121027468,179.0,182.0,177.0,182.0,0.5,448
3212,2013-05-08,9921,918864,173053160,182.0,192.0,182.0,191.0,9.0,727
3213,2013-05-09,9921,806431,150989666,191.0,191.0,185.5,187.0,-4.0,620
3214,2013-05-10,9921,450063,84140186,187.0,189.0,185.5,186.5,-0.5,407
3215,2013-05-14,9921,1534200,286264620,184.0,188.0,184.0,186.0,2.0,558
3216,2013-05-15,9921,1436350,269161801,189.0,189.0,185.5,188.5,2.5,797
3217,2013-05-16,9921,653113,122786631,190.0,190.0,186.5,188.0,-0.5,579
3218,2013-05-17,9921,650742,121334528,187.5,188.5,186.0,186.0,-2.0,484
3219,2013-05-20,9921,547146,102790019,186.0,189.5,185.0,189.5,3.5,502
3220,2013-05-21,9921,687210,131033900,190.0,192.0,189.5,192.0,2.5,575
3221,2013-05-22,9921,1354820,269539077,194.0,201.0,194.0,200.0,8.0,982
3222,2013-05-23,9921,893053,173430091,199.5,199.5,192.0,192.0,-8.0,752
3223,2013-05-24,9921,1026822,200560531,192.0,198.0,190.0,198.0,6.0,645
3224,2013-05-27,9921,920989,187142245,199.5,207.0,197.0,206.0,8.0,757
3225,2013-05-28,9921,807527,165853302,208.0,208.0,202.0,206.0,0.0,574
3226,2013-05-29,9921,510024,104384786,207.0,208.5,204.0,205.0,-1.0,366
3227,2013-05-30,9921,578150,117543950,202.0,205.0,201.0,204.0,-1.0,454
3228,2013-05-31,9921,1009368,209165544,202.5,209.0,202.5,209.0,5.0,818
3229,2013-06-03,9921,1004419,203214505,204.0,206.0,200.5,200.5,-8.5,888
3230,2013-06-04,9921,1016818,202701070,201.5,203.0,198.0,198.5,-2.0,533
3231,2013-06-05,9921,1283029,252979155,201.0,201.0,196.0,197.0,-1.5,1002
3232,2013-06-06,9921,1477568,285670488,196.5,199.5,191.5,192.0,-5.0,1065
3233,2013-06-07,9921,1153055,219459395,194.0,195.0,188.5,190.0,-2.0,863
3234,2013-06-10,9921,1169929,228692726,192.5,199.0,192.5,195.0,5.0,892
3235,2013-06-11,9921,364126,69808066,195.0,195.5,190.5,190.5,-4.5,291
3236,2013-06-13,9921,563562,107486280,189.0,193.0,188.5,191.0,0.5,498
3237,2013-06-14,9921,548009,105533222,191.0,194.5,190.5,192.5,1.5,474
3238,2013-06-17,9921,645996,126201224,194.0,198.0,193.0,195.0,2.5,551
3239,2013-06-18,9921,758932,145794080,197.0,197.0,190.0,190.0,-5.0,659
3240,2013-06-19,9921,665810,129287380,193.0,198.5,189.0,198.5,8.5,608
3241,2013-06-20,9921,941806,181020640,198.5,198.5,189.5,190.0,-8.5,706
3242,2013-06-21,9921,674845,126613705,188.0,190.0,185.0,190.0,0.0,510
3243,2013-06-24,9921,545593,102958891,190.0,190.0,187.0,187.0,-3.0,460
3244,2013-06-25,9921,776008,144282964,187.0,187.0,184.0,184.5,-2.5,641
3245,2013-06-26,9921,1283281,242713671,188.5,192.0,185.5,192.0,7.5,955
3246,2013-06-27,9921,929614,180801730,194.0,196.0,191.5,196.0,4.0,788
3247,2013-06-28,9921,978559,196806036,196.0,206.0,194.0,206.0,10.0,779
3248,2013-07-01,9921,537377,110766285,205.5,208.0,204.5,205.5,-0.5,396
3249,2013-07-02,9921,374439,78024751,208.0,210.0,204.5,210.0,4.5,357
3250,2013-07-03,9921,493348,102684884,209.5,210.0,205.5,209.5,-0.5,424
3251,2013-07-04,9921,629385,127640460,208.0,208.0,198.0,202.5,-7.0,583
3252,2013-07-05,9921,1255361,264627810,203.5,214.0,203.5,211.0,8.5,686
3253,2013-07-08,9921,1067097,227894273,211.0,222.0,206.5,210.0,-1.0,886
3254,2013-07-09,9921,567848,122766668,213.5,218.0,212.5,217.0,7.0,519
3255,2013-07-10,9921,791068,175331855,217.0,226.0,217.0,220.0,3.0,557
3256,2013-07-11,9921,1847247,430310545,220.0,235.0,220.0,235.0,15.0,1059
3257,2013-07-12,9921,1859000,428740000,234.5,239.0,224.0,230.0,-5.0,1567
3258,2013-07-15,9921,585255,133128875,230.0,230.0,224.0,227.5,-2.5,530
3259,2013-07-16,9921,905230,206198520,227.5,231.5,225.0,225.5,-2.0,748
3260,2013-07-17,9921,1225983,278034935,226.5,228.5,224.5,226.5,1.0,956
3261,2013-07-18,9921,1291054,297222837,228.0,232.0,228.0,230.0,3.5,1008
3262,2013-07-19,9921,709454,167164955,228.0,238.0,228.0,236.0,6.0,639
3263,2013-07-22,9921,1028174,251683189,242.0,248.0,240.5,244.0,8.0,806
3264,2013-07-23,9921,947215,226123815,244.0,244.0,235.0,242.0,-2.0,776
3265,2013-07-24,9921,661545,155458708,241.5,241.5,232.5,232.5,-9.5,605
3266,2013-07-25,9921,1251381,283092344,229.0,232.0,223.5,224.0,-8.5,1104
3267,2013-07-29,9921,472591,103204446,219.0,223.0,216.0,219.0,-1.0,463
3268,2013-07-30,9921,818224,189020575,220.0,234.0,220.0,234.0,15.0,731
3269,2013-07-31,9921,754156,172138412,237.0,237.0,223.0,227.0,-7.0,647
3270,2013-08-01,9921,398117,90227091,225.0,231.5,222.5,223.0,-4.0,371
3271,2013-08-02,9921,654285,149871835,226.0,232.0,225.0,232.0,9.0,618
3272,2013-08-05,9921,782422,176789160,227.0,228.0,224.5,225.5,-6.5,748
3273,2013-08-06,9921,1075021,234554563,223.5,223.5,217.0,217.5,-8.0,873
3274,2013-08-07,9921,962548,205415080,214.0,217.5,211.5,211.5,-6.0,869
3275,2013-08-08,9921,483835,102733266,211.5,215.0,211.0,211.5,0.0,447
3276,2013-08-09,9921,651697,138872218,211.5,219.0,211.0,212.0,0.5,619
3277,2013-08-12,9921,437052,95281180,216.0,221.0,215.0,215.0,3.0,385
3278,2013-08-13,9921,1356079,302010196,215.0,226.0,215.0,225.0,10.0,1116
3279,2013-08-14,9921,882803,191314448,225.0,225.0,213.0,216.0,-9.0,781
3280,2013-08-15,9921,781529,165422148,213.0,213.0,210.0,211.5,-4.5,640
3281,2013-08-16,9921,787128,166541636,211.5,213.5,210.0,211.5,0.0,592
3282,2013-08-19,9921,729961,148089622,206.0,207.0,200.5,202.0,0.0,634
3283,2013-08-20,9921,793086,159666068,205.0,205.5,197.0,198.5,-3.5,724
3284,2013-08-22,9921,1881926,358288792,191.0,194.0,187.0,191.0,-7.5,1465
3285,2013-08-23,9921,1666270,329356230,195.0,202.0,194.0,200.0,9.0,1361
3286,2013-08-26,9921,688119,134774705,196.0,199.5,194.0,195.0,-5.0,572
3287,2013-08-27,9921,881873,173042922,194.0,198.5,194.0,194.0,-1.0,487
3288,2013-08-28,9921,1197567,225736864,190.0,192.0,184.0,191.5,-2.5,1019
3289,2013-08-29,9921,1122900,221442090,193.0,200.0,193.0,197.5,6.0,819
3290,2013-08-30,9921,892245,178404755,200.0,201.5,194.0,201.5,4.0,627
3291,2013-09-02,9921,272756,54305688,197.5,201.0,197.5,198.0,-3.5,246
3292,2013-09-03,9921,340062,67393776,201.0,202.0,196.0,197.0,-1.0,295
3293,2013-09-04,9921,443874,89058109,198.5,202.5,198.0,202.5,5.5,368
3294,2013-09-05,9921,870002,181101912,205.0,211.0,203.5,210.0,7.5,751
3295,2013-09-06,9921,484180,101887529,210.5,212.5,208.5,209.0,-1.0,421
3296,2013-09-09,9921,559677,119032378,210.0,215.0,207.5,215.0,6.0,546
3297,2013-09-10,9921,503320,107824300,215.0,217.5,211.5,216.0,1.0,448
3298,2013-09-11,9921,1028792,216460381,216.5,217.0,204.0,215.5,-0.5,836
3299,2013-09-12,9921,560619,119459490,215.0,216.5,209.5,211.0,-4.5,525
3300,2013-09-13,9921,490352,102818568,211.0,214.5,206.5,210.0,-1.0,429
3301,2013-09-16,9921,515845,107421336,210.0,210.0,206.0,209.0,3.0,411
3302,2013-09-17,9921,648627,133997035,209.0,209.0,204.0,207.5,-1.5,557
3303,2013-09-18,9921,654283,134055298,207.0,208.5,202.5,204.0,-3.5,553
3304,2013-09-23,9921,523732,108322388,203.5,209.0,203.5,209.0,5.0,455
3305,2013-09-24,9921,891815,192089355,209.5,218.0,209.5,218.0,9.0,774
3306,2013-09-25,9921,640400,139784397,218.0,220.0,215.5,220.0,2.0,447
3307,2013-09-26,9921,513370,110280940,218.0,219.5,213.0,213.0,-7.0,464
3308,2013-09-27,9921,995892,211816156,214.0,216.0,209.5,213.0,0.0,615
3309,2013-09-30,9921,1069996,217767691,203.5,208.0,201.5,201.5,-11.5,880
3310,2013-10-01,9921,1281206,258189700,201.5,205.0,199.0,199.0,-2.5,1029
3311,2013-10-02,9921,1105351,222428226,200.0,204.5,197.0,202.5,3.5,908
3312,2013-10-04,9921,1150628,245853330,206.5,217.0,206.5,216.5,10.0,936
3313,2013-10-07,9921,802236,174709740,216.0,222.0,213.5,215.0,-1.5,669
3314,2013-10-08,9921,427481,91773915,217.0,218.0,211.5,214.5,-0.5,383
3315,2013-10-09,9921,399520,86179057,216.0,218.0,212.5,217.0,2.5,357
3316,2013-10-11,9921,547498,119503074,220.0,222.0,214.0,214.0,-3.0,502
3317,2013-10-14,9921,286385,60455041,213.0,216.0,210.0,210.5,-3.5,251
3318,2013-10-15,9921,377308,80815720,214.5,215.5,212.0,215.5,5.0,332
3319,2013-10-16,9921,286567,61726838,218.0,218.0,214.0,214.0,-1.5,263
3320,2013-10-17,9921,370962,80465792,217.5,218.0,215.0,217.5,3.5,336
3321,2013-10-18,9921,251781,54504477,218.0,218.0,215.0,217.0,-0.5,212
3322,2013-10-22,9921,456935,99013090,216.0,218.0,215.0,215.5,-1.0,431
3323,2013-10-23,9921,528659,112953512,216.0,217.5,211.0,213.0,-2.5,474
3324,2013-10-24,9921,413120,87544640,211.0,215.0,210.5,212.0,-1.0,407
3325,2013-10-25,9921,849765,171969885,213.0,213.5,208.5,210.0,-2.0,311
3326,2013-10-28,9921,1237052,259873368,212.0,212.0,209.0,210.0,0.0,195
3327,2013-10-29,9921,633486,134729518,210.0,214.0,210.0,214.0,4.0,477
3328,2013-10-30,9921,454943,97076528,214.0,215.5,211.5,213.5,-0.5,239
3329,2013-10-31,9921,1571821,343814212,214.0,220.5,213.5,220.5,7.0,962
3330,2013-11-01,9921,1045517,235587808,222.0,229.0,221.0,225.5,5.0,783
3331,2013-11-04,9921,670071,151655907,225.5,229.0,223.5,226.0,0.5,483
3332,2013-11-05,9921,957959,216686316,228.0,230.0,224.0,225.0,-1.0,744
3333,2013-11-07,9921,671131,146727558,223.0,223.0,216.5,218.0,-6.0,540
3334,2013-11-08,9921,510716,112023236,216.0,222.5,216.0,222.0,4.0,387
3335,2013-11-11,9921,1108353,235436042,219.0,221.0,209.0,212.0,-10.0,948
3336,2013-11-12,9921,1148720,242949120,213.0,215.5,209.5,211.5,-0.5,860
3337,2013-11-13,9921,1278013,264294743,209.5,210.0,205.0,205.5,-6.0,989
3338,2013-11-14,9921,802901,165733461,207.5,210.5,205.0,205.5,0.0,728
3339,2013-11-15,9921,934554,189542072,205.5,207.0,199.0,200.0,-5.5,707
3340,2013-11-18,9921,651028,130409583,201.0,204.0,199.0,199.0,-1.0,595
3341,2013-11-19,9921,723238,147905290,202.0,206.5,201.0,206.0,7.0,656
3342,2013-11-20,9921,2959946,596027756,206.0,206.0,198.0,201.0,-5.0,1259
3343,2013-11-21,9921,1037250,203520000,199.0,200.0,195.0,195.0,-6.0,918
3344,2013-11-25,9921,651318,129317146,202.0,202.0,196.5,196.5,-3.5,577
3345,2013-11-26,9921,1207629,242150300,199.0,203.5,198.0,199.5,3.0,809
3346,2013-11-27,9921,649243,131964829,203.0,204.0,201.5,203.0,3.5,574
3347,2013-11-28,9921,737824,151895244,206.0,208.0,203.5,207.5,4.5,613
3348,2013-11-29,9921,989668,205807776,209.0,209.0,205.0,208.5,1.0,474
3349,2013-12-02,9921,505113,106182052,208.5,211.0,208.5,210.0,1.5,390
3350,2013-12-03,9921,453929,94878257,209.5,210.5,208.5,208.5,-1.5,387
3351,2013-12-04,9921,501245,104787335,208.5,210.0,208.5,208.5,0.0,429
3352,2013-12-05,9921,528748,110563454,209.5,210.5,208.5,210.0,1.5,447
3353,2013-12-06,9921,536684,112086427,208.5,210.0,207.5,208.5,-1.5,435
3354,2013-12-09,9921,712926,152227346,210.0,215.0,210.0,213.0,4.5,610
3355,2013-12-11,9921,613772,128666576,209.0,213.5,208.5,209.0,-2.5,532
3356,2013-12-12,9921,431605,89333324,208.5,211.0,204.5,205.0,-4.0,394
3357,2013-12-13,9921,831889,166329411,205.0,205.5,197.0,199.0,-6.0,726
3358,2013-12-16,9921,726270,141814283,198.0,198.0,193.0,195.0,-4.0,548
3359,2013-12-17,9921,697648,138811921,195.0,200.5,195.0,200.5,5.5,643
3360,2013-12-18,9921,753268,148353832,200.5,200.5,195.5,197.5,-3.0,625
3361,2013-12-19,9921,610547,122561900,198.0,202.0,198.0,201.0,3.5,543
3362,2013-12-20,9921,202683,40420417,198.5,201.0,198.5,200.0,-1.0,195
3363,2013-12-23,9921,310498,62699600,202.0,203.0,200.5,201.5,1.5,281
3364,2013-12-24,9921,164512,33065388,202.0,204.0,199.0,200.5,-1.0,169
3365,2013-12-25,9921,117546,23444654,201.0,201.0,198.5,199.0,-1.5,118
3366,2013-12-27,9921,220437,44241337,201.0,202.0,199.5,202.0,3.0,205
3367,2013-12-30,9921,421564,86345056,202.0,205.5,202.0,205.5,3.5,319
3368,2013-12-31,9921,222295,45597233,205.5,207.0,203.0,205.0,-0.5,181
3369,2014-01-02,9921,235758,48535890,206.0,206.5,204.0,206.5,1.5,207
3370,2014-01-03,9921,272542,55005169,206.5,206.5,200.5,202.0,-4.5,264
3371,2014-01-06,9921,296706,59537843,200.5,202.0,199.5,199.5,-2.5,289
3372,2014-01-07,9921,336001,67146199,199.5,201.0,198.5,198.5,-1.0,289
3373,2014-01-08,9921,469842,93318292,200.0,200.5,197.0,197.5,-1.0,389
3374,2014-01-09,9921,626519,125863800,198.0,203.0,197.5,201.5,4.0,551
3375,2014-01-10,9921,457735,91892000,201.5,201.5,200.0,201.5,0.0,284
3376,2014-01-14,9921,503843,99102071,195.0,198.0,195.0,197.0,2.0,363
3377,2014-01-15,9921,989485,192060105,198.0,198.5,192.0,193.0,-4.0,858
3378,2014-01-16,9921,541134,105285630,194.5,196.0,193.0,196.0,3.0,450
3379,2014-01-17,9921,541977,106966946,196.5,198.5,195.0,198.0,2.0,401
3380,2014-01-20,9921,786462,157660628,200.0,201.5,198.0,201.0,3.0,522
3381,2014-01-21,9921,882404,175252300,199.0,201.0,198.0,201.0,0.0,696
3382,2014-01-22,9921,715580,141029180,201.0,201.0,196.0,196.0,-5.0,639
3383,2014-01-23,9921,613429,119660366,196.0,196.5,194.0,195.0,-1.0,599
3384,2014-01-24,9921,479426,94074496,195.0,198.0,195.0,197.0,2.0,445
3385,2014-01-27,9921,1094396,209127430,193.0,195.0,189.0,192.0,-5.0,1005
3386,2014-02-05,9921,1822900,344731100,186.5,194.0,185.5,194.0,2.0,1518
3387,2014-02-06,9921,988400,191641500,192.0,196.0,191.0,195.0,1.0,847
3388,2014-02-07,9921,340733,66551068,198.0,198.0,193.5,194.5,-0.5,307
3389,2014-02-10,9921,298566,58717870,197.5,198.0,194.5,195.0,0.5,302
3390,2014-02-11,9921,480899,93567952,195.0,196.5,193.5,194.0,-1.0,139
3391,2014-02-12,9921,831856,165928344,197.0,201.5,195.5,200.0,6.0,786
3392,2014-02-13,9921,402445,78297720,196.0,196.5,193.5,193.5,-6.5,394
3393,2014-02-14,9921,293081,57456832,194.5,197.0,194.5,196.5,3.0,287
3394,2014-02-17,9921,150855,29733005,196.5,197.5,196.5,197.5,1.0,155
3395,2014-02-18,9921,176919,34710624,195.5,197.5,195.0,197.0,-0.5,161
3396,2014-02-19,9921,380734,73895364,195.0,197.0,192.5,194.5,-2.5,356
3397,2014-02-20,9921,989932,192634651,194.5,199.0,192.0,197.5,3.0,814
3398,2014-02-21,9921,712924,141398152,198.5,199.5,196.5,199.0,1.5,492
3399,2014-02-24,9921,767303,153470297,199.0,201.5,198.5,200.0,1.0,428
3400,2014-02-25,9921,971966,198049544,202.0,205.0,201.0,204.5,4.5,764
3401,2014-02-26,9921,1007811,210470688,206.0,210.0,205.0,209.0,4.5,905
3402,2014-02-27,9921,792005,166401528,211.0,213.5,206.5,206.5,-2.5,640
3403,2014-03-03,9921,825167,174612070,209.5,213.0,209.5,211.5,5.0,696
3404,2014-03-04,9921,398116,83660128,211.5,213.0,207.0,208.0,-3.5,362
3405,2014-03-05,9921,487194,102596352,212.0,213.5,208.0,208.0,0.0,410
3406,2014-03-06,9921,403141,83561546,211.0,211.0,205.5,206.0,-2.0,319
3407,2014-03-07,9921,634594,132201659,206.0,211.0,204.0,208.0,2.0,496
3408,2014-03-10,9921,564086,115292855,206.0,207.5,202.5,205.0,-3.0,428
3409,2014-03-11,9921,408515,83486269,205.5,206.5,203.0,203.0,-2.0,384
3410,2014-03-12,9921,172319,35170076,203.0,205.0,203.0,205.0,2.0,144
3411,2014-03-13,9921,394786,79553877,204.0,205.0,200.5,201.0,-4.0,353
3412,2014-03-14,9921,316968,63695600,201.0,202.5,200.0,200.0,-1.0,230
3413,2014-03-17,9921,471818,95933962,201.0,205.0,200.0,203.5,3.5,386
3414,2014-03-18,9921,238600,48637900,204.5,205.5,203.0,204.0,0.5,216
3415,2014-03-19,9921,192487,38767361,202.0,203.0,201.0,201.0,-3.0,184
3416,2014-03-20,9921,262195,52146425,201.0,201.0,197.0,199.0,-2.0,245
3417,2014-03-21,9921,435705,86384671,199.5,200.5,197.0,197.5,-1.5,347
3418,2014-03-25,9921,335033,67348133,201.5,203.0,199.0,199.0,-4.5,308
3419,2014-03-26,9921,591307,118091743,200.0,201.0,198.0,200.5,1.5,470
3420,2014-03-27,9921,1128462,224344938,203.0,203.0,198.0,198.5,-2.0,868
3421,2014-03-28,9921,567376,114731139,200.0,203.5,200.0,203.5,5.0,507
3422,2014-03-31,9921,619924,127247544,204.0,207.0,203.0,207.0,3.5,452
3423,2014-04-01,9921,218882,44785428,208.0,208.0,203.0,205.0,-2.0,194
3424,2014-04-02,9921,497501,102773454,207.5,208.0,204.5,204.5,-0.5,432
3425,2014-04-03,9921,325305,67143980,207.0,207.0,205.0,207.0,2.5,247
3426,2014-04-07,9921,760176,157416932,207.0,208.0,205.5,207.0,0.0,660
3427,2014-04-08,9921,420110,85559885,206.0,206.0,202.0,203.5,-3.5,161
3428,2014-04-09,9921,263304,53817516,203.5,206.0,202.5,204.5,1.0,239
3429,2014-04-10,9921,418095,84417285,204.5,205.5,200.0,202.5,-2.0,286
3430,2014-04-11,9921,564300,115456347,203.0,207.0,202.5,204.5,2.0,491
3431,2014-04-14,9921,1820074,384756144,207.0,214.5,207.0,212.5,8.0,1352
3432,2014-04-15,9921,1172041,250386274,215.0,215.0,209.0,214.5,2.0,1011
3433,2014-04-16,9921,822934,177461744,211.5,217.5,211.5,216.0,1.5,733
3434,2014-04-17,9921,2010747,457451428,219.0,231.0,219.0,230.5,14.5,1157
3435,2014-04-18,9921,826546,191182672,230.5,234.5,226.0,232.0,1.5,662
3436,2014-04-21,9921,527960,121380880,233.0,234.0,226.0,229.5,-2.5,470
3437,2014-04-22,9921,836317,196211145,235.0,236.0,232.5,235.0,5.5,537
3438,2014-04-23,9921,1052514,251553846,235.0,240.0,233.0,240.0,5.0,915
3439,2014-04-24,9921,1903089,474599109,240.0,255.0,240.0,249.5,9.5,1372
3440,2014-04-25,9921,1282394,307796030,232.5,250.0,232.5,247.5,-2.0,1093
3441,2014-04-28,9921,984060,238468840,240.0,251.5,235.5,239.5,-8.0,875
3442,2014-04-29,9921,633589,150803474,245.0,245.0,235.0,238.5,-1.0,574
3443,2014-04-30,9921,868875,207493125,238.5,244.0,236.0,236.0,-2.5,671
3444,2014-05-02,9921,574401,137475131,242.0,244.0,238.0,242.0,6.0,366
3445,2014-05-05,9921,605859,143458865,245.0,247.0,234.5,235.5,-6.5,558
3446,2014-05-06,9921,649293,149899476,234.0,234.5,228.0,232.0,-3.5,574
3447,2014-05-07,9921,772300,176350600,231.0,231.0,226.0,230.0,-2.0,634
3448,2014-05-08,9921,292822,67201505,232.0,232.0,227.5,227.5,-2.5,262
3449,2014-05-09,9921,457620,102391568,227.0,227.0,223.0,223.5,-4.0,391
3450,2014-05-12,9921,296600,66928700,229.0,229.0,223.5,225.0,1.5,270
3451,2014-05-13,9921,883988,205723196,228.0,235.0,226.5,234.0,9.0,778
3452,2014-05-14,9921,938018,222825784,234.5,240.0,232.5,238.0,4.0,795
3453,2014-05-15,9921,547404,127952940,236.5,236.5,230.5,235.0,-3.0,492
3454,2014-05-16,9921,681610,156498714,230.5,234.0,227.0,231.5,-3.5,603
3455,2014-05-19,9921,393951,91112009,230.0,234.5,229.0,234.5,3.0,355
3456,2014-05-20,9921,261627,61193837,236.0,236.0,232.0,232.0,-2.5,256
3457,2014-05-21,9921,389706,92168053,234.0,239.5,233.0,234.5,2.5,394
3458,2014-05-22,9921,375142,87601297,231.0,234.5,231.0,234.5,0.0,340
3459,2014-05-23,9921,477536,110414816,231.5,234.5,229.0,232.0,-2.5,444
3460,2014-05-26,9921,338512,77559236,230.5,232.0,228.0,228.0,-4.0,322
3461,2014-05-27,9921,536088,122726152,226.0,231.0,226.0,230.5,2.5,469
3462,2014-05-28,9921,696886,158837394,230.5,231.0,226.5,230.0,-0.5,627
3463,2014-05-29,9921,565557,129874724,230.0,232.0,228.0,232.0,2.0,527
3464,2014-05-30,9921,1535944,362094284,231.0,237.5,230.5,237.5,5.5,776
3465,2014-06-03,9921,761975,183692975,241.0,243.0,238.0,241.0,3.5,725
3466,2014-06-04,9921,781674,189066412,242.0,247.0,237.0,238.5,-2.5,704
3467,2014-06-05,9921,295374,70239138,239.5,240.5,235.5,238.5,0.0,262
3468,2014-06-06,9921,475665,112401940,238.5,238.5,235.0,236.0,-2.5,423
3469,2014-06-10,9921,417894,98418484,234.0,237.0,233.5,237.0,2.5,389
3470,2014-06-11,9921,243163,57727294,237.0,238.0,236.5,238.0,1.0,223
3471,2014-06-12,9921,157954,37675027,238.0,240.0,237.0,240.0,2.0,154
3472,2014-06-13,9921,312838,74051606,238.0,239.5,235.5,237.0,-3.0,275
3473,2014-06-16,9921,484116,114807876,235.0,239.0,235.0,237.5,0.5,330
3474,2014-06-17,9921,127800,30257900,237.0,237.5,235.0,236.0,-1.5,130
3475,2014-06-18,9921,899067,212192843,235.5,240.5,232.5,238.0,2.0,791
3476,2014-06-19,9921,167639,39823943,238.0,239.0,236.0,238.0,0.0,146
3477,2014-06-20,9921,244027,57812899,237.0,238.0,235.5,237.0,-1.0,121
3478,2014-06-23,9921,606254,142104658,237.5,237.5,230.5,235.0,-2.0,469
3479,2014-06-24,9921,324697,76316243,234.0,236.5,233.0,235.0,0.0,331
3480,2014-06-25,9921,215754,50274428,230.5,235.0,230.5,234.0,-1.0,212
3481,2014-06-26,9921,334741,77669671,232.0,234.0,231.0,232.0,-2.0,252
3482,2014-06-27,9921,377879,87302670,234.0,234.5,230.0,230.5,-1.5,334
3483,2014-06-30,9921,187900,43498400,229.0,232.5,229.0,232.5,2.0,159
3484,2014-07-01,9921,275149,64960366,232.0,238.0,232.0,235.0,2.5,279
3485,2014-07-02,9921,224188,52488428,238.0,239.0,231.0,233.5,-1.5,193
3486,2014-07-03,9921,329527,76241999,235.0,235.0,230.0,231.5,-2.0,308
3487,2014-07-04,9921,242526,56640532,233.5,236.5,232.0,233.5,2.0,212
3488,2014-07-08,9921,574158,138180653,238.5,243.5,238.0,241.5,3.5,527
3489,2014-07-09,9921,499293,116767976,241.5,241.5,231.5,232.0,-9.5,462
3490,2014-07-10,9921,524339,123848682,230.0,238.5,230.0,238.5,6.5,480
3491,2014-07-11,9921,341772,82116552,238.5,243.0,237.0,241.0,2.5,331
3492,2014-07-14,9921,545878,128950830,243.5,243.5,234.0,234.0,-7.0,360
3493,2014-07-15,9921,520140,122879247,238.0,238.5,234.5,238.5,4.5,424
3494,2014-07-16,9921,247804,58501548,240.0,240.0,233.5,238.0,-0.5,235
3495,2014-07-17,9921,585547,141441374,239.0,243.5,239.0,242.0,4.0,523
3496,2014-07-18,9921,624571,153725747,242.0,248.0,241.5,247.0,5.0,526
3497,2014-07-21,9921,527179,131894250,250.0,252.0,247.0,250.5,3.5,437
3498,2014-07-22,9921,275078,68738000,249.5,251.0,246.5,250.5,0.0,247
3499,2014-07-24,9921,538797,137072735,255.0,255.0,252.0,255.0,4.5,449
3500,2014-07-25,9921,720161,177014945,255.0,255.0,240.5,243.0,-12.0,569
3501,2014-07-28,9921,369941,91247512,243.0,250.0,240.5,245.5,2.5,300
3502,2014-07-29,9921,561303,137991098,244.0,248.5,242.5,244.5,-1.0,485
3503,2014-07-30,9921,524340,130994986,246.5,252.0,245.0,248.5,4.0,463
3504,2014-08-01,9921,370450,92874900,244.5,253.5,244.5,252.0,3.5,299
3505,2014-08-04,9921,587140,144072540,247.0,248.5,243.5,245.5,-6.5,460
3506,2014-08-05,9921,484964,117658824,247.5,247.5,240.0,242.0,-3.5,407
3507,2014-08-06,9921,319958,78698752,244.0,249.5,242.5,245.0,3.0,291
3508,2014-08-07,9921,439256,107429720,240.5,246.5,238.0,245.0,0.0,345
3509,2014-08-08,9921,675686,162128268,244.0,244.5,237.5,240.0,-5.0,437
3510,2014-08-11,9921,887330,204433530,234.5,236.5,227.5,232.0,0.0,641
3511,2014-08-12,9921,321912,74397038,232.0,233.0,228.0,232.5,0.5,291
3512,2014-08-13,9921,678991,163069295,235.5,245.0,235.0,245.0,12.5,571
3513,2014-08-14,9921,292413,70508685,246.0,246.0,238.5,242.5,-2.5,274
3514,2014-08-15,9921,349064,84630584,242.0,245.0,240.0,244.5,2.0,175
3515,2014-08-19,9921,372465,90597257,246.0,247.0,242.0,243.0,0.0,292
3516,2014-08-20,9921,403191,98134104,243.0,245.0,242.5,245.0,2.0,272
3517,2014-08-21,9921,450306,111848342,245.0,252.0,245.0,249.5,4.5,366
3518,2014-08-22,9921,542677,137161958,249.5,255.0,249.5,255.0,5.5,473
3519,2014-08-25,9921,219746,55126632,255.0,255.0,248.5,248.5,-6.5,213
3520,2014-08-26,9921,283695,70420970,249.0,251.5,244.5,246.0,-2.5,267
3521,2014-08-27,9921,394469,98853951,246.0,253.5,246.0,251.5,5.5,379
3522,2014-08-28,9921,335851,83683971,250.5,251.0,248.0,250.5,-1.0,292
3523,2014-08-29,9921,204512,50989476,250.0,251.5,248.5,248.5,-2.0,139
3524,2014-09-01,9921,214092,54262776,246.5,255.0,246.5,254.5,6.0,201
3525,2014-09-02,9921,291424,73050500,254.5,254.5,248.5,250.0,-4.5,259
3526,2014-09-04,9921,193570,48565570,252.0,254.5,250.0,251.5,-5.0,184
3527,2014-09-05,9921,148901,37068199,248.0,251.0,247.0,250.5,-1.0,148
3528,2014-09-09,9921,197342,50090026,252.0,254.5,251.0,254.0,3.5,199
3529,2014-09-10,9921,235322,58434625,254.0,254.0,247.0,248.0,-6.0,232
3530,2014-09-11,9921,259305,63769530,250.0,250.5,243.5,243.5,-4.5,234
3531,2014-09-12,9921,167784,40551080,245.0,246.5,240.0,241.0,-2.5,142
3532,2014-09-15,9921,331285,80772396,243.0,246.5,241.5,244.0,3.0,291
3533,2014-09-16,9921,104545,25178800,244.0,244.0,240.0,240.0,-4.0,98
3534,2014-09-17,9921,219079,52871496,243.0,243.5,240.0,242.0,2.0,219
3535,2014-09-18,9921,98288,23720908,242.0,243.5,240.0,242.0,0.0,114
3536,2014-09-19,9921,465220,113513460,242.5,246.5,242.5,244.0,2.0,326
3537,2014-09-22,9921,287773,69819952,243.5,244.0,240.0,241.0,-3.0,226
3538,2014-09-24,9921,449016,106091244,238.0,240.5,234.0,235.0,-3.0,386
3539,2014-09-25,9921,373769,87942677,235.0,239.0,233.0,233.0,-2.0,332
3540,2014-09-26,9921,274222,64080724,233.0,238.5,228.0,238.5,5.5,256
3541,2014-09-29,9921,517150,121675750,238.5,238.5,233.0,235.0,-3.5,414
3542,2014-09-30,9921,771222,180636114,233.0,238.0,230.0,237.0,2.0,375
3543,2014-10-01,9921,391888,91664122,235.0,236.5,233.0,233.5,-3.5,372
3544,2014-10-02,9921,422800,98023800,228.5,236.0,228.5,232.5,-1.0,394
3545,2014-10-03,9921,285800,66749600,233.5,236.0,230.5,234.5,2.0,272
3546,2014-10-06,9921,417352,96711128,234.5,234.5,230.5,231.0,-3.5,373
3547,2014-10-07,9921,312289,72654415,230.0,234.0,230.0,233.0,2.0,291
3548,2014-10-08,9921,232191,54229312,232.5,236.0,232.0,232.5,-0.5,199
3549,2014-10-13,9921,694596,159095185,231.5,235.5,225.0,226.5,-10.5,552
3550,2014-10-14,9921,340260,77485800,226.5,228.0,226.5,228.0,1.5,312
3551,2014-10-15,9921,638713,141167788,228.0,228.0,217.0,217.5,-10.5,548
3552,2014-10-16,9921,549708,119396844,220.5,220.5,215.0,216.5,-1.0,447
3553,2014-10-17,9921,727638,159738540,219.5,222.0,217.5,220.5,4.0,593
3554,2014-10-20,9921,431165,97564705,222.0,228.5,222.0,226.5,6.0,314
3555,2014-10-21,9921,636814,145446220,226.5,230.5,226.5,229.5,3.0,396
3556,2014-10-22,9921,862992,203801089,230.5,240.5,229.5,239.5,10.0,580
3557,2014-10-23,9921,361430,86503340,238.0,240.5,238.0,239.0,-0.5,293
3558,2014-10-24,9921,288476,68929288,238.0,241.0,238.0,239.0,0.0,246
3559,2014-10-28,9921,585118,142352879,243.0,245.0,241.5,241.5,0.0,398
3560,2014-10-29,9921,555881,134728750,243.0,244.0,239.5,244.0,2.5,404
3561,2014-10-30,9921,351326,84538379,232.0,246.0,227.0,245.0,1.0,319
3562,2014-10-31,9921,356650,87196750,245.0,248.0,240.0,246.0,1.0,162
3563,2014-11-03,9921,409830,101347010,250.0,252.0,243.5,246.5,0.5,271
3564,2014-11-04,9921,609212,147755092,242.0,248.5,238.0,240.0,-6.5,542
3565,2014-11-05,9921,481300,117074200,242.5,245.0,242.5,244.0,4.0,431
3566,2014-11-06,9921,213748,51884641,240.0,244.5,240.0,241.5,-2.5,111
3567,2014-11-07,9921,61531,15036095,241.5,246.0,241.5,246.0,4.5,60
3568,2014-11-10,9921,661337,165696587,246.0,252.0,246.0,252.0,6.0,575
3569,2014-11-11,9921,160262,40275869,252.5,252.5,250.0,251.0,-1.0,157
3570,2014-11-13,9921,452966,111849482,246.5,252.0,245.0,252.0,5.5,404
3571,2014-11-14,9921,346601,85725048,250.0,250.0,246.5,248.0,-4.0,311
3572,2014-11-17,9921,455554,113325275,250.0,252.0,246.0,252.0,4.0,384
3573,2014-11-18,9921,1322062,342565332,252.0,265.0,252.0,264.5,12.5,951
3574,2014-11-19,9921,798133,211153479,262.5,268.5,258.0,264.5,0.0,565
3575,2014-11-20,9921,325710,86616230,260.0,269.0,259.0,264.5,0.0,315
3576,2014-11-21,9921,164570,43477122,262.0,265.5,262.0,264.0,-0.5,149
3577,2014-11-24,9921,490629,132725884,262.0,273.5,262.0,269.5,5.5,390
3578,2014-11-25,9921,735993,202458080,269.5,278.5,268.0,275.0,5.5,372
3579,2014-11-26,9921,384397,104349793,275.0,275.5,269.0,271.0,-4.0,300
3580,2014-11-27,9921,340375,92632561,273.0,276.0,269.0,271.0,0.0,331
3581,2014-11-28,9921,185135,50362085,273.0,276.0,270.5,272.0,1.0,158
3582,2014-12-01,9921,338175,91557250,270.0,275.0,269.5,270.0,-2.0,301
3583,2014-12-02,9921,455436,122637373,269.5,274.5,266.5,273.0,3.0,414
3584,2014-12-03,9921,604478,165778253,273.0,276.0,271.0,273.5,0.5,316
3585,2014-12-04,9921,235368,65705672,276.5,280.0,276.5,280.0,6.5,230
3586,2014-12-05,9921,384093,109367005,280.0,290.0,275.5,286.0,6.0,365
3587,2014-12-08,9921,905261,249812775,286.0,286.0,274.0,275.0,-11.0,739
3588,2014-12-09,9921,592560,162934399,275.0,276.5,273.0,275.0,0.0,551
3589,2014-12-10,9921,767230,207184254,275.0,275.0,268.0,271.0,-4.0,530
3590,2014-12-11,9921,1717798,463609260,271.0,271.5,268.0,268.0,-3.0,383
3591,2014-12-12,9921,617060,166260670,270.0,273.0,267.0,267.0,-1.0,559
3592,2014-12-15,9921,453861,121744163,273.0,273.0,266.0,266.0,-1.0,369
3593,2014-12-16,9921,2178012,580360680,267.0,268.5,263.0,264.5,-1.5,211
3594,2014-12-17,9921,715655,186787645,268.0,268.0,258.0,259.0,-5.5,552
3595,2014-12-18,9921,439809,115431360,266.0,267.0,260.0,263.0,4.0,391
3596,2014-12-19,9921,372503,99935807,266.0,270.5,264.0,270.0,7.0,316
3597,2014-12-22,9921,134276,36076327,270.5,271.0,267.5,267.5,-2.5,106
3598,2014-12-23,9921,178512,48231228,268.0,271.5,268.0,270.5,3.0,124
3599,2014-12-24,9921,235906,64429477,273.0,275.0,270.0,273.0,2.5,208
3600,2014-12-25,9921,71115,19348221,273.0,273.0,271.5,272.5,-0.5,70
3601,2014-12-26,9921,65515,17973110,273.0,276.0,273.0,274.0,1.5,74
3602,2014-12-29,9921,231288,64290205,272.5,279.0,272.5,278.5,6.0,244
3603,2014-12-30,9921,304344,83856756,272.0,277.0,272.0,274.0,-4.5,280
3604,2014-12-31,9921,599543,168093766,278.0,281.5,275.0,281.0,7.0,492
3605,2015-01-05,9921,617348,169666070,279.5,279.5,272.0,275.0,-6.0,541
3606,2015-01-06,9921,688328,185340732,272.0,273.5,268.0,269.0,-6.0,593
3607,2015-01-07,9921,422030,112090010,267.0,267.0,265.0,265.0,-4.0,388
3608,2015-01-08,9921,836920,227730519,267.0,277.5,265.5,270.0,5.0,324
3609,2015-01-09,9921,232421,62774670,272.0,274.0,268.5,270.0,0.0,221
3610,2015-01-12,9921,385924,105305289,269.5,276.0,266.5,274.0,4.0,369
3611,2015-01-13,9921,444418,123298574,274.0,279.0,272.5,278.0,4.0,411
3612,2015-01-14,9921,499018,136643977,280.0,280.0,270.5,274.0,-4.0,445
3613,2015-01-15,9921,484100,130962700,272.0,274.0,268.0,269.0,-5.0,336
3614,2015-01-16,9921,460634,122199510,269.0,269.0,263.5,267.5,-1.5,432
3615,2015-01-19,9921,336116,90398972,269.0,272.0,266.5,268.5,1.0,300
3616,2015-01-20,9921,390600,106954800,268.5,277.0,268.5,274.5,6.0,309
3617,2015-01-21,9921,445701,122978474,275.0,277.5,274.0,275.5,1.0,342
3618,2015-01-22,9921,606198,166427450,274.0,278.0,272.0,275.5,0.0,287
3619,2015-01-23,9921,300150,82793324,275.5,277.0,274.5,277.0,1.5,167
3620,2015-01-26,9921,195205,53866990,277.0,278.0,275.5,278.0,1.0,78
3621,2015-01-27,9921,224105,62223242,278.0,280.0,275.0,280.0,2.0,220
3622,2015-01-28,9921,167557,46711289,276.5,280.0,276.5,279.0,-1.0,153
3623,2015-01-29,9921,316881,87493656,279.0,280.0,274.0,276.0,-3.0,295
3624,2015-01-30,9921,493686,135387806,276.0,276.0,272.0,275.0,-1.0,326
3625,2015-02-02,9921,397066,108882716,274.0,277.0,270.5,276.0,1.0,349
3626,2015-02-03,9921,264846,73149650,275.0,278.5,275.0,276.5,0.5,248
3627,2015-02-04,9921,510132,142344592,277.0,281.0,277.0,281.0,4.5,429
3628,2015-02-05,9921,293509,82002002,282.0,282.0,276.0,280.0,-1.0,254
3629,2015-02-06,9921,579666,167282182,282.0,295.0,276.0,287.0,7.0,531
3630,2015-02-09,9921,250214,71506596,286.5,289.0,283.5,287.0,0.0,219
3631,2015-02-10,9921,300578,86402516,286.5,290.0,285.0,286.0,-1.0,252
3632,2015-02-11,9921,394403,114797467,284.0,294.5,284.0,290.5,4.5,351
3633,2015-02-12,9921,350320,101296980,288.5,293.0,287.0,290.5,0.0,344
3634,2015-02-13,9921,640114,190344586,288.0,302.0,288.0,301.0,10.5,426
3635,2015-02-24,9921,904078,287998726,303.0,322.0,303.0,318.5,17.5,781
3636,2015-02-25,9921,798737,251452045,323.5,323.5,312.0,313.5,-5.0,708
3637,2015-02-26,9921,1033404,317025220,307.5,310.0,305.0,305.0,-8.5,764
3638,2015-03-02,9921,470098,144882684,305.5,312.0,305.5,308.5,3.5,430
3639,2015-03-03,9921,446223,136075846,307.0,308.5,301.5,302.5,-6.0,405
3640,2015-03-04,9921,279771,85990968,302.5,308.5,302.5,308.5,6.0,268
3641,2015-03-05,9921,471434,143019213,306.5,306.5,302.0,303.5,-5.0,471
3642,2015-03-06,9921,674982,202933582,301.5,306.0,298.5,301.0,-2.5,548
3643,2015-03-09,9921,301921,90177260,302.0,302.0,296.0,298.0,-3.0,288
3644,2015-03-11,9921,541298,157551165,293.5,295.0,289.5,290.0,-3.5,501
3645,2015-03-12,9921,684450,200068070,289.0,295.0,288.0,295.0,5.0,524
3646,2015-03-13,9921,378873,110979351,294.0,295.0,290.5,290.5,-4.5,343
3647,2015-03-16,9921,304042,88608264,292.0,294.5,290.0,290.0,-0.5,278
3648,2015-03-17,9921,918982,264447602,291.0,296.0,281.5,283.0,-7.0,687
3649,2015-03-18,9921,1009689,296965424,286.0,297.5,283.5,297.5,14.5,813
3650,2015-03-19,9921,754414,225998700,298.0,301.5,296.5,300.0,2.5,582
3651,2015-03-20,9921,620820,189328600,300.0,308.0,300.0,306.0,6.0,493
3652,2015-03-23,9921,320795,97969770,308.0,308.0,298.0,307.5,1.5,313
3653,2015-03-24,9921,382147,117098904,307.0,307.5,303.5,307.5,0.0,345
3654,2015-03-25,9921,473393,142883372,305.0,307.0,298.5,304.0,-3.5,386
3655,2015-03-26,9921,3313075,992916000,299.0,303.0,292.0,300.0,-4.0,559
3656,2015-03-30,9921,588761,177666131,298.0,304.0,297.0,300.5,2.5,403
3657,2015-03-31,9921,361431,108809300,300.5,304.0,298.5,302.0,1.5,328
3658,2015-04-01,9921,269343,80731743,301.0,301.5,297.0,299.0,-3.0,205
3659,2015-04-02,9921,427281,129465062,299.0,307.5,298.5,304.5,5.5,270
3660,2015-04-07,9921,170570,51349930,300.0,305.5,300.0,301.0,-3.5,177
3661,2015-04-08,9921,1312335,392409400,300.0,302.5,296.0,299.0,-2.0,262
3662,2015-04-09,9921,391576,117325452,299.0,304.5,297.5,297.5,-1.5,210
3663,2015-04-10,9921,200373,60207027,300.0,302.0,298.5,301.0,3.5,185
3664,2015-04-13,9921,1044995,310689010,300.0,300.0,293.0,298.0,-3.0,443
3665,2015-04-14,9921,204120,60430260,294.0,298.0,294.0,297.0,-1.0,187
3666,2015-04-15,9921,948509,276547173,294.0,296.0,289.5,289.5,-7.5,766
3667,2015-04-16,9921,757717,219684081,289.5,293.0,288.0,293.0,3.5,323
3668,2015-04-17,9921,430801,125002504,290.0,292.0,289.0,290.0,-3.0,244
3669,2015-04-21,9921,750799,217339808,290.0,291.5,285.0,288.0,0.0,329
3670,2015-04-22,9921,510196,146597937,288.0,290.0,286.0,286.0,-2.0,460
3671,2015-04-23,9921,1157244,326288552,286.0,286.0,280.5,281.0,-5.0,940
3672,2015-04-24,9921,1364355,386108265,280.0,287.0,280.0,281.0,0.0,931
3673,2015-04-27,9921,1292604,357961152,281.0,281.0,273.5,274.0,-7.0,1098
3674,2015-04-28,9921,1736022,467748046,274.0,277.0,262.0,271.0,-3.0,1512
3675,2015-04-29,9921,1229481,328419464,271.5,273.5,263.0,263.0,-8.0,949
3676,2015-04-30,9921,1695676,445611596,262.0,266.5,260.0,264.5,1.5,1176
3677,2015-05-04,9921,1676662,462885204,269.0,280.5,268.0,277.5,13.0,866
3678,2015-05-05,9921,1144668,314946202,277.5,277.5,273.0,275.5,-2.0,721
3679,2015-05-06,9921,1050862,282589378,272.0,273.0,267.0,269.0,-6.5,906
3680,2015-05-07,9921,335160,89041540,267.0,267.0,264.0,265.0,-4.0,291
3681,2015-05-11,9921,200615,53927935,271.5,271.5,267.5,268.0,1.0,195
3682,2015-05-12,9921,641782,170201666,266.0,267.5,264.0,264.5,-3.5,590
3683,2015-05-13,9921,181395,48219675,264.5,266.5,264.5,265.5,1.0,170
3684,2015-05-14,9921,1640198,423540679,263.0,263.5,256.0,256.0,-9.5,1241
3685,2015-05-15,9921,766991,199284670,256.5,262.0,256.5,260.0,4.0,674
3686,2015-05-18,9921,511679,134459756,260.0,265.5,259.0,262.5,2.5,467
3687,2015-05-19,9921,831198,223292044,266.0,270.5,263.5,270.0,7.5,716
3688,2015-05-20,9921,945116,252307911,270.0,270.0,265.0,266.5,-3.5,900
3689,2015-05-21,9921,808912,211221532,264.0,264.0,258.5,262.5,-4.0,748
3690,2015-05-22,9921,534847,141204261,260.0,265.0,260.0,263.5,1.0,458
3691,2015-05-25,9921,262760,68539860,263.5,263.5,260.0,261.0,-2.5,247
3692,2015-05-27,9921,928828,245236702,262.0,266.0,260.0,262.0,0.0,389
3693,2015-05-28,9921,556835,147507440,265.0,266.0,263.0,265.0,3.0,477
3694,2015-05-29,9921,779452,204083472,260.0,265.0,260.0,261.0,-4.0,402
3695,2015-06-01,9921,673389,177560808,261.0,266.5,260.0,265.5,4.5,460
3696,2015-06-02,9921,2888350,757199525,264.0,264.0,261.0,261.5,-4.0,467
3697,2015-06-03,9921,1492199,385566444,261.5,261.5,255.0,256.0,-5.5,444
3698,2015-06-04,9921,960184,237199080,250.0,252.5,243.0,244.0,-12.0,743
3699,2015-06-05,9921,1169935,286437705,240.0,246.5,240.0,242.0,-2.0,466
3700,2015-06-08,9921,972478,246280802,240.0,262.0,239.5,260.0,18.0,834
3701,2015-06-09,9921,495633,125323250,259.0,259.0,250.0,250.0,-10.0,472
3702,2015-06-10,9921,933188,242698971,252.0,263.0,248.0,262.0,12.0,715
3703,2015-06-11,9921,668960,175209940,262.0,265.0,258.0,265.0,3.0,475
3704,2015-06-12,9921,406693,104784101,260.5,261.5,255.0,256.0,-9.0,366
3705,2015-06-15,9921,316451,81961531,256.0,261.0,256.0,259.5,3.5,299
3706,2015-06-16,9921,610521,154344199,256.0,256.5,250.5,252.0,-7.5,368
3707,2015-06-17,9921,1167604,289399896,250.0,252.5,245.5,248.0,-4.0,786
3708,2015-06-18,9921,537278,131299190,245.0,247.5,243.5,244.0,-4.0,475
3709,2015-06-22,9921,473566,118199434,244.0,251.0,244.0,249.5,5.5,411
3710,2015-06-23,9921,400403,101254534,252.0,255.0,250.0,252.5,3.0,318
3711,2015-06-24,9921,580533,146945929,254.0,255.0,251.0,254.5,2.0,300
3712,2015-06-25,9921,870816,227000848,257.0,261.5,257.0,260.5,6.0,438
3713,2015-06-26,9921,372655,98291745,263.0,264.5,261.5,264.5,4.0,328
3714,2015-06-29,9921,443415,114012142,260.0,260.0,254.5,255.0,-9.5,241
3715,2015-06-30,9921,678442,176066176,255.0,261.0,255.0,261.0,6.0,330
3716,2015-07-01,9921,601367,158345388,263.0,268.5,256.5,265.5,4.5,400
3717,2015-07-02,9921,435008,117431647,265.5,272.0,265.5,270.0,4.5,390
3718,2015-07-03,9921,326101,86467996,268.0,268.0,264.0,265.5,-4.5,300
3719,2015-07-06,9921,529660,138501909,262.0,268.0,259.5,261.0,-4.5,331
3720,2015-07-07,9921,333941,88801865,260.5,268.0,260.5,266.5,5.5,310
3721,2015-07-08,9921,675924,176078392,262.0,265.5,260.0,260.0,-6.5,513
3722,2015-07-09,9921,563069,144449733,251.0,260.5,251.0,258.5,-1.5,462
3723,2015-07-13,9921,555432,143844667,255.0,264.5,255.0,260.0,1.5,485
3724,2015-07-14,9921,437735,116053275,262.0,268.0,262.0,265.0,5.0,393
3725,2015-07-15,9921,425410,113790671,270.0,270.0,265.0,269.0,4.0,408
3726,2015-07-16,9921,132200,35417200,266.5,268.5,266.5,268.5,-0.5,132
3727,2015-07-17,9921,327006,86460593,268.5,268.5,263.0,265.0,-3.5,297
3728,2015-07-20,9921,197458,52261724,267.5,268.0,261.0,264.0,-1.0,190
3729,2015-07-21,9921,274850,72423300,264.0,267.0,262.5,264.5,0.5,154
3730,2015-07-22,9921,424794,112103028,266.0,266.0,262.5,263.5,-1.0,191
3731,2015-07-23,9921,3819316,993201028,261.5,263.5,257.0,259.5,-4.0,276
3732,2015-07-24,9921,198365,51906765,259.5,264.0,259.0,262.5,3.0,165
3733,2015-07-27,9921,461967,120912953,263.0,265.0,260.5,260.5,-2.0,361
3734,2015-07-28,9921,544753,142770039,265.0,265.0,260.0,263.0,2.5,457
3735,2015-07-29,9921,346200,90499700,261.0,265.0,260.0,262.5,-0.5,271
3736,2015-07-30,9921,337160,88753160,262.5,265.0,261.0,263.5,1.0,320
3737,2015-07-31,9921,437372,115464580,263.5,266.5,260.5,266.5,3.0,369
3738,2015-08-03,9921,279362,73360930,263.5,266.5,260.0,266.5,0.0,260
3739,2015-08-05,9921,493290,136354540,277.0,278.0,272.5,277.5,2.0,461
3740,2015-08-06,9921,300611,81329495,278.0,278.0,265.0,273.0,-4.5,302
3741,2015-08-07,9921,268152,71660505,270.0,270.0,266.0,266.5,-6.5,273
3742,2015-08-10,9921,331541,86394783,261.0,265.0,260.0,260.0,-6.5,327
3743,2015-08-11,9921,718980,184929960,260.0,262.0,252.0,252.0,-8.0,643
3744,2015-08-12,9921,664649,154538048,245.0,245.5,227.0,231.0,-21.0,558
3745,2015-08-13,9921,768062,180184508,224.5,241.0,224.5,235.5,0.0,672
3746,2015-08-14,9921,196744,45467978,232.5,233.5,230.5,230.5,-5.0,183
3747,2015-08-17,9921,260052,60100960,230.0,233.0,230.0,231.5,1.0,207
3748,2015-08-18,9921,445841,102699589,231.5,232.0,229.5,230.0,-1.5,344
3749,2015-08-19,9921,709306,163261992,230.0,232.0,229.0,230.0,0.0,388
3750,2015-08-20,9921,611511,141405030,230.0,236.5,229.5,231.0,1.0,461
3751,2015-08-21,9921,511662,115444781,228.0,228.0,222.5,225.5,-5.5,440
3752,2015-08-24,9921,697262,152162116,219.5,222.5,215.0,218.5,-7.0,581
3753,2015-08-25,9921,770352,175130984,223.5,235.0,219.0,233.0,14.5,563
3754,2015-08-26,9921,487317,112436410,230.0,232.5,230.0,231.5,-1.5,313
3755,2015-08-27,9921,1230675,283914586,231.5,233.0,230.0,230.5,-1.0,621
3756,2015-08-28,9921,822844,189817276,230.5,233.5,230.0,230.0,-0.5,506
3757,2015-08-31,9921,900194,209945896,230.0,237.0,230.0,235.5,5.5,626
3758,2015-09-01,9921,347806,81009686,235.5,235.5,230.0,232.5,-3.0,297
3759,2015-09-02,9921,291881,67373749,230.0,232.5,230.0,230.0,-2.5,289
3760,2015-09-03,9921,252283,58267590,230.0,233.5,230.0,230.0,0.0,169
3761,2015-09-04,9921,470359,108318748,230.0,234.0,230.0,230.0,0.0,290
3762,2015-09-07,9921,216629,49867412,230.0,231.5,229.0,229.5,-0.5,206
3763,2015-09-08,9921,335215,76841127,230.0,231.0,228.0,228.5,-1.0,300
3764,2015-09-09,9921,610508,145005436,233.0,244.5,231.0,242.5,14.0,541
3765,2015-09-10,9921,334222,81784165,242.0,250.0,240.0,250.0,7.5,305
3766,2015-09-11,9921,347166,87706998,250.0,256.0,250.0,253.5,3.5,293
3767,2015-09-14,9921,307280,76587220,255.0,255.0,245.0,248.5,-5.0,245
3768,2015-09-15,9921,269753,66837244,249.5,250.0,246.5,248.5,0.0,226
3769,2015-09-16,9921,251650,62776850,249.5,250.0,247.5,250.0,1.5,206
3770,2015-09-17,9921,481422,123560741,254.0,258.0,253.0,258.0,8.0,471
3771,2015-09-18,9921,207080,53364518,260.5,260.5,255.5,258.0,0.0,138
3772,2015-09-21,9921,317323,79523750,253.0,253.0,248.5,251.5,-6.5,317
3773,2015-09-22,9921,216455,55442251,254.0,258.0,252.5,256.5,5.0,184
3774,2015-09-23,9921,399778,99500610,256.5,256.5,244.5,244.5,-12.0,380
3775,2015-09-24,9921,670058,159065746,247.0,249.0,232.5,235.0,-9.5,605
3776,2015-09-25,9921,373174,88039890,235.5,239.0,233.0,235.0,0.0,303
3777,2015-09-30,9921,932903,219523461,230.0,242.0,230.0,239.0,4.0,673
3778,2015-10-01,9921,489587,118275315,239.0,245.0,235.0,244.0,5.0,459
3779,2015-10-02,9921,199190,48244954,240.5,244.0,240.5,242.5,-1.5,177
3780,2015-10-05,9921,430225,104021885,248.5,248.5,239.5,239.5,-3.0,292
3781,2015-10-06,9921,449793,110246285,242.5,246.5,242.5,246.5,7.0,430
3782,2015-10-07,9921,397102,97649336,246.5,248.5,243.0,243.5,-3.0,353
3783,2015-10-08,9921,425465,103900065,245.5,247.5,241.0,241.0,-2.5,400
3784,2015-10-12,9921,599585,148867410,248.0,252.5,243.5,247.0,6.0,563
3785,2015-10-13,9921,359334,89085832,245.5,251.0,244.0,251.0,4.0,314
3786,2015-10-14,9921,580355,140342700,244.0,245.5,240.0,240.0,-11.0,514
3787,2015-10-15,9921,948787,228753316,244.0,247.0,238.0,239.5,-0.5,594
3788,2015-10-16,9921,624954,151877297,243.0,245.0,239.0,245.0,5.5,470
3789,2015-10-19,9921,409633,101908617,245.5,250.0,245.0,250.0,5.0,373
3790,2015-10-20,9921,478154,121026116,246.0,254.5,246.0,254.5,4.5,431
3791,2015-10-21,9921,416126,104882937,254.0,255.5,249.5,249.5,-5.0,393
3792,2015-10-22,9921,219490,55048010,250.5,252.5,247.5,250.0,0.5,202
3793,2015-10-23,9921,411256,103149114,255.0,255.5,247.0,247.0,-3.0,372
3794,2015-10-26,9921,392985,99068235,251.0,253.5,250.5,252.5,5.5,365
3795,2015-10-27,9921,385633,95653898,250.0,250.0,247.0,247.0,-5.5,342
3796,2015-10-28,9921,434550,108174072,247.0,252.0,247.0,248.0,1.0,385
3797,2015-10-29,9921,641836,156019648,248.0,249.5,240.5,243.0,-5.0,528
3798,2015-10-30,9921,340575,83719800,245.0,247.0,243.0,245.5,2.5,290
3799,2015-11-02,9921,186299,45879652,248.0,248.0,243.5,247.0,1.5,168
3800,2015-11-03,9921,460837,115655069,249.0,253.0,249.0,251.5,4.5,417
3801,2015-11-04,9921,552272,139211956,253.0,255.0,249.0,249.5,-2.0,512
3802,2015-11-05,9921,168680,42384337,248.5,252.5,248.0,252.0,2.5,155
3803,2015-11-06,9921,533093,131663285,250.0,252.5,245.0,245.0,-7.0,474
3804,2015-11-09,9921,624540,152484987,245.0,245.5,243.0,243.5,-1.5,517
3805,2015-11-10,9921,1222638,288964968,240.5,241.0,233.0,233.5,-10.0,1083
3806,2015-11-11,9921,513724,118868244,233.0,234.0,230.0,231.5,-2.0,444
3807,2015-11-12,9921,1749832,402825192,231.5,232.5,230.0,231.0,-0.5,299
3808,2015-11-13,9921,1561810,358178680,225.0,231.0,225.0,228.0,-3.0,480
3809,2015-11-16,9921,353944,80578288,226.0,231.0,226.0,227.0,-1.0,316
3810,2015-11-17,9921,184924,42630554,231.0,232.0,230.0,230.0,3.0,170
3811,2015-11-18,9921,675778,154391494,230.5,230.5,227.0,227.5,-2.5,453
3812,2015-11-19,9921,444297,99841972,225.5,227.0,223.0,227.0,-0.5,389
3813,2015-11-20,9921,359227,80756687,224.0,226.0,224.0,225.5,-1.5,318
3814,2015-11-23,9921,359069,81025577,227.0,227.5,224.0,227.0,1.5,289
3815,2015-11-24,9921,433516,99764904,226.0,233.0,225.5,230.0,3.0,365
3816,2015-11-25,9921,280517,62926477,230.0,230.0,222.5,225.0,-5.0,234
3817,2015-11-26,9921,447151,102762001,227.0,232.0,225.0,230.0,5.0,352
3818,2015-11-27,9921,218295,49952850,230.0,230.5,227.5,229.0,-1.0,178
3819,2015-11-30,9921,1186204,262198380,224.5,224.5,220.0,220.5,-8.5,692
3820,2015-12-01,9921,440257,99299209,223.0,228.0,221.0,228.0,7.5,361
3821,2015-12-02,9921,299099,67263374,224.5,227.5,223.0,224.0,-4.0,291
3822,2015-12-03,9921,322316,71830284,221.0,225.5,220.0,224.0,0.0,271
3823,2015-12-04,9921,1144426,252149220,224.0,224.0,219.0,221.5,-2.5,929
3824,2015-12-07,9921,312000,70135500,222.5,226.0,222.5,224.5,3.0,267
3825,2015-12-08,9921,580878,127210521,221.5,222.5,217.5,217.5,-7.0,408
3826,2015-12-09,9921,264684,57027876,217.0,218.0,214.0,214.5,-3.0,235
3827,2015-12-10,9921,470709,99258599,212.0,214.5,208.0,212.5,-2.0,403
3828,2015-12-11,9921,669708,139296348,210.0,214.5,206.0,206.0,-6.5,503
3829,2015-12-14,9921,343204,70617421,200.5,208.0,200.5,207.0,1.0,329
3830,2015-12-15,9921,558205,114717713,203.5,208.0,203.5,205.0,-2.0,491
3831,2015-12-16,9921,479983,101168930,208.0,213.0,207.5,211.5,6.5,402
3832,2015-12-17,9921,545336,117280740,212.0,216.5,211.0,216.5,5.0,465
3833,2015-12-18,9921,620130,134152013,213.0,221.0,213.0,215.0,-1.5,332
3834,2015-12-21,9921,404090,85592990,212.5,213.0,210.0,212.0,-3.0,356
3835,2015-12-22,9921,168876,36101464,212.0,215.0,212.0,215.0,3.0,144
3836,2015-12-23,9921,215129,47209685,215.0,220.5,214.0,219.5,4.5,214
3837,2015-12-24,9921,163615,35641340,220.0,221.0,216.0,216.5,-3.0,152
3838,2015-12-25,9921,85737,18512560,216.5,218.0,214.0,217.5,1.0,73
3839,2015-12-28,9921,272283,60021977,220.0,221.0,217.0,220.0,2.5,232
3840,2015-12-29,9921,112330,24669770,217.5,220.5,217.5,220.0,0.0,102
3841,2015-12-30,9921,296782,63389566,220.0,220.0,212.0,213.0,-7.0,234
3842,2015-12-31,9921,187606,40833608,212.0,219.0,212.0,219.0,6.0,138
3843,2016-01-04,9921,575169,120933404,214.5,217.0,207.0,208.5,-10.5,505
3844,2016-01-05,9921,357753,75177130,207.0,212.5,207.0,210.0,1.5,319
3845,2016-01-06,9921,358808,75727796,210.0,212.5,209.5,212.0,2.0,338
3846,2016-01-07,9921,482446,100642268,212.0,212.0,206.5,208.0,-4.0,414
3847,2016-01-08,9921,356401,73065304,203.0,206.5,203.0,205.0,-3.0,322
3848,2016-01-11,9921,482698,97227194,201.5,204.0,198.0,203.0,-2.0,405
3849,2016-01-12,9921,432576,86857624,201.0,202.5,199.0,199.0,-4.0,421
3850,2016-01-13,9921,326189,65639582,197.0,204.0,197.0,203.0,4.0,296
3851,2016-01-14,9921,253717,50757041,202.0,202.0,198.5,200.0,-3.0,229
3852,2016-01-15,9921,457252,92129652,200.0,204.0,200.0,201.5,1.5,419
3853,2016-01-18,9921,453774,91384122,200.0,204.0,199.5,204.0,2.5,435
3854,2016-01-19,9921,333774,68024670,204.0,206.0,202.5,206.0,2.0,264
3855,2016-01-20,9921,458077,92925669,209.0,209.0,200.5,201.5,-4.5,370
3856,2016-01-21,9921,337105,67790156,202.5,203.0,199.5,201.5,0.0,236
3857,2016-01-22,9921,189148,38402821,204.0,204.0,202.0,203.0,1.5,176
3858,2016-01-25,9921,245109,51201172,202.5,211.0,202.0,209.5,6.5,220
3859,2016-01-26,9921,151500,31225000,205.0,209.0,203.0,207.0,-2.5,153
3860,2016-01-27,9921,226126,46386204,207.0,210.0,203.5,204.0,-3.0,198
3861,2016-01-28,9921,773211,163822521,204.0,216.5,203.0,212.0,8.0,657
3862,2016-01-29,9921,567858,122023544,212.0,219.0,208.0,219.0,7.0,406
3863,2016-02-01,9921,382743,84831059,219.0,225.0,216.0,225.0,6.0,318
3864,2016-02-02,9921,416126,94031476,220.0,228.0,218.5,227.5,2.5,392
3865,2016-02-15,9921,496784,107933310,220.0,220.0,212.0,216.5,-2.0,298
3866,2016-02-16,9921,599707,133617161,216.5,224.5,216.5,223.0,6.5,474
3867,2016-02-17,9921,221998,48825559,220.0,221.0,219.0,220.0,-3.0,207
3868,2016-02-18,9921,514982,112529112,220.5,221.0,216.5,217.5,-2.5,422
3869,2016-02-19,9921,404011,88563898,219.0,220.0,218.0,219.5,2.0,317
3870,2016-02-22,9921,312424,68493932,215.5,221.5,215.0,219.5,0.0,248
3871,2016-02-23,9921,366788,80231860,218.5,219.5,218.0,218.0,-1.5,247
3872,2016-02-24,9921,649246,136830406,218.5,218.5,205.0,211.0,-7.0,564
3873,2016-02-25,9921,518360,108992300,212.0,212.0,209.0,211.0,0.0,420
3874,2016-02-26,9921,514149,109245588,214.0,215.5,211.5,212.0,1.0,362
3875,2016-03-01,9921,727971,152893054,210.0,212.0,207.0,212.0,0.0,555
3876,2016-03-02,9921,768207,164989419,214.5,217.5,211.5,214.5,2.5,613
3877,2016-03-03,9921,487958,104843946,214.5,216.0,213.0,215.5,1.0,458
3878,2016-03-04,9921,441500,94350000,216.0,216.0,212.5,213.5,-2.0,330
3879,2016-03-07,9921,298453,64180895,216.0,217.0,213.5,216.0,2.5,280
3880,2016-03-08,9921,845692,178836240,218.0,218.0,207.5,214.0,-2.0,709
3881,2016-03-09,9921,604761,128091854,214.0,217.0,205.0,215.5,1.5,497
3882,2016-03-10,9921,337696,72921140,215.5,217.5,213.5,216.5,1.0,286
3883,2016-03-11,9921,301302,65212534,217.5,217.5,215.5,217.0,0.5,284
3884,2016-03-14,9921,675542,143987446,213.5,215.0,212.0,213.0,-4.0,491
3885,2016-03-15,9921,324468,68563481,210.5,214.0,208.5,212.0,-1.0,274
3886,2016-03-16,9921,312162,66799668,212.0,215.5,209.5,215.5,3.5,275
3887,2016-03-17,9921,299908,65199580,218.5,218.5,215.5,218.0,2.5,266
3888,2016-03-18,9921,716730,157762600,219.0,221.0,215.5,221.0,3.0,411
3889,2016-03-21,9921,291513,63976360,222.5,222.5,217.0,221.0,0.0,237
3890,2016-03-22,9921,371890,80641693,221.0,221.5,214.0,217.0,-4.0,326
3891,2016-03-23,9921,220353,47551717,217.0,218.5,213.5,215.5,-1.5,178
3892,2016-03-24,9921,459678,96651228,211.5,215.0,209.0,210.0,-5.5,408
3893,2016-03-25,9921,472521,98868410,210.0,210.5,208.5,209.5,-0.5,407
3894,2016-03-28,9921,239759,49901509,210.0,210.0,207.5,207.5,-2.0,219
3895,2016-03-29,9921,549540,111017860,207.5,207.5,198.0,201.0,-6.5,440
3896,2016-03-30,9921,1312560,254628560,198.0,198.5,191.5,193.5,-7.5,1100
3897,2016-03-31,9921,1969948,370282224,192.0,195.0,185.5,186.0,-7.5,1568
3898,2016-04-01,9921,1812098,329253228,185.5,185.5,180.0,181.0,-5.0,1557
3899,2016-04-06,9921,2184602,396750268,181.0,183.5,180.0,182.0,1.0,1151
3900,2016-04-07,9921,3358836,591243723,182.0,183.0,173.0,176.0,-6.0,944
3901,2016-04-08,9921,1617894,299112805,181.5,187.0,181.5,186.0,10.0,1359
3902,2016-04-11,9921,1393874,263595434,189.0,191.0,185.5,190.0,4.0,1066
3903,2016-04-12,9921,806300,152596000,190.0,190.5,187.5,189.0,-1.0,645
3904,2016-04-13,9921,1058577,204083569,191.0,195.5,190.5,192.5,3.5,789
3905,2016-04-14,9921,560619,109107086,195.0,195.5,194.0,194.5,2.0,446
3906,2016-04-15,9921,469520,91362138,194.5,195.5,193.5,195.0,0.5,405
3907,2016-04-19,9921,1422999,272006805,192.5,195.0,190.0,190.0,-2.5,453
3908,2016-04-20,9921,578353,109254070,189.0,192.5,186.5,187.0,-3.0,506
3909,2016-04-21,9921,255420,48122880,186.5,189.5,186.5,189.0,2.0,212
3910,2016-04-22,9921,449586,87251184,189.0,196.0,189.0,195.0,6.0,376
3911,2016-04-25,9921,341670,67295325,196.0,198.5,195.0,198.5,3.5,307
3912,2016-04-26,9921,665908,133895100,200.0,205.0,198.5,201.0,2.5,596
3913,2016-04-27,9921,575260,113507847,202.0,202.0,194.5,197.5,-3.5,432
3914,2016-04-28,9921,643985,126505530,197.5,200.5,192.5,198.5,1.0,499
3915,2016-04-29,9921,279513,54204509,194.0,195.0,193.0,194.0,-4.5,252
3916,2016-05-03,9921,1085273,209625008,194.0,198.5,191.5,197.0,3.0,406
3917,2016-05-04,9921,767411,144850357,198.0,198.0,186.0,186.5,-10.5,622
3918,2016-05-05,9921,772747,143086948,187.0,188.5,184.0,184.0,-2.5,633
3919,2016-05-06,9921,852574,159473198,183.0,191.0,183.0,186.0,2.0,711
3920,2016-05-09,9921,581218,108074830,186.0,189.0,184.0,185.0,-1.0,458
3921,2016-05-11,9921,518834,93239120,181.5,182.0,178.0,178.5,-3.0,471
3922,2016-05-12,9921,377641,68091418,178.0,182.5,177.5,178.5,0.0,329
3923,2016-05-13,9921,978053,174510487,178.5,181.5,173.5,180.5,2.0,622
3924,2016-05-16,9921,489171,88547707,181.0,182.5,179.5,181.0,0.5,426
3925,2016-05-17,9921,648113,117790509,180.5,184.5,180.0,181.5,0.5,524
3926,2016-05-18,9921,363261,65298370,180.0,181.0,178.5,180.0,-1.5,304
3927,2016-05-19,9921,493201,87851180,178.0,180.0,177.0,179.5,-0.5,462
3928,2016-05-20,9921,203095,36407005,178.0,180.5,178.0,179.0,-0.5,182
3929,2016-05-23,9921,535193,97635819,179.0,185.0,177.0,184.5,5.5,438
3930,2016-05-24,9921,211999,38814819,181.5,185.0,181.5,182.5,-2.0,205
3931,2016-05-25,9921,433320,80147357,181.5,186.5,181.5,185.5,3.0,357
3932,2016-05-27,9921,296120,55426879,187.5,188.5,186.5,186.5,0.5,250
3933,2016-05-30,9921,525988,100119711,186.5,194.5,184.5,192.0,5.5,409
3934,2016-05-31,9921,660644,128100702,192.0,194.5,191.0,194.5,2.5,295
3935,2016-06-01,9921,628565,124186240,194.5,201.0,192.0,197.0,2.5,511
3936,2016-06-02,9921,350430,68188415,195.5,199.0,192.0,192.0,-5.0,330
3937,2016-06-03,9921,352183,68571090,193.5,196.0,193.5,194.5,2.5,315
3938,2016-06-06,9921,135200,26431800,198.0,198.5,194.0,195.5,0.0,134
3939,2016-06-07,9921,536529,106026713,198.0,199.0,195.5,198.0,2.5,439
3940,2016-06-08,9921,622163,124930263,198.5,202.5,196.0,202.5,4.5,568
3941,2016-06-14,9921,342230,69056075,200.0,204.0,196.0,203.5,2.0,303
3942,2016-06-15,9921,330900,66360947,202.5,203.5,198.0,200.5,-3.0,296
3943,2016-06-16,9921,330000,65686000,200.0,200.5,198.0,199.5,-1.0,286
3944,2016-06-17,9921,281422,56605400,201.0,203.0,200.0,201.5,2.0,246
3945,2016-06-20,9921,392143,78504600,200.5,202.0,199.0,200.0,-1.5,363
3946,2016-06-21,9921,346383,70495939,200.0,205.0,200.0,205.0,5.0,294
3947,2016-06-22,9921,499062,101739834,204.5,205.0,201.0,205.0,0.0,421
3948,2016-06-23,9921,428217,89056636,204.0,209.5,202.0,209.5,4.5,399
3949,2016-06-24,9921,701720,143630940,210.5,212.0,201.5,203.0,-6.5,606
3950,2016-06-27,9921,251824,50400063,199.0,203.0,198.0,200.0,-3.0,176
3951,2016-06-28,9921,758932,149098704,198.0,198.0,194.0,197.0,-3.0,636
3952,2016-06-29,9921,685188,136601412,197.5,202.0,196.0,200.5,3.5,611
3953,2016-06-30,9921,861115,171762057,198.0,201.5,196.5,200.0,-0.5,702
3954,2016-07-04,9921,491100,98553548,204.5,204.5,200.0,200.5,-4.0,362
3955,2016-07-05,9921,695441,139885523,200.0,204.0,199.5,203.0,2.5,401
3956,2016-07-06,9921,644302,129656050,202.0,204.5,198.5,201.5,-1.5,507
3957,2016-07-07,9921,240219,48277081,203.0,203.0,200.0,200.5,-1.0,225
3958,2016-07-11,9921,621360,129238380,207.0,209.5,204.0,208.5,8.0,533
3959,2016-07-12,9921,630166,132857526,210.0,212.0,208.0,212.0,3.5,535
3960,2016-07-13,9921,452585,95809935,216.0,217.0,209.5,212.0,0.0,400
3961,2016-07-14,9921,509600,107765300,212.0,214.0,209.5,214.0,2.0,419
3962,2016-07-15,9921,946720,211490780,218.5,228.0,217.5,225.0,11.0,842
3963,2016-07-18,9921,917742,210761660,228.0,231.5,226.5,231.0,6.0,759
3964,2016-07-20,9921,883150,206775373,234.0,237.0,230.0,234.0,5.0,736
3965,2016-07-21,9921,859250,202539500,237.0,239.0,232.5,233.5,-0.5,756
3966,2016-07-22,9921,521638,120979240,234.0,234.5,229.0,230.0,-3.5,436
3967,2016-07-25,9921,993945,220963425,230.5,230.5,219.0,220.0,-10.0,688
3968,2016-07-26,9921,1022231,227067320,220.0,226.0,220.0,220.0,0.0,812
3969,2016-07-27,9921,1070100,232796500,216.5,221.0,214.5,220.0,0.0,729
3970,2016-07-28,9921,1174250,254229000,217.0,221.0,213.5,217.5,-2.5,876
3971,2016-07-29,9921,597542,128722799,217.0,218.0,215.0,215.0,-2.5,330
3972,2016-08-01,9921,568564,124118452,216.5,219.5,215.0,219.5,4.5,477
3973,2016-08-02,9921,732109,161556980,219.0,224.0,216.0,221.5,2.0,529
3974,2016-08-03,9921,444742,95958788,217.0,217.5,214.0,214.0,-7.5,395
3975,2016-08-05,9921,648928,144835444,217.0,227.0,215.5,225.0,10.0,527
3976,2016-08-08,9921,348113,77188199,225.0,225.0,220.0,222.0,-3.0,284
3977,2016-08-09,9921,597223,133149006,222.0,224.5,220.0,224.0,2.0,273
3978,2016-08-10,9921,258886,57985578,224.5,225.0,221.0,225.0,1.0,196
3979,2016-08-11,9921,628561,136581420,221.5,222.0,214.5,216.0,-9.0,482
3980,2016-08-12,9921,512621,110449894,218.5,218.5,214.0,215.0,-1.0,428
3981,2016-08-15,9921,424731,89984741,212.5,213.0,210.0,212.5,0.0,330
3982,2016-08-16,9921,350358,74122180,212.0,212.5,210.0,212.0,-0.5,250
3983,2016-08-17,9921,262809,56544764,212.0,218.0,211.5,216.5,4.5,224
3984,2016-08-18,9921,453090,95939810,213.5,215.0,210.0,210.0,-6.5,401
3985,2016-08-19,9921,415998,87158577,212.0,213.0,208.0,208.5,-1.5,271
3986,2016-08-23,9921,346853,72914261,205.0,213.5,204.0,210.5,5.5,318
3987,2016-08-24,9921,168015,35434150,212.0,213.0,209.5,211.5,1.0,162
3988,2016-08-25,9921,193860,41211960,213.5,213.5,210.0,213.0,1.5,160
3989,2016-08-26,9921,102603,21933042,214.5,214.5,212.5,214.5,1.5,93
3990,2016-08-29,9921,307841,64783506,214.5,215.5,209.5,210.0,-4.5,216
3991,2016-08-30,9921,200333,41977096,210.0,211.5,208.5,208.5,-1.5,173
3992,2016-08-31,9921,494753,101816493,208.5,210.5,204.5,204.5,-4.0,323
3993,2016-09-01,9921,478193,97460144,203.5,208.5,200.0,208.5,4.0,439
3994,2016-09-02,9921,499332,95683385,208.0,208.0,205.0,206.0,-2.5,101
3995,2016-09-05,9921,259237,54676744,207.5,212.5,207.5,212.0,6.0,253
3996,2016-09-06,9921,228071,48615623,209.0,214.0,209.0,214.0,2.0,194
3997,2016-09-08,9921,280017,59348070,210.0,213.0,210.0,211.5,1.5,216
3998,2016-09-09,9921,145046,30357136,211.5,211.5,208.5,209.5,-2.0,137
3999,2016-09-12,9921,377287,76512614,203.0,204.5,201.5,204.0,-0.5,346
4000,2016-09-13,9921,400671,81063877,202.5,204.0,200.0,202.5,-1.5,367
4001,2016-09-14,9921,433010,88426523,201.0,206.0,201.0,204.0,1.5,261
4002,2016-09-19,9921,393533,82182430,206.0,211.0,205.5,211.0,7.0,322
4003,2016-09-20,9921,196275,40727425,210.0,210.0,205.5,208.0,-3.0,189
4004,2016-09-21,9921,354075,73942262,208.5,210.0,207.5,210.0,2.0,210
4005,2016-09-22,9921,252715,52770150,212.5,212.5,207.0,208.0,-2.0,224
4006,2016-09-26,9921,407056,86524511,212.0,214.5,209.0,214.5,2.5,327
4007,2016-09-29,9921,785425,173365150,220.0,222.0,219.5,220.0,5.5,654
4008,2016-09-30,9921,558079,123333959,220.0,222.5,219.5,221.0,1.0,474
4009,2016-10-03,9921,276867,61937405,222.0,225.0,222.0,224.0,3.0,264
4010,2016-10-04,9921,152228,33712564,224.0,225.5,220.0,222.0,-2.0,145
4011,2016-10-05,9921,164820,36490680,220.5,222.0,220.5,221.0,-1.0,83
4012,2016-10-06,9921,182854,40375380,221.5,223.0,220.0,220.0,-1.0,159
4013,2016-10-07,9921,165127,36755321,221.0,224.0,220.5,223.5,3.5,124
4014,2016-10-12,9921,642316,141330020,220.0,224.0,216.5,221.5,-0.5,529
4015,2016-10-13,9921,352771,76551879,219.0,219.5,213.0,215.0,-6.5,325
4016,2016-10-14,9921,258978,56352226,215.0,219.5,214.5,219.0,4.0,241
4017,2016-10-17,9921,222767,47589905,219.0,219.0,212.0,213.5,-5.5,205
4018,2016-10-18,9921,267523,58001204,214.0,219.5,213.5,217.5,4.0,217
4019,2016-10-19,9921,282082,62113540,218.0,222.0,217.0,220.0,2.5,246
4020,2016-10-20,9921,68308,14903144,220.0,220.0,217.0,219.0,-1.0,72
4021,2016-10-21,9921,252731,55384858,216.5,220.5,216.5,220.0,1.0,235
4022,2016-10-24,9921,204156,45056476,220.0,222.0,217.5,222.0,2.0,181
4023,2016-10-25,9921,360868,80401036,220.5,225.0,220.0,225.0,3.0,295
4024,2016-10-26,9921,594629,134513154,225.0,228.0,222.5,227.0,2.0,455
4025,2016-10-28,9921,572560,127440630,222.0,224.0,220.5,224.0,3.5,166
4026,2016-10-31,9921,221454,49162374,220.0,225.0,218.5,223.5,-0.5,194
4027,2016-11-01,9921,85103,18929366,221.0,225.5,220.5,223.5,0.0,81
4028,2016-11-02,9921,195510,43342952,221.0,224.0,221.0,222.0,-1.5,157
4029,2016-11-03,9921,239141,52319597,220.5,221.5,217.0,219.0,-3.0,214
4030,2016-11-04,9921,296034,64074210,216.0,219.0,215.0,216.0,-3.0,172
4031,2016-11-07,9921,142856,31054396,219.0,219.0,216.5,217.5,1.5,120
4032,2016-11-08,9921,622429,137036094,219.5,221.5,219.0,221.0,3.5,228
4033,2016-11-09,9921,802202,175065834,222.5,224.5,212.5,219.0,-2.0,448
4034,2016-11-10,9921,629696,137840836,223.0,224.5,215.0,217.0,-2.0,243
4035,2016-11-11,9921,581629,120953445,209.0,210.5,205.0,206.0,-11.0,540
4036,2016-11-14,9921,695568,139562382,202.5,205.5,200.0,200.0,-6.0,546
4037,2016-11-15,9921,729808,145131272,200.0,201.0,195.0,195.0,-5.0,585
4038,2016-11-16,9921,548793,106825635,196.0,198.0,193.0,194.0,-1.0,291
4039,2016-11-17,9921,483613,90887857,194.0,194.0,186.5,187.5,-6.5,442
4040,2016-11-18,9921,394473,73463924,186.0,188.0,184.0,186.5,-1.0,387
4041,2016-11-21,9921,263606,49140731,186.5,188.5,185.5,186.0,-0.5,216
4042,2016-11-22,9921,476670,90195800,186.5,191.5,186.5,189.5,3.5,449
4043,2016-11-23,9921,663959,126319230,190.0,191.5,188.0,190.0,0.5,322
4044,2016-11-24,9921,335270,63673935,190.0,191.5,189.0,189.0,-1.0,305
4045,2016-11-25,9921,279554,53258314,189.0,191.0,189.0,190.5,1.5,171
4046,2016-11-28,9921,344904,66742780,190.5,196.0,190.5,195.0,4.5,284
4047,2016-11-29,9921,703996,133879740,195.0,195.0,189.0,190.0,-5.0,651
4048,2016-11-30,9921,1085000,206155500,191.0,191.5,189.0,190.0,0.0,638
4049,2016-12-01,9921,386739,73338561,190.0,191.0,189.0,190.0,0.0,355
4050,2016-12-02,9921,571746,106619628,189.0,189.5,186.0,186.0,-4.0,492
4051,2016-12-05,9921,314679,58610294,186.0,189.0,185.5,185.5,-0.5,301
4052,2016-12-06,9921,483968,90657561,186.5,188.5,186.0,186.5,1.0,426
4053,2016-12-07,9921,183030,33996610,187.5,187.5,185.0,185.0,-1.5,162
4054,2016-12-08,9921,767213,141791970,184.0,186.0,184.0,184.5,-0.5,610
4055,2016-12-09,9921,592050,110679800,184.5,188.0,184.5,188.0,3.5,442
4056,2016-12-12,9921,1858032,365744836,191.0,199.5,189.0,197.5,9.5,1482
4057,2016-12-13,9921,722743,138888656,196.5,197.0,190.5,192.0,-5.5,646
4058,2016-12-14,9921,938001,182499706,194.0,196.0,193.0,194.5,2.5,661
4059,2016-12-15,9921,388400,74543000,193.0,193.0,191.0,192.5,-2.0,335
4060,2016-12-16,9921,524430,99369700,192.0,192.0,188.5,188.5,-4.0,390
4061,2016-12-19,9921,554416,104209915,188.0,189.5,186.0,186.5,-2.0,457
4062,2016-12-20,9921,952345,174767635,186.5,188.0,181.0,181.5,-5.0,838
4063,2016-12-21,9921,1672303,305799252,181.5,187.0,181.5,185.0,3.5,1078
4064,2016-12-22,9921,532830,98436132,185.0,186.0,182.5,184.0,-1.0,437
4065,2016-12-23,9921,672411,122478802,182.5,183.0,181.0,181.5,-2.5,436
4066,2016-12-26,9921,119647,21711929,181.5,182.5,181.0,181.5,0.0,112
4067,2016-12-27,9921,163292,29409498,181.0,181.0,179.0,180.0,-1.5,155
4068,2016-12-28,9921,498200,90031900,179.5,182.0,179.5,180.5,0.5,348
4069,2016-12-29,9921,490402,88628262,180.5,183.0,179.0,179.5,-1.0,441
4070,2016-12-30,9921,574271,104697093,181.0,183.0,180.0,183.0,3.5,452
4071,2017-01-03,9921,270928,49468360,184.0,184.0,181.5,182.5,-0.5,190
4072,2017-01-04,9921,533246,97727824,183.0,184.0,182.5,183.5,1.0,303
4073,2017-01-06,9921,1121607,217648978,191.5,196.0,190.0,195.5,4.0,833
4074,2017-01-09,9921,679728,133736688,196.5,198.0,195.0,197.0,1.5,595
4075,2017-01-10,9921,544460,106446200,196.0,197.0,192.5,196.0,-1.0,448
4076,2017-01-11,9921,608726,118776022,197.0,197.0,193.0,195.5,-0.5,491
4077,2017-01-12,9921,737845,145782310,195.5,199.0,195.5,198.0,2.5,603
4078,2017-01-13,9921,271000,53033998,198.5,199.0,193.5,194.0,-4.0,250
4079,2017-01-16,9921,172144,32937720,193.0,195.5,190.0,190.5,-3.5,155
4080,2017-01-17,9921,316777,61705403,191.5,196.0,191.0,195.5,5.0,275
4081,2017-01-18,9921,179170,34407470,195.5,195.5,191.0,191.5,-4.0,188
4082,2017-01-19,9921,649959,122323229,191.0,191.0,187.0,187.0,-4.5,537
4083,2017-01-20,9921,1556236,309402312,188.5,204.0,188.5,202.0,15.0,1363
4084,2017-01-23,9921,979546,202781292,202.5,209.0,199.5,203.0,1.0,909
4085,2017-01-24,9921,439088,89791904,203.0,205.5,201.0,205.0,2.0,384
4086,2017-02-02,9921,1133984,229249800,203.0,207.5,198.0,200.0,-5.0,953
4087,2017-02-03,9921,655176,130258848,201.5,202.5,197.0,198.0,-2.0,566
4088,2017-02-06,9921,464611,92015893,199.0,200.0,197.0,199.5,1.5,420
4089,2017-02-07,9921,210897,41858003,199.5,200.5,198.0,198.0,-1.5,204
4090,2017-02-08,9921,673345,131917775,197.5,198.5,195.0,195.0,-3.0,496
4091,2017-02-09,9921,394484,76988364,195.0,197.0,194.0,195.0,0.0,365
4092,2017-02-10,9921,711452,139365592,195.5,197.0,193.5,197.0,2.0,457
4093,2017-02-13,9921,311298,61160653,198.0,198.0,195.0,197.0,0.0,269
4094,2017-02-14,9921,473264,92621744,198.0,198.5,194.5,195.0,-2.0,395
4095,2017-02-15,9921,571294,112362621,196.5,197.5,195.5,197.5,2.5,312
4096,2017-02-16,9921,707272,139894062,198.0,198.0,197.0,198.0,0.5,321
4097,2017-02-17,9921,347775,67848125,198.0,198.5,193.0,195.0,-3.0,315
4098,2017-02-20,9921,388614,75645171,196.0,196.0,194.0,194.5,-0.5,148
4099,2017-02-21,9921,348077,67282976,193.5,194.5,192.0,193.0,-1.5,327
4100,2017-02-22,9921,557713,106574396,193.0,193.5,189.5,191.0,-2.0,456
4101,2017-02-23,9921,722998,137939618,192.0,192.0,190.0,190.5,-0.5,281
4102,2017-02-24,9921,677262,128919780,192.0,192.0,189.5,190.0,-0.5,323
4103,2017-03-01,9921,782616,147927554,189.0,190.5,187.0,188.5,-1.5,467
4104,2017-03-02,9921,610975,114643595,188.0,189.5,186.0,187.5,-1.0,261
4105,2017-03-03,9921,590634,109910720,188.0,188.0,185.5,185.5,-2.0,220
4106,2017-03-06,9921,221924,40947364,185.0,186.0,184.0,184.0,-1.5,195
4107,2017-03-07,9921,168036,31178212,184.0,186.5,183.5,186.0,2.0,162
4108,2017-03-08,9921,200506,37137368,186.0,187.0,184.0,185.5,-0.5,200
4109,2017-03-09,9921,562839,102782473,184.5,184.5,182.0,182.5,-3.0,508
4110,2017-03-10,9921,385275,70300287,183.0,184.0,181.5,183.0,0.5,347
4111,2017-03-13,9921,269329,49732365,183.0,185.5,183.0,185.0,2.0,234
4112,2017-03-14,9921,378960,70812077,186.5,189.0,185.5,185.5,0.5,370
4113,2017-03-15,9921,189412,35123336,185.5,186.5,184.5,185.0,-0.5,169
4114,2017-03-16,9921,314877,58956999,186.0,188.0,186.0,187.0,2.0,291
4115,2017-03-17,9921,632005,117051420,188.0,188.5,184.0,184.0,-3.0,400
4116,2017-03-20,9921,612638,114314826,185.5,187.5,185.0,187.0,3.0,273
4117,2017-03-21,9921,433432,80870352,187.5,187.5,186.0,186.0,-1.0,333
4118,2017-03-22,9921,1148898,214384732,186.5,187.5,185.0,185.5,-0.5,307
4119,2017-03-23,9921,440231,82019947,187.5,188.0,185.0,186.0,0.5,307
4120,2017-03-24,9921,305248,56884380,186.0,188.0,185.0,185.0,-1.0,267
4121,2017-03-27,9921,365395,67930365,185.0,187.0,185.0,186.0,1.0,289
4122,2017-03-28,9921,1955211,365973606,187.5,188.0,186.0,187.0,1.0,379
4123,2017-03-29,9921,264104,49391448,188.0,188.0,186.0,187.0,0.0,241
4124,2017-03-30,9921,2191899,395293719,186.0,186.0,178.5,179.0,-8.0,1618
4125,2017-03-31,9921,682338,122747340,180.0,180.5,179.5,179.5,0.5,598
4126,2017-04-06,9921,611250,111648500,181.0,184.5,181.0,181.5,1.0,543
4127,2017-04-07,9921,292000,52641000,181.5,182.5,179.0,179.5,-2.0,278
4128,2017-04-10,9921,165001,29811183,181.0,181.5,180.0,181.0,1.5,163
4129,2017-04-11,9921,267251,48065180,181.0,181.0,178.5,180.5,-0.5,232
4130,2017-04-12,9921,240400,43079500,180.0,180.0,178.5,179.0,-1.5,193
4131,2017-04-13,9921,410563,72534651,180.0,181.0,174.0,176.5,-2.5,367
4132,2017-04-14,9921,232293,40772084,176.0,178.0,174.5,175.0,-1.5,226
4133,2017-04-17,9921,234537,41057012,175.0,176.0,174.0,175.0,0.0,207
4134,2017-04-18,9921,575564,100634200,175.5,176.5,173.5,175.0,0.0,478
4135,2017-04-19,9921,648668,112788395,174.0,175.0,173.0,173.0,-2.0,506
4136,2017-04-20,9921,486223,84238465,174.5,175.0,172.0,172.0,-1.0,418
4137,2017-04-21,9921,347052,60000444,172.5,173.5,172.5,173.0,1.0,285
4138,2017-04-25,9921,629404,110744654,175.5,177.0,174.5,177.0,2.5,391
4139,2017-04-26,9921,2044202,367296860,178.0,181.5,177.0,181.0,4.0,743
4140,2017-04-27,9921,1138810,206059635,181.0,182.0,179.5,182.0,1.0,311
4141,2017-04-28,9921,951844,173559994,182.0,183.0,180.5,182.5,0.5,465
4142,2017-05-02,9921,939632,171106142,183.0,183.0,179.5,182.5,0.0,428
4143,2017-05-03,9921,322750,58945250,182.0,183.0,182.0,183.0,0.5,297
4144,2017-05-04,9921,438714,79835804,181.5,183.5,181.5,183.5,0.5,148
4145,2017-05-05,9921,223392,40630647,183.5,183.5,180.0,180.0,-3.5,81
4146,2017-05-08,9921,388697,68845214,180.5,180.5,176.0,177.5,-2.5,265
4147,2017-05-09,9921,310787,56134447,177.5,182.0,177.5,182.0,4.5,302
4148,2017-05-11,9921,628834,113621622,178.5,183.5,176.5,183.5,5.0,591
4149,2017-05-12,9921,403400,72406900,182.5,182.5,178.5,180.5,-3.0,377
4150,2017-05-15,9921,839179,147170183,180.5,180.5,174.0,175.0,-5.5,751
4151,2017-05-16,9921,854040,151429120,174.5,180.0,174.0,179.5,4.5,777
4152,2017-05-17,9921,411740,73576460,179.0,180.0,176.5,180.0,0.5,385
4153,2017-05-18,9921,947326,168295506,178.0,179.5,175.0,179.5,-0.5,764
4154,2017-05-19,9921,599800,106387100,176.5,178.0,176.5,177.0,-2.5,533
4155,2017-05-22,9921,530800,94767200,177.0,179.5,177.0,178.0,1.0,377
4156,2017-05-23,9921,497660,87395569,176.0,177.0,175.0,175.0,-3.0,476
4157,2017-05-24,9921,299130,52574465,175.0,176.5,174.5,176.0,1.0,294
4158,2017-05-25,9921,672939,118646203,176.0,177.0,175.5,176.5,0.5,334
4159,2017-05-31,9921,1486607,263225116,180.0,181.0,175.5,176.5,-3.0,725
4160,2017-06-01,9921,328827,58022465,176.5,177.0,175.5,175.5,-1.0,266
4161,2017-06-02,9921,452851,80221977,178.0,178.5,175.5,177.0,1.5,343
4162,2017-06-05,9921,362480,64162460,178.0,178.5,176.0,177.0,-1.0,277
4163,2017-06-06,9921,532538,93444417,178.0,178.0,174.0,175.5,-1.5,469
4164,2017-06-07,9921,525433,93026208,176.0,178.0,176.0,177.5,2.0,483
4165,2017-06-08,9921,391761,69321936,177.5,178.0,176.0,176.0,-1.5,318
4166,2017-06-09,9921,513964,90243700,177.5,178.0,174.5,174.5,-1.5,329
4167,2017-06-12,9921,535806,94259356,175.5,177.0,175.0,175.0,0.5,486
4168,2017-06-13,9921,1486078,260634498,176.5,176.5,175.0,175.5,0.5,206
4169,2017-06-14,9921,730080,127921459,177.0,177.0,174.5,175.0,-0.5,442
4170,2017-06-16,9921,352940,61790560,174.5,175.5,174.0,175.5,1.5,220
4171,2017-06-19,9921,197449,34516350,175.5,175.5,174.0,175.5,0.0,184
4172,2017-06-20,9921,274425,47980375,175.5,175.5,174.0,174.5,-1.0,257
4173,2017-06-21,9921,653554,113970896,174.0,176.5,173.5,174.5,0.0,386
4174,2017-06-22,9921,794788,141182264,174.0,179.5,174.0,179.0,4.5,646
4175,2017-06-23,9921,402647,70902872,179.0,180.0,174.5,175.0,-4.0,363
4176,2017-06-26,9921,453559,80017720,176.5,178.0,175.0,178.0,3.0,411
4177,2017-06-27,9921,523320,92325479,177.0,178.0,175.5,177.5,-0.5,460
4178,2017-06-28,9921,711630,125033695,177.5,177.5,175.0,176.5,-1.0,374
4179,2017-06-29,9921,348519,61238103,177.0,177.0,174.5,176.5,0.0,331
4180,2017-06-30,9921,647519,112829825,175.0,175.5,173.0,174.0,-2.5,509
4181,2017-07-04,9921,540646,94029404,175.5,175.5,173.0,174.0,-1.0,275
4182,2017-07-05,9921,657171,114642504,174.0,176.0,174.0,175.5,1.5,275
4183,2017-07-06,9921,400864,70069836,175.5,176.0,174.0,175.0,-0.5,162
4184,2017-07-07,9921,95823,16705702,175.0,175.0,174.0,174.0,-1.0,91
4185,2017-07-10,9921,483480,83023297,174.0,174.0,171.0,171.0,-3.0,409
4186,2017-07-11,9921,323450,55299224,171.0,173.0,170.0,170.5,-0.5,277
4187,2017-07-12,9921,929482,157763968,171.0,171.0,168.5,168.5,-2.0,529
4188,2017-07-13,9921,865049,144600753,170.0,170.0,165.5,166.0,-2.5,687
4189,2017-07-14,9921,151820,25271850,166.0,167.0,166.0,166.0,0.0,137
4190,2017-07-17,9921,334600,55473900,167.0,167.0,165.0,165.5,-0.5,297
4191,2017-07-18,9921,815827,131593554,165.5,166.5,160.0,160.5,-5.0,757
4192,2017-07-19,9921,1473259,229524904,160.0,160.5,154.0,155.0,-5.5,1229
4193,2017-07-20,9921,658285,102440245,155.0,157.0,154.5,156.0,1.0,584
4194,2017-07-21,9921,319110,50222543,156.5,158.0,156.5,157.5,1.5,282
4195,2017-07-24,9921,331192,51705738,157.5,158.0,155.0,156.5,-1.0,302
4196,2017-07-25,9921,290777,45390319,157.5,157.5,155.5,155.5,-1.0,283
4197,2017-07-26,9921,501144,77124676,155.5,156.0,153.0,153.0,-2.5,475
4198,2017-07-27,9921,825309,124700277,153.0,154.0,148.5,151.5,-1.5,672
4199,2017-07-28,9921,269984,40774020,151.5,152.5,150.5,150.5,-1.0,253
4200,2017-07-31,9921,726491,107633650,150.0,150.5,146.5,149.0,-1.5,572
4201,2017-08-01,9921,547937,80760642,149.0,149.0,146.5,146.5,-2.5,459
4202,2017-08-02,9921,1128322,172200732,146.5,156.5,146.5,155.5,9.0,954
4203,2017-08-03,9921,673211,102709072,156.0,156.0,151.5,151.5,-4.0,614
4204,2017-08-04,9921,231646,35352630,151.5,153.5,151.5,153.0,1.5,210
4205,2017-08-07,9921,599621,92761185,154.5,156.5,153.0,156.0,3.0,481
4206,2017-08-08,9921,357787,55296198,156.0,157.0,153.0,154.5,-1.5,333
4207,2017-08-09,9921,453423,69385771,153.5,154.0,151.5,153.5,-1.0,371
4208,2017-08-10,9921,463501,70321403,153.5,154.5,150.0,150.5,-3.0,395
4209,2017-08-11,9921,781663,120522921,150.0,156.0,150.0,155.0,4.5,630
4210,2017-08-14,9921,663684,103519520,156.5,158.5,153.5,155.0,0.0,529
4211,2017-08-15,9921,567501,86572153,154.0,156.0,151.0,151.5,-3.5,473
4212,2017-08-16,9921,555369,84335088,151.5,153.5,150.5,152.0,0.5,475
4213,2017-08-17,9921,474551,73688729,153.5,156.5,152.5,156.0,4.0,421
4214,2017-08-18,9921,489330,75337815,154.5,155.5,152.5,155.0,-1.0,437
4215,2017-08-21,9921,511190,79437735,154.0,156.5,154.0,155.0,0.0,375
4216,2017-08-22,9921,787441,121012855,154.5,155.0,152.5,154.0,-1.0,578
4217,2017-08-23,9921,941452,143217656,153.0,154.0,151.0,152.0,-2.0,691
4218,2017-08-24,9921,811227,119391662,146.0,148.0,146.0,148.0,0.0,638
4219,2017-08-25,9921,268643,40142769,148.5,150.5,148.0,150.0,2.0,241
4220,2017-08-28,9921,215440,32315000,150.0,151.0,149.5,150.0,0.0,183
4221,2017-08-29,9921,198227,29641297,149.5,150.0,148.5,150.0,0.0,194
4222,2017-08-30,9921,1008183,153459587,151.0,153.5,150.5,153.0,3.0,791
4223,2017-08-31,9921,590250,89973124,154.0,154.0,151.0,152.5,-0.5,505
4224,2017-09-01,9921,451629,68828309,154.0,154.0,152.0,152.5,0.0,407
4225,2017-09-04,9921,523818,78278654,151.0,151.5,148.5,149.0,-3.5,434
4226,2017-09-06,9921,630044,94336120,149.5,150.5,148.5,150.5,1.0,386
4227,2017-09-07,9921,442775,66565025,151.0,151.0,149.5,150.5,0.0,378
4228,2017-09-08,9921,1582472,235833007,151.0,151.0,148.0,149.5,-1.0,367
4229,2017-09-11,9921,223300,33140000,149.5,150.0,147.5,148.5,-1.0,194
4230,2017-09-12,9921,341152,50327648,149.5,149.5,147.0,147.5,-1.0,301
4231,2017-09-13,9921,438864,64203303,147.0,147.5,145.0,145.5,-2.0,393
4232,2017-09-14,9921,898549,127900007,144.5,145.5,141.0,141.5,-4.0,763
4233,2017-09-15,9921,1047316,149925844,141.5,144.0,141.5,143.5,2.0,650
4234,2017-09-18,9921,549243,79580735,144.0,145.5,143.5,145.5,2.0,492
4235,2017-09-19,9921,1029308,152349700,146.0,149.0,145.5,148.0,2.5,644
4236,2017-09-20,9921,773348,114563523,148.0,149.0,147.0,149.0,1.0,509
4237,2017-09-22,9921,214929,31761242,150.0,150.0,147.0,147.5,-2.5,209
4238,2017-09-25,9921,214475,31091875,145.5,147.0,144.0,145.0,-2.5,212
4239,2017-09-26,9921,307169,44012336,144.5,144.5,142.5,143.5,-1.5,274
4240,2017-09-27,9921,530128,76150688,141.5,147.0,141.0,146.5,3.0,466
4241,2017-09-28,9921,409474,58362256,144.5,144.5,142.0,142.5,-4.0,379
4242,2017-09-29,9921,207188,29576384,143.5,144.0,142.0,142.5,0.0,177
4243,2017-10-02,9921,196586,28154091,142.5,144.0,142.5,143.5,0.5,176
4244,2017-10-03,9921,176860,25500700,144.5,144.5,143.5,144.5,1.0,159
4245,2017-10-05,9921,328842,48016932,145.0,146.5,144.5,146.5,2.0,283
4246,2017-10-06,9921,245319,35931227,148.0,148.0,145.5,147.0,0.5,238
4247,2017-10-11,9921,384166,56763068,149.0,149.0,147.0,148.0,1.0,338
4248,2017-10-12,9921,486233,72009098,148.5,149.0,147.0,148.5,0.5,443
4249,2017-10-13,9921,381999,56728848,148.5,149.0,147.5,149.0,0.5,357
4250,2017-10-17,9921,467625,70866375,151.5,152.0,150.5,152.0,0.5,390
4251,2017-10-18,9921,1096397,169323035,153.0,156.5,152.5,156.5,4.5,884
4252,2017-10-19,9921,1549480,249782032,157.0,164.0,157.0,161.0,4.5,1127
4253,2017-10-20,9921,1750144,280781896,160.0,162.0,159.0,160.0,-1.0,837
4254,2017-10-23,9921,324897,51176432,160.0,161.0,156.0,156.0,-4.0,311
4255,2017-10-24,9921,194706,30205610,154.5,156.5,154.5,155.0,-1.0,160
4256,2017-10-25,9921,142408,22264148,158.0,158.0,155.0,156.0,1.0,137
4257,2017-10-26,9921,348791,53727207,157.0,157.0,153.0,153.0,-3.0,320
4258,2017-10-27,9921,191408,29725941,153.0,156.5,153.0,155.5,2.5,181
4259,2017-10-30,9921,177225,27343261,155.5,156.0,153.5,154.0,-1.5,149
4260,2017-10-31,9921,198443,30633722,154.0,155.0,153.0,155.0,1.0,155
4261,2017-11-02,9921,278181,43149055,157.0,157.0,154.5,154.5,-0.5,252
4262,2017-11-03,9921,142512,22015360,154.5,155.5,153.0,155.0,0.5,126
4263,2017-11-06,9921,326090,49893815,156.0,156.0,151.5,152.5,-2.5,249
4264,2017-11-07,9921,126830,19411490,152.5,153.5,152.0,153.5,1.0,121
4265,2017-11-08,9921,152100,23180300,152.5,153.5,151.0,153.5,0.0,132
4266,2017-11-09,9921,210532,31902596,153.5,153.5,150.0,151.5,-2.0,182
4267,2017-11-10,9921,181552,27354352,152.0,152.0,150.0,151.0,-0.5,182
4268,2017-11-13,9921,1109768,176284612,150.0,163.0,150.0,159.0,8.0,908
4269,2017-11-14,9921,587326,93622334,159.5,160.0,157.0,160.0,1.0,380
4270,2017-11-15,9921,1090350,174340500,160.0,160.5,159.0,159.5,-0.5,541
4271,2017-11-16,9921,896937,144233357,159.5,163.0,159.5,161.5,2.0,479
4272,2017-11-20,9921,335784,51495088,156.0,156.0,152.0,152.5,-4.5,306
4273,2017-11-21,9921,494218,74996854,152.0,153.0,151.0,151.5,-1.0,439
4274,2017-11-22,9921,675658,100874700,151.5,151.5,148.0,149.0,-2.5,586
4275,2017-11-23,9921,104456,15624907,150.0,150.5,149.0,149.5,0.5,104
4276,2017-11-24,9921,302606,44748188,150.0,150.5,146.5,147.0,-2.5,274
4277,2017-11-27,9921,537456,77773846,147.0,147.0,143.5,144.5,-2.5,443
4278,2017-11-28,9921,339084,49037680,144.0,146.0,144.0,145.0,0.5,314
4279,2017-11-29,9921,339570,49534505,146.0,147.0,145.0,146.5,1.5,322
4280,2017-11-30,9921,1039033,154897898,147.0,150.0,147.0,150.0,3.5,517
4281,2017-12-01,9921,305636,45594900,150.0,150.5,148.0,149.5,-0.5,288
4282,2017-12-04,9921,129292,19269800,149.5,150.0,148.0,149.0,-0.5,125
4283,2017-12-05,9921,352700,52528500,147.0,150.5,146.5,150.5,1.5,301
4284,2017-12-06,9921,317817,47504550,149.0,150.0,148.5,150.0,-0.5,297
4285,2017-12-07,9921,556955,83019765,149.5,150.0,148.5,149.0,-1.0,250
4286,2017-12-08,9921,328004,49192600,150.0,150.5,148.0,150.5,1.5,272
4287,2017-12-11,9921,544584,81594600,149.0,151.5,149.0,151.0,0.5,142
4288,2017-12-12,9921,279566,42050900,150.5,151.0,150.0,151.0,0.0,221
4289,2017-12-13,9921,298401,45325853,151.0,153.0,150.5,152.0,1.0,236
4290,2017-12-14,9921,294341,45003173,152.0,154.0,152.0,153.5,1.5,168
4291,2017-12-15,9921,786880,120476020,153.5,154.5,152.5,153.0,-0.5,284
4292,2017-12-18,9921,444171,69248587,155.5,157.0,154.5,156.0,3.0,317
4293,2017-12-19,9921,267764,41873825,155.5,157.5,155.5,157.5,1.5,207
4294,2017-12-20,9921,315926,50095308,157.0,159.5,157.0,159.0,1.5,261
4295,2017-12-21,9921,371666,59304894,157.0,161.0,157.0,160.0,1.0,262
4296,2017-12-22,9921,326505,51421532,160.0,160.0,156.0,157.0,-3.0,280
4297,2017-12-25,9921,232926,36859808,157.0,159.5,156.5,158.5,1.5,204
4298,2017-12-26,9921,420872,67341579,159.5,160.5,159.0,160.5,2.0,306
4299,2017-12-27,9921,285382,45765811,160.5,161.0,159.5,161.0,0.5,197
4300,2017-12-28,9921,438221,70611360,161.0,162.0,160.5,161.0,0.0,252
4301,2017-12-29,9921,493016,80441408,161.0,164.0,161.0,163.5,2.5,404
4302,2018-01-02,9921,580770,96925968,166.0,169.5,165.0,168.0,4.5,404
4303,2018-01-03,9921,471783,78293695,169.0,169.5,165.0,165.0,-3.0,402
4304,2018-01-04,9921,613401,102566967,165.0,169.0,165.0,168.5,3.5,537
4305,2018-01-05,9921,693759,117517788,168.5,170.0,168.0,170.0,1.5,472
4306,2018-01-08,9921,771839,130948209,170.0,171.0,168.0,170.5,0.5,499
4307,2018-01-09,9921,914831,151045284,170.0,170.0,163.0,165.0,-5.5,787
4308,2018-01-10,9921,678103,113012544,166.5,168.0,165.5,167.0,2.0,507
4309,2018-01-11,9921,361183,60016378,167.0,168.0,165.0,166.5,-0.5,313
4310,2018-01-12,9921,467176,78426153,168.0,169.0,167.0,168.5,2.0,416
4311,2018-01-15,9921,667766,112529422,170.0,170.0,166.5,168.0,-0.5,208
4312,2018-01-16,9921,547300,91296300,167.5,168.0,165.5,167.0,-1.0,299
4313,2018-01-17,9921,545807,92233190,168.0,170.0,167.0,170.0,3.0,491
4314,2018-01-18,9921,353423,60236910,171.0,172.0,169.0,170.5,0.5,320
4315,2018-01-19,9921,790470,132734721,170.5,170.5,166.5,168.0,-2.5,257
4316,2018-01-23,9921,327503,54978754,170.0,170.0,166.5,168.0,-1.5,276
4317,2018-01-24,9921,525787,87595716,167.0,169.0,164.5,168.0,0.0,442
4318,2018-01-25,9921,600328,100479937,169.0,169.0,166.0,167.5,-0.5,511
4319,2018-01-26,9921,524770,87117234,167.5,167.5,165.0,166.5,-1.0,312
4320,2018-01-29,9921,735724,122248608,167.5,168.0,164.0,168.0,1.5,403
4321,2018-01-30,9921,306505,50817825,167.5,167.5,164.5,166.0,-2.0,225
4322,2018-01-31,9921,699306,114555864,166.0,166.0,162.0,163.5,-2.5,424
4323,2018-02-01,9921,518552,85251528,163.5,166.0,162.5,164.5,1.0,478
4324,2018-02-02,9921,449772,73039221,163.0,164.5,161.0,163.5,-1.0,398
4325,2018-02-05,9921,1038700,161984700,159.0,159.5,154.0,155.5,-8.0,836
4326,2018-02-06,9921,1478514,231145254,152.5,163.0,152.0,162.0,6.5,1220
4327,2018-02-08,9921,578866,89753420,156.5,157.0,154.0,154.5,-0.5,391
4328,2018-02-09,9921,1333864,194804100,146.5,148.0,143.0,147.0,-7.5,957
4329,2018-02-12,9921,751667,111798883,147.0,151.5,147.0,148.0,1.0,625
4330,2018-02-21,9921,777884,121151726,150.5,158.0,150.0,158.0,10.0,618
4331,2018-02-22,9921,480543,74650294,155.5,157.0,153.5,157.0,-1.0,413
4332,2018-02-26,9921,186507,29379683,161.0,161.0,156.0,156.0,-3.5,183
4333,2018-02-27,9921,457395,70550420,159.0,159.0,153.0,153.0,-3.0,350
4334,2018-03-01,9921,638351,99895958,151.5,159.0,151.5,158.5,5.5,564
4335,2018-03-02,9921,953118,147280072,155.0,155.5,153.5,155.5,-3.0,385
4336,2018-03-05,9921,268528,41659840,154.0,157.5,153.5,155.5,0.0,257
4337,2018-03-06,9921,823189,131527429,157.5,162.0,157.0,162.0,6.5,591
4338,2018-03-07,9921,605500,98258000,163.5,163.5,160.5,162.0,0.0,496
4339,2018-03-08,9921,413016,65415528,161.0,161.0,157.0,157.5,-4.5,387
4340,2018-03-09,9921,110378,17560102,160.0,160.0,158.0,159.0,1.5,106
4341,2018-03-12,9921,510834,82402689,160.5,163.0,159.0,163.0,4.0,456
4342,2018-03-13,9921,233969,37902478,162.5,163.0,161.0,163.0,0.0,216
4343,2018-03-14,9921,250175,40324937,163.0,163.0,160.0,161.0,-2.0,218
4344,2018-03-16,9921,1249192,205210680,163.5,166.0,160.0,165.5,3.5,602
4345,2018-03-19,9921,228724,37578512,166.0,166.0,163.0,164.0,-1.5,204
4346,2018-03-20,9921,616556,100093128,163.5,163.5,162.0,163.0,-1.0,103
4347,2018-03-21,9921,1836560,300246058,162.5,164.0,162.5,163.5,0.5,142
4348,2018-03-22,9921,344220,56446469,163.5,165.5,163.0,164.0,0.5,313
4349,2018-03-23,9921,269769,42904154,158.0,160.5,158.0,159.5,-4.5,236
4350,2018-03-26,9921,1095083,167427782,156.5,156.5,151.5,152.5,-7.0,781
4351,2018-03-27,9921,505040,77656660,153.5,154.5,153.5,154.0,1.5,384
4352,2018-03-28,9921,326630,49947890,153.0,153.5,152.5,152.5,-1.5,243
4353,2018-03-29,9921,438490,66819221,152.5,153.0,151.5,153.0,0.5,375
4354,2018-03-30,9921,288304,44363816,152.5,154.5,152.5,154.0,1.0,211
4355,2018-04-02,9921,197837,30301848,152.5,154.0,152.5,153.0,0.0,144
4356,2018-04-03,9921,427910,65612140,151.0,154.5,151.0,154.5,1.5,323
4357,2018-04-09,9921,460575,69171959,154.0,154.0,149.0,149.5,-5.0,439
4358,2018-04-10,9921,1116160,166172070,148.5,150.0,148.0,148.5,-1.0,243
4359,2018-04-11,9921,129014,19358114,149.0,151.0,149.0,150.0,1.5,113
4360,2018-04-12,9921,952293,142855243,152.0,152.0,149.0,150.5,0.5,112
4361,2018-04-13,9921,153154,22874676,150.0,150.5,149.0,149.0,-1.5,136
4362,2018-04-16,9921,1263772,186709776,148.5,149.5,147.0,147.5,-1.5,227
4363,2018-04-17,9921,565357,83147694,147.5,148.0,146.0,148.0,0.5,156
4364,2018-04-18,9921,1373212,204166800,148.0,151.0,147.0,150.0,2.0,160
4365,2018-04-19,9921,1006085,153559260,148.0,154.5,148.0,154.5,4.5,307
4366,2018-04-20,9921,170836,26033908,152.0,153.5,151.0,153.5,-1.0,145
4367,2018-04-23,9921,83835,12683440,152.0,152.0,150.5,151.0,-2.5,78
4368,2018-04-24,9921,215848,32680896,150.0,152.5,149.0,152.0,1.0,175
4369,2018-04-25,9921,286295,43488635,150.0,153.5,150.0,153.5,1.5,246
4370,2018-04-26,9921,358863,54271313,151.5,152.0,150.0,151.5,-2.0,295
4371,2018-04-27,9921,227100,33790800,150.5,151.0,147.5,148.5,-3.0,220
4372,2018-04-30,9921,331126,50100900,148.5,152.0,148.0,151.5,3.0,278
4373,2018-05-02,9921,147595,22240250,150.0,152.0,150.0,151.0,-0.5,129
4374,2018-05-03,9921,590541,89285150,152.5,152.5,150.5,151.0,0.0,306
4375,2018-05-04,9921,338768,51160968,150.0,152.0,150.0,151.0,0.0,282
4376,2018-05-07,9921,441024,66216374,150.5,152.0,148.0,149.0,-2.0,282
4377,2018-05-08,9921,291500,43452500,147.5,150.5,147.5,148.5,-0.5,232
4378,2018-05-09,9921,127353,18928891,148.5,150.0,148.0,148.0,-0.5,113
4379,2018-05-10,9921,164180,24445410,148.0,150.0,148.0,148.5,0.5,139
4380,2018-05-11,9921,54293,8136157,148.5,150.5,148.5,149.5,1.0,56
4381,2018-05-14,9921,565342,82132260,146.0,146.5,144.5,145.5,-4.0,348
4382,2018-05-15,9921,700246,100770170,145.5,146.0,142.5,143.0,-2.5,403
4383,2018-05-16,9921,631351,87709140,141.0,141.0,138.0,138.0,-5.0,565
4384,2018-05-17,9921,449873,62109474,137.0,139.0,137.0,138.0,0.0,356
4385,2018-05-18,9921,381067,52310179,138.0,138.5,136.5,136.5,-1.5,371
4386,2018-05-21,9921,320280,43690860,137.5,138.5,135.5,136.0,-0.5,260
4387,2018-05-22,9921,727425,99312850,136.0,137.0,136.0,136.0,0.0,167
4388,2018-05-23,9921,947475,129334950,136.0,137.0,136.0,136.0,0.0,188
4389,2018-05-24,9921,135763,18503201,137.5,137.5,135.5,136.5,0.5,124
4390,2018-05-25,9921,136931,18638579,136.5,137.0,135.5,136.0,-0.5,153
4391,2018-05-28,9921,245067,33127144,136.0,136.5,134.0,136.5,0.5,247
4392,2018-05-29,9921,290006,39195317,135.0,136.5,133.5,136.5,0.0,285
4393,2018-05-30,9921,559968,74175164,134.0,134.0,131.0,131.5,-5.0,498
4394,2018-05-31,9921,919857,120201838,133.0,133.5,130.0,130.0,-1.5,391
4395,2018-06-01,9921,523204,70167050,131.0,136.5,130.5,136.0,6.0,441
4396,2018-06-04,9921,383130,52061180,136.0,136.0,134.5,136.0,0.0,324
4397,2018-06-05,9921,268683,36111046,136.5,136.5,133.0,135.0,-1.0,208
4398,2018-06-06,9921,556209,75657424,135.0,136.5,135.0,136.0,1.0,426
4399,2018-06-07,9921,279744,37939184,136.0,136.0,134.5,136.0,0.0,241
4400,2018-06-08,9921,316716,42862376,134.5,136.0,134.0,136.0,0.0,259
4401,2018-06-11,9921,122866,16637410,134.5,136.0,134.5,135.0,-1.0,125
4402,2018-06-12,9921,825854,112282790,135.0,136.5,135.0,136.0,1.0,525
4403,2018-06-13,9921,487400,66594800,137.0,137.5,136.0,136.5,0.5,398
4404,2018-06-14,9921,581888,79228098,135.0,137.0,135.0,136.5,0.0,341
4405,2018-06-15,9921,508130,68415853,135.5,136.5,134.0,134.0,-2.5,273
4406,2018-06-19,9921,536757,70008667,131.5,132.0,129.5,131.0,-3.0,467
4407,2018-06-20,9921,744930,94259470,130.5,130.5,126.0,126.0,-5.0,577
4408,2018-06-21,9921,303150,38046500,126.0,126.5,125.0,125.0,-1.0,280
4409,2018-06-22,9921,414835,51623955,124.0,127.5,122.0,126.5,1.5,370
4410,2018-06-25,9921,438296,54456204,125.0,126.0,123.0,124.0,-2.5,415
4411,2018-06-26,9921,645607,82607389,124.0,130.0,124.0,127.5,3.5,512
4412,2018-06-27,9921,466530,59198780,127.5,128.0,125.5,126.5,-1.0,397
4413,2018-06-28,9921,612257,77938508,125.5,129.0,125.0,127.0,0.5,528
4414,2018-06-29,9921,826786,106849894,127.0,132.0,126.5,129.0,2.0,623
4415,2018-07-02,9921,1569535,210259850,130.0,135.5,130.0,134.0,5.0,961
4416,2018-07-03,9921,1386441,180051582,135.0,135.0,127.0,127.0,-7.0,983
4417,2018-07-04,9921,397282,50935506,127.5,130.0,127.0,128.0,1.0,362
4418,2018-07-05,9921,261703,33447984,128.0,129.0,127.0,128.0,0.0,193
4419,2018-07-06,9921,481666,59867581,128.0,128.5,123.0,123.0,-5.0,406
4420,2018-07-10,9921,327385,41933665,126.5,129.5,125.0,129.5,5.0,242
4421,2018-07-11,9921,303251,38075750,126.5,126.5,124.5,126.0,-3.5,272
4422,2018-07-12,9921,355060,45089708,126.0,128.5,125.0,126.5,0.5,281
4423,2018-07-13,9921,377539,48234759,126.0,128.5,125.5,128.0,1.5,300
4424,2018-07-16,9921,296837,37647878,128.0,128.5,126.0,126.0,-2.0,265
4425,2018-07-17,9921,482806,62372280,126.0,131.0,126.0,130.0,4.0,442
4426,2018-07-18,9921,440822,58370648,133.0,134.0,130.0,134.0,4.0,421
4427,2018-07-19,9921,668602,88356668,133.5,134.0,130.0,131.0,-3.0,528
4428,2018-07-20,9921,424525,55687150,131.5,132.5,130.5,130.5,-0.5,243
4429,2018-07-23,9921,206400,26697500,129.0,130.0,128.5,129.0,-1.5,191
4430,2018-07-24,9921,431012,55478463,129.0,129.5,128.0,129.0,0.0,99
4431,2018-07-26,9921,739857,93697829,126.5,128.0,125.5,127.0,1.5,252
4432,2018-07-27,9921,443150,56180550,126.5,128.0,126.0,128.0,1.0,288
4433,2018-07-30,9921,662232,87086624,128.0,134.0,128.0,133.5,5.5,565
4434,2018-07-31,9921,1003154,130686660,132.5,132.5,128.5,131.0,-2.5,562
4435,2018-08-01,9921,303819,39649108,131.0,131.0,129.5,131.0,0.0,222
4436,2018-08-02,9921,140168,18219340,131.0,131.0,129.5,130.0,-1.0,111
4437,2018-08-03,9921,211440,27497359,129.5,131.0,129.5,130.5,0.5,170
4438,2018-08-06,9921,292348,38174413,130.5,132.5,129.5,129.5,-1.0,225
4439,2018-08-07,9921,423285,55159903,128.5,131.5,128.5,130.0,0.5,327
4440,2018-08-08,9921,1283445,167036240,130.0,132.0,130.0,131.0,1.0,198
4441,2018-08-09,9921,94254,12234520,131.0,131.0,129.5,129.5,-1.5,92
4442,2018-08-10,9921,112742,14643587,129.5,130.5,129.5,130.0,0.5,113
4443,2018-08-13,9921,2462277,330772145,135.0,136.5,129.5,131.0,1.0,1277
4444,2018-08-14,9921,704125,91508000,132.0,132.5,128.5,130.0,-1.0,492
4445,2018-08-15,9921,520242,68058944,131.5,133.0,129.5,131.0,1.0,425
4446,2018-08-16,9921,603817,79107344,129.5,132.5,129.5,131.5,0.5,377
4447,2018-08-17,9921,437141,56604830,129.0,130.0,129.0,130.0,0.0,285
4448,2018-08-20,9921,338767,43918443,128.5,130.0,128.5,129.5,-0.5,273
4449,2018-08-21,9921,892039,117511165,130.5,133.0,129.0,131.5,2.0,567
4450,2018-08-22,9921,585869,77791077,132.5,133.0,131.5,133.0,1.5,301
4451,2018-08-23,9921,580629,77173915,133.0,133.0,132.0,133.0,0.0,372
4452,2018-08-24,9921,471822,62563504,132.0,133.0,131.0,132.5,-0.5,332
4453,2018-08-27,9921,629146,83648491,133.0,133.0,132.5,133.0,0.5,290
4454,2018-08-28,9921,852949,113512191,133.0,135.0,132.0,133.0,0.0,470
4455,2018-08-29,9921,569419,75716515,133.0,133.0,132.5,133.0,0.0,374
4456,2018-08-30,9921,564403,74965099,133.0,133.0,132.0,133.0,0.0,408
4457,2018-08-31,9921,702866,93320812,133.0,133.0,132.0,132.5,-0.5,465
4458,2018-09-03,9921,345052,45380364,132.5,132.5,130.5,132.0,-0.5,334
4459,2018-09-04,9921,614821,81623279,132.5,133.0,132.0,132.5,0.5,455
4460,2018-09-05,9921,459386,60536838,132.0,132.5,131.0,132.0,-0.5,366
4461,2018-09-06,9921,359371,47369472,132.0,132.5,131.5,132.0,0.0,286
4462,2018-09-07,9921,726033,92626554,131.0,131.0,125.0,125.5,-6.5,612
4463,2018-09-10,9921,819367,100599710,125.5,126.0,120.0,123.5,-2.0,636
4464,2018-09-11,9921,543116,69073348,125.5,128.5,124.0,127.0,3.5,486
4465,2018-09-12,9921,268150,34108550,126.5,127.5,126.5,127.0,0.0,214
4466,2018-09-13,9921,419854,53734498,126.5,129.0,126.5,127.5,0.5,339
4467,2018-09-14,9921,535200,69233400,127.5,131.5,127.0,131.0,3.5,403
4468,2018-09-17,9921,527937,68458932,130.0,130.5,129.0,129.5,-1.5,258
4469,2018-09-18,9921,533300,69991149,129.5,132.5,129.5,130.5,1.0,394
4470,2018-09-19,9921,449481,59152731,130.5,132.5,130.5,132.5,2.0,345
4471,2018-09-20,9921,332902,43872710,132.5,132.5,131.0,131.0,-1.5,282
4472,2018-09-21,9921,615808,81412656,130.5,133.0,129.5,133.0,2.0,404
4473,2018-09-25,9921,826429,110611270,132.0,135.0,132.0,133.5,0.5,429
4474,2018-09-26,9921,587144,78186508,133.5,134.0,132.5,133.0,-0.5,471
4475,2018-09-28,9921,616420,81072020,132.0,133.0,130.0,131.0,-2.0,393
4476,2018-10-01,9921,192414,25483148,130.5,133.0,130.5,133.0,2.0,186
4477,2018-10-02,9921,372282,48727582,133.0,133.0,130.0,131.0,-2.0,293
4478,2018-10-03,9921,257580,34088640,130.0,133.0,130.0,133.0,2.0,215
4479,2018-10-04,9921,602134,77755554,131.0,131.5,128.0,128.0,-5.0,514
4480,2018-10-05,9921,465920,58991797,127.5,128.0,125.0,127.5,-0.5,376
4481,2018-10-08,9921,356261,45108275,127.0,127.5,125.5,126.0,-1.5,308
4482,2018-10-09,9921,442149,56078072,126.0,128.0,125.5,127.5,1.5,300
4483,2018-10-11,9921,1168153,135042248,119.0,119.0,115.0,115.0,-12.5,837
4484,2018-10-15,9921,722023,83752714,116.0,117.5,115.5,115.5,-4.0,608
4485,2018-10-16,9921,521390,61143910,115.0,118.5,115.0,117.5,2.0,477
4486,2018-10-17,9921,388712,46098083,115.5,120.0,115.5,119.5,2.0,307
4487,2018-10-18,9921,417540,50734726,119.5,124.5,119.0,124.5,5.0,341
4488,2018-10-19,9921,560802,68697646,122.0,123.5,119.5,123.0,-1.5,257
4489,2018-10-22,9921,156979,19334938,120.0,125.0,120.0,122.5,-0.5,151
4490,2018-10-23,9921,378491,46797393,121.0,126.0,121.0,123.0,0.5,345
4491,2018-10-24,9921,477750,59319750,123.0,126.0,119.5,126.0,3.0,403
4492,2018-10-25,9921,348824,43356324,122.0,125.0,122.0,125.0,-1.0,307
4493,2018-10-26,9921,376611,45994375,124.5,126.0,119.5,124.5,-0.5,322
4494,2018-10-29,9921,283795,35382580,125.5,126.0,124.0,124.0,-0.5,226
4495,2018-10-30,9921,1384190,170306870,124.5,124.5,122.5,123.0,-1.0,265
4496,2018-10-31,9921,1053713,125981347,121.0,121.5,117.5,118.0,-5.0,635
4497,2018-11-02,9921,324407,38520782,118.5,119.5,118.0,119.5,2.5,268
4498,2018-11-05,9921,610150,71757000,119.5,119.5,115.5,118.5,-1.0,456
4499,2018-11-06,9921,352703,41734008,118.5,120.0,117.0,120.0,1.5,250
4500,2018-11-07,9921,284830,34168770,120.0,121.0,118.5,119.0,-1.0,208
4501,2018-11-08,9921,677240,83322378,120.0,124.5,120.0,124.5,5.5,563
4502,2018-11-09,9921,448000,55776500,124.5,127.0,122.0,122.5,-2.0,322
4503,2018-11-12,9921,2296652,304290432,130.0,134.5,127.5,129.5,7.0,1272
4504,2018-11-13,9921,7475943,951598590,129.0,138.0,129.0,129.5,0.0,1808
4505,2018-11-14,9921,6209988,792821844,131.5,133.0,128.5,128.5,-1.0,1724
4506,2018-11-15,9921,12014655,1551857700,132.0,141.0,132.0,140.5,12.0,1943
4507,2018-11-16,9921,5424413,795755385,140.5,150.0,140.5,146.0,5.5,3408
4508,2018-11-19,9921,1566917,227958833,145.5,147.5,143.0,147.5,1.5,1238
4509,2018-11-20,9921,1338303,195029435,146.5,147.0,144.0,146.0,-1.5,1010
4510,2018-11-21,9921,1473279,216024955,146.0,149.0,144.5,146.5,0.5,1138
4511,2018-11-22,9921,878411,127459684,147.5,148.0,143.5,144.5,-2.0,770
4512,2018-11-23,9921,1067628,152822676,143.0,145.0,141.5,142.5,-2.0,695
4513,2018-11-26,9921,1015549,146554105,144.0,146.5,142.0,145.0,2.5,815
4514,2018-11-27,9921,1254835,178176570,143.5,144.5,139.0,143.0,-2.0,1016
4515,2018-11-28,9921,673065,96120360,144.0,144.0,141.5,144.0,1.0,594
4516,2018-11-29,9921,2090566,299339160,147.0,148.0,139.5,140.0,-4.0,1189
4517,2018-11-30,9921,1600070,228368940,142.0,144.0,141.0,143.0,3.0,937
4518,2018-12-03,9921,1623868,230049438,145.0,145.5,140.0,141.5,-1.5,755
4519,2018-12-04,9921,1220180,175590420,143.0,146.5,140.5,144.5,3.0,910
4520,2018-12-05,9921,1402686,201811784,142.0,146.0,141.0,144.5,0.0,1106
4521,2018-12-06,9921,2031336,295076555,145.0,148.0,143.0,147.5,3.0,1487
4522,2018-12-07,9921,3005275,446633880,147.5,152.5,144.5,148.0,0.5,2149
4523,2018-12-10,9921,1177625,172203000,146.0,148.0,143.5,145.0,-3.0,916
4524,2018-12-11,9921,2599498,382084712,145.5,150.0,144.5,144.5,-0.5,1731
4525,2018-12-12,9921,1209532,176867672,145.5,147.5,144.5,146.5,2.0,851
4526,2018-12-13,9921,2087551,314295701,148.5,152.5,147.0,151.5,5.0,1498
4527,2018-12-14,9921,1187945,176030383,151.0,151.0,147.0,147.5,-4.0,986
4528,2018-12-17,9921,867936,127222435,147.5,149.0,145.0,145.5,-2.0,542
4529,2018-12-18,9921,2283200,323659298,145.0,145.0,140.0,140.5,-5.0,1415
4530,2018-12-19,9921,2129505,304300725,142.0,145.0,140.5,145.0,4.5,1382
4531,2018-12-20,9921,929738,133898296,145.0,147.0,141.5,142.5,-2.5,707
4532,2018-12-21,9921,1325138,190861720,142.5,145.0,141.0,144.5,2.0,539
4533,2018-12-24,9921,241309,34475187,143.0,144.0,142.5,143.0,0.0,226
4534,2018-12-25,9921,710630,99631700,140.5,143.0,138.0,141.0,-2.0,521
4535,2018-12-26,9921,572543,81394063,142.0,143.0,140.5,141.5,0.5,435
4536,2018-12-27,9921,932025,135136100,144.0,146.5,143.0,145.0,3.5,688
4537,2018-12-28,9921,582399,84180755,144.5,146.5,143.5,144.5,-0.5,475
4538,2019-01-02,9921,563908,81813252,144.5,147.0,143.5,144.0,-0.5,503
4539,2019-01-03,9921,2585650,393690750,145.5,158.0,145.0,156.0,12.0,1889
4540,2019-01-04,9921,1596457,247987647,156.0,157.5,152.5,153.5,-2.5,1416
4541,2019-01-07,9921,2094876,334044093,157.0,161.5,156.0,160.5,7.0,1641
4542,2019-01-08,9921,1635358,260881848,161.5,163.0,156.0,156.0,-4.5,1303
4543,2019-01-09,9921,1555917,248513720,158.0,161.0,158.0,160.0,4.0,1110
4544,2019-01-10,9921,977077,155493204,160.5,161.5,157.0,159.0,-1.0,589
4545,2019-01-11,9921,1425493,225731984,158.5,161.0,157.0,157.0,-2.0,717
4546,2019-01-14,9921,274954,42964392,158.0,159.0,155.5,155.5,-1.5,221
4547,2019-01-15,9921,588975,93996500,158.0,161.0,157.0,160.5,5.0,508
4548,2019-01-16,9921,1020401,163091660,163.0,163.0,158.0,160.0,-0.5,669
4549,2019-01-17,9921,950635,151537465,162.0,162.0,157.0,158.5,-1.5,473
4550,2019-01-18,9921,460073,72949034,160.0,160.0,157.0,159.5,1.0,314
4551,2019-01-21,9921,323689,51478703,159.5,161.0,158.0,158.5,-1.0,289
4552,2019-01-22,9921,518056,82103460,158.5,160.5,157.0,160.0,1.5,372
4553,2019-01-23,9921,1232795,192814915,158.5,160.0,156.0,156.0,-4.0,389
4554,2019-01-24,9921,1225443,194917551,157.5,162.0,157.0,158.0,2.0,880
4555,2019-01-25,9921,687562,109636920,157.5,160.5,157.0,160.5,2.5,588
4556,2019-01-28,9921,646228,102975864,160.5,161.0,158.0,159.0,-1.5,488
4557,2019-01-29,9921,1314146,203012409,159.0,159.5,151.5,152.0,-7.0,965
4558,2019-01-30,9921,3373478,512356634,153.0,154.0,150.0,152.0,0.0,1344
4559,2019-02-11,9921,1318600,200885098,154.0,155.5,151.0,152.0,0.0,865
4560,2019-02-12,9921,630577,96132166,153.0,154.5,151.5,151.5,-0.5,435
4561,2019-02-13,9921,1398077,207326896,152.0,153.0,146.0,148.0,-3.5,1123
4562,2019-02-14,9921,1274745,193626465,148.0,154.0,148.0,154.0,6.0,1050
4563,2019-02-15,9921,1321843,203247026,155.0,155.5,152.0,153.0,-1.0,877
4564,2019-02-18,9921,1094290,173024820,155.5,161.0,155.0,158.0,5.0,732
4565,2019-02-19,9921,2308008,384524836,158.0,172.0,158.0,168.0,10.0,1536
4566,2019-02-20,9921,1936114,334169222,171.0,175.0,168.0,173.5,5.5,1323
4567,2019-02-22,9921,855113,145622650,169.0,174.0,166.0,170.5,1.0,664
4568,2019-02-25,9921,808342,137240140,173.0,173.0,169.0,169.0,-1.5,572
4569,2019-02-26,9921,741246,126147574,169.0,172.0,168.5,169.0,0.0,632
4570,2019-02-27,9921,709287,120273357,171.0,171.0,168.0,169.5,0.5,462
4571,2019-03-04,9921,731439,124477471,171.0,172.0,168.0,169.5,0.0,593
4572,2019-03-05,9921,1000970,166580490,168.0,169.5,164.5,168.5,-1.0,665
4573,2019-03-06,9921,608620,100937107,169.5,169.5,164.5,166.0,-2.5,570
4574,2019-03-07,9921,3111815,526757355,166.5,170.0,166.5,168.0,2.0,602
4575,2019-03-08,9921,309206,51611196,166.5,169.5,165.5,166.0,-2.0,251
4576,2019-03-12,9921,2586521,459912196,172.5,181.5,172.5,176.0,6.5,1885
4577,2019-03-13,9921,2036012,373248708,176.5,186.0,176.5,185.0,9.0,1375
4578,2019-03-14,9921,4192511,811482090,185.0,200.0,185.0,191.0,6.0,3064
4579,2019-03-15,9921,1481852,285295936,189.5,195.0,186.0,194.5,3.5,1041
4580,2019-03-18,9921,1025637,200364715,194.5,198.5,190.5,196.5,2.0,833
4581,2019-03-19,9921,461215,91041244,195.0,199.0,194.0,197.5,1.0,429
4582,2019-03-20,9921,1896105,385415315,198.5,207.0,198.0,205.0,7.5,1434
4583,2019-03-21,9921,1146944,230821244,206.0,206.0,198.0,202.5,-2.5,1028
4584,2019-03-22,9921,1765844,366075208,203.0,210.0,203.0,207.5,5.0,1440
4585,2019-03-25,9921,1601544,325339020,203.0,209.5,198.0,207.0,-0.5,1232
4586,2019-03-26,9921,1727118,357046190,209.5,214.0,201.5,206.0,-1.0,1399
4587,2019-03-27,9921,1029987,215226301,207.0,210.5,206.5,209.0,3.0,863
4588,2019-03-28,9921,761339,158300518,209.0,210.0,204.0,210.0,1.0,634
4589,2019-03-29,9921,1707754,371863740,212.5,220.0,210.5,220.0,10.0,1336
4590,2019-04-01,9921,1951819,410368255,220.0,220.0,205.5,209.0,-11.0,1550
4591,2019-04-02,9921,1493089,308505334,209.0,212.5,204.0,207.5,-1.5,1100
4592,2019-04-03,9921,857599,180061592,210.0,214.0,207.5,208.0,0.5,743
4593,2019-04-08,9921,1540890,315573500,209.0,209.5,201.5,205.0,-3.0,1013
4594,2019-04-10,9921,784266,163038828,208.0,210.0,204.5,210.0,2.0,599
4595,2019-04-11,9921,653362,135731752,210.0,211.0,206.0,206.5,-3.5,523
4596,2019-04-12,9921,990997,204555379,204.5,209.0,202.5,208.0,1.5,759
4597,2019-04-15,9921,822831,172167710,206.0,211.0,205.0,211.0,3.0,589
4598,2019-04-16,9921,822194,176265210,209.0,217.0,209.0,216.5,5.5,664
4599,2019-04-17,9921,749950,163296700,215.0,219.5,215.0,217.0,0.5,596
4600,2019-04-18,9921,820632,176914729,217.0,218.0,213.0,216.0,-1.0,580
4601,2019-04-19,9921,972290,213800010,218.5,221.5,217.0,220.0,4.0,685
4602,2019-04-22,9921,738288,160855349,220.0,220.5,215.0,216.5,-3.5,595
4603,2019-04-23,9921,250295,54112220,216.0,217.5,214.5,217.5,1.0,228
4604,2019-04-24,9921,2383182,500324220,213.0,214.0,207.0,211.0,-6.5,1478
4605,2019-04-26,9921,1000900,214823900,210.0,218.0,208.0,217.0,7.0,885
4606,2019-04-29,9921,1164088,260073800,219.5,227.0,218.0,226.0,9.0,1034
4607,2019-04-30,9921,1704166,398052344,226.0,237.0,225.0,235.5,9.5,1453
4608,2019-05-02,9921,950935,221476550,235.5,236.5,230.0,231.0,-4.5,861
4609,2019-05-03,9921,981062,226301260,234.5,236.0,226.5,230.5,-0.5,818
4610,2019-05-06,9921,1099800,245841200,228.0,228.0,220.0,224.0,-6.5,967
4611,2019-05-07,9921,1113307,251597075,227.0,229.0,222.0,225.0,1.0,901
4612,2019-05-08,9921,1061401,240234126,221.5,229.5,221.5,227.5,2.5,827
4613,2019-05-09,9921,1480559,328400421,223.5,225.0,219.5,219.5,-8.0,1202
4614,2019-05-10,9921,1488245,329323400,217.5,224.0,217.5,221.0,1.5,1039
4615,2019-05-14,9921,1795806,419043186,233.0,237.5,230.0,231.0,-7.0,1603
4616,2019-05-15,9921,1733163,397039415,229.5,232.5,226.0,227.5,-3.5,1193
4617,2019-05-16,9921,2122262,489070026,226.0,236.0,223.0,223.0,-4.5,1765
4618,2019-05-17,9921,3079528,716365947,225.5,242.5,221.5,221.5,-1.5,2451
4619,2019-05-20,9921,1850004,413304761,228.0,228.0,221.0,221.0,-0.5,1486
4620,2019-05-21,9921,2537872,567759828,221.0,230.0,216.0,226.0,5.0,1986
4621,2019-05-22,9921,1401455,324123464,227.0,235.0,224.0,228.5,2.5,1137
4622,2019-05-23,9921,2248690,496138420,227.5,227.5,217.5,218.0,-10.5,1688
4623,2019-05-24,9921,1530750,335174000,218.5,221.5,214.5,221.5,3.5,1246
4624,2019-05-27,9921,683800,151486199,221.5,224.0,217.5,222.5,1.0,616
4625,2019-05-28,9921,3390298,775689444,223.0,231.5,223.0,229.0,6.5,1091
4626,2019-05-30,9921,1225406,282099030,232.5,232.5,228.0,229.5,-3.0,625
4627,2019-05-31,9921,1943067,436564471,228.0,230.5,222.0,224.5,-5.0,1478
4628,2019-06-03,9921,875486,197511119,224.0,231.0,223.0,223.5,-1.0,752
4629,2019-06-04,9921,1131904,253326284,223.5,227.0,221.5,222.0,-1.5,893
4630,2019-06-05,9921,943643,208637278,223.0,225.5,219.0,220.0,-2.0,670
4631,2019-06-06,9921,1163872,264912758,226.0,230.0,223.5,225.5,5.5,994
4632,2019-06-10,9921,1332890,305561360,227.0,230.5,224.0,230.0,4.5,626
4633,2019-06-11,9921,587907,136045924,229.0,233.5,228.0,233.5,3.5,567
4634,2019-06-12,9921,469039,108393447,232.5,233.5,229.0,229.0,-4.5,430
4635,2019-06-13,9921,769866,175713814,229.0,231.0,225.0,227.0,-2.0,565
4636,2019-06-14,9921,909944,211138008,227.0,234.0,227.0,234.0,7.0,746
4637,2019-06-17,9921,3467852,870380964,234.5,257.0,234.5,257.0,23.0,2687
4638,2019-06-18,9921,2782808,702038750,259.0,259.5,244.0,248.0,-9.0,1910
4639,2019-06-19,9921,4014388,1033931052,252.0,267.5,250.0,254.0,6.0,3131
4640,2019-06-20,9921,1750530,445941430,255.0,258.5,252.0,255.0,1.0,1095
4641,2019-06-21,9921,1473317,368367520,256.0,256.0,246.5,249.5,-5.5,712
4642,2019-06-24,9921,489958,122624519,250.0,253.5,248.0,249.5,0.0,446
4643,2019-06-25,9921,1084750,268200000,247.5,251.5,244.0,247.0,-2.5,717
4644,2019-06-26,9921,1142050,281364793,249.0,252.0,243.0,244.5,-2.5,855
4645,2019-06-27,9921,1982201,497346549,247.0,257.0,246.5,247.0,2.5,1488
4646,2019-06-28,9921,594911,145745373,247.0,249.0,243.0,243.0,-4.0,467
4647,2019-07-01,9921,747100,183276500,245.5,248.0,244.0,245.0,2.0,645
4648,2019-07-02,9921,1200014,289466360,244.5,246.5,239.0,239.5,-5.5,943
4649,2019-07-03,9921,1021100,247800247,239.5,244.0,239.5,242.5,3.0,870
4650,2019-07-04,9921,456784,110285334,244.0,244.0,240.0,241.5,-1.0,390
4651,2019-07-05,9921,281809,67707278,240.0,242.0,238.5,240.0,-1.5,250
4652,2019-07-08,9921,389220,93346300,239.0,241.0,238.0,240.5,0.5,346
4653,2019-07-09,9921,935686,228003198,242.0,246.5,240.5,244.5,4.0,884
4654,2019-07-10,9921,1792240,433978980,247.0,247.5,238.0,241.5,-3.0,857
4655,2019-07-11,9921,783274,187714150,241.0,242.5,238.0,238.0,-3.5,491
4656,2019-07-12,9921,720662,173071880,240.0,244.0,239.0,239.0,1.0,447
4657,2019-07-15,9921,349743,83554049,241.5,241.5,235.5,240.5,1.5,331
4658,2019-07-16,9921,536537,129015954,243.0,243.0,239.5,241.0,0.5,449
4659,2019-07-17,9921,553220,134083240,241.5,244.0,240.5,242.0,1.0,509
4660,2019-07-18,9921,276880,66563600,243.5,243.5,239.0,239.5,-2.5,233
4661,2019-07-19,9921,642054,154365960,240.0,243.0,239.0,240.0,0.5,475
4662,2019-07-22,9921,815674,196043684,240.0,242.0,237.5,237.5,-2.5,341
4663,2019-07-23,9921,1890305,441823544,237.5,239.0,231.0,232.5,-5.0,893
4664,2019-07-24,9921,2513169,572210721,231.0,232.5,225.5,228.0,-4.5,1608
4665,2019-07-25,9921,2044719,478987215,229.5,239.0,229.0,236.0,8.0,1421
4666,2019-07-26,9921,771536,182033623,236.0,239.0,233.0,235.5,-0.5,569
4667,2019-07-29,9921,587196,138738344,233.0,239.0,233.0,239.0,3.5,365
4668,2019-07-30,9921,540189,127216537,235.0,238.0,234.0,234.0,-5.0,503
4669,2019-07-31,9921,1119064,266518296,234.0,240.5,233.5,238.5,4.5,825
4670,2019-08-01,9921,728565,172782552,235.0,240.5,234.0,235.5,-3.0,636
4671,2019-08-02,9921,1686790,383915292,231.0,234.0,224.0,227.0,-8.5,976
4672,2019-08-05,9921,945885,219086030,223.0,235.0,223.0,235.0,8.0,821
4673,2019-08-06,9921,971727,223026937,227.0,233.5,227.0,232.0,-3.0,823
4674,2019-08-07,9921,611700,140501648,230.0,232.5,227.5,229.0,-3.0,530
4675,2019-08-08,9921,647895,149608640,228.5,233.5,225.5,233.0,4.0,508
4676,2019-08-12,9921,466525,108568086,229.0,236.5,229.0,231.5,-1.5,426
4677,2019-08-13,9921,803177,186459033,229.0,237.0,229.0,230.0,-1.5,710
4678,2019-08-14,9921,2246595,546395275,236.5,248.0,236.5,247.0,17.0,1737
4679,2019-08-15,9921,1181396,285203186,242.0,244.0,239.0,241.0,-6.0,774
4680,2019-08-16,9921,1770614,415096436,239.5,243.0,231.0,233.5,-7.5,1220
4681,2019-08-19,9921,950535,219537282,230.5,234.0,226.0,229.5,0.0,709
4682,2019-08-20,9921,1323619,303385751,233.5,233.5,227.5,229.0,-0.5,865
4683,2019-08-21,9921,1032783,235842024,229.0,230.5,223.0,229.0,0.0,812
4684,2019-08-22,9921,544250,124947875,230.5,230.5,227.5,229.5,0.5,410
4685,2019-08-23,9921,337251,77165602,230.5,230.5,226.5,228.0,-1.5,265
4686,2019-08-26,9921,668427,149138367,225.0,226.0,220.0,222.5,-5.5,593
4687,2019-08-27,9921,1180730,262515170,224.0,224.5,220.0,223.0,0.5,592
4688,2019-08-28,9921,1260302,278282232,225.0,225.5,218.0,218.0,-5.0,978
4689,2019-08-29,9921,1755852,379223310,218.0,221.0,212.0,217.0,-1.0,1290
4690,2019-08-30,9921,854159,187190740,220.0,220.5,216.5,218.5,1.5,692
4691,2019-09-02,9921,830738,178299408,217.5,217.5,213.0,214.5,-4.0,685
4692,2019-09-03,9921,891904,193890264,214.5,221.0,214.0,214.5,0.0,715
4693,2019-09-04,9921,730358,158288686,214.5,218.5,214.5,216.5,2.0,649
4694,2019-09-05,9921,1498399,330093476,221.0,223.0,216.5,222.0,5.5,1178
4695,2019-09-06,9921,765911,172394653,225.0,226.5,222.5,224.0,2.0,694
4696,2019-09-09,9921,870756,197872936,227.0,230.0,224.0,226.5,2.5,621
4697,2019-09-10,9921,420250,93709750,226.5,226.5,222.0,222.0,-4.5,347
4698,2019-09-11,9921,374081,83747063,222.0,226.5,222.0,223.5,1.5,353
4699,2019-09-12,9921,367894,82315468,224.5,226.0,222.5,223.5,0.0,324
4700,2019-09-16,9921,346309,76581480,222.5,222.5,220.0,221.5,-2.0,340
4701,2019-09-17,9921,443376,97263472,221.0,222.0,218.0,220.5,-1.0,362
4702,2019-09-18,9921,1013997,221907843,219.5,221.0,217.0,219.0,-1.5,926
4703,2019-09-19,9921,530988,115268396,218.0,219.5,216.5,216.5,-2.5,494
4704,2019-09-20,9921,1817444,387174960,215.0,216.5,212.0,212.0,-4.5,1305
4705,2019-09-23,9921,571396,121838144,211.0,215.5,211.0,212.5,0.5,501
4706,2019-09-24,9921,537640,114384180,213.0,215.0,211.5,212.0,-0.5,513
4707,2019-09-25,9921,1241721,267837594,211.5,218.0,210.5,216.5,4.5,940
4708,2019-09-26,9921,1076823,232427178,216.5,217.0,213.5,216.0,-0.5,874
4709,2019-09-27,9921,578142,123176962,215.5,217.0,211.0,211.0,-5.0,538
4710,2019-10-01,9921,2157552,438066212,213.0,213.0,199.0,205.0,-6.0,1798
4711,2019-10-02,9921,1458970,308462587,207.0,214.0,207.0,213.5,8.5,1245
4712,2019-10-03,9921,1340342,280647820,209.0,211.5,205.5,210.5,-3.0,1027
4713,2019-10-04,9921,469110,98253265,210.5,212.0,208.0,209.5,-1.0,388
4714,2019-10-07,9921,430203,90387637,209.0,212.0,208.0,211.5,2.0,337
4715,2019-10-08,9921,1638970,356443490,215.5,220.5,214.5,217.0,5.5,1302
4716,2019-10-09,9921,919724,198843972,218.0,218.0,214.5,214.5,-2.5,537
4717,2019-10-14,9921,652289,140068346,218.5,218.5,212.0,212.0,-2.5,560
4718,2019-10-15,9921,874604,187809756,214.5,218.5,211.5,213.0,1.0,716
4719,2019-10-16,9921,509102,108876226,213.5,215.5,212.0,214.5,1.5,458
4720,2019-10-17,9921,911186,198193009,214.5,219.0,213.5,218.5,4.0,683
4721,2019-10-18,9921,957983,210198288,220.0,221.5,217.0,218.5,0.0,473
4722,2019-10-21,9921,384885,84898585,218.0,221.5,218.0,221.0,2.5,302
4723,2019-10-22,9921,507164,112048080,223.0,224.0,219.0,220.0,-1.0,402
4724,2019-10-23,9921,528960,115699258,220.0,220.0,218.0,219.0,-1.0,492
4725,2019-10-24,9921,321128,70773160,219.0,222.0,218.0,222.0,3.0,255
4726,2019-10-25,9921,500868,110005196,222.0,222.0,218.5,220.5,-1.5,408
4727,2019-10-28,9921,402446,88435674,220.5,222.0,219.0,219.0,-1.5,321
4728,2019-10-29,9921,780247,173215081,221.0,223.0,220.0,223.0,4.0,626
4729,2019-10-30,9921,837528,190246384,225.5,229.0,222.0,228.5,5.5,718
4730,2019-10-31,9921,1100137,247816688,228.5,228.5,223.0,226.0,-2.5,796
4731,2019-11-01,9921,500583,113551258,228.0,228.0,225.5,226.5,0.5,476
4732,2019-11-04,9921,272456,61762512,226.5,228.0,224.5,228.0,1.5,246
4733,2019-11-06,9921,441206,98475644,224.0,225.0,222.0,224.0,-2.0,372
4734,2019-11-07,9921,550029,123107674,222.0,225.5,222.0,224.0,0.0,395
4735,2019-11-08,9921,463354,102438880,224.0,224.5,219.0,221.5,-2.5,397
4736,2019-11-11,9921,465549,102633955,221.0,224.0,218.0,220.0,-1.5,397
4737,2019-11-12,9921,506509,112590498,223.5,223.5,221.0,223.5,3.5,461
4738,2019-11-13,9921,544400,119309500,220.0,221.0,218.0,220.0,-3.5,461
4739,2019-11-14,9921,545565,119168235,221.0,221.0,217.0,219.5,-0.5,485
4740,2019-11-15,9921,506057,110312426,220.0,220.0,217.0,217.5,-2.0,418
4741,2019-11-18,9921,420448,91358216,216.5,218.5,216.0,217.5,0.0,358
4742,2019-11-19,9921,443475,96722575,217.5,220.0,217.0,218.5,1.0,404
4743,2019-11-20,9921,178816,38914478,219.5,219.5,216.5,218.0,-0.5,175
4744,2019-11-21,9921,547701,119763720,217.5,221.0,216.5,221.0,3.0,470
4745,2019-11-25,9921,331604,74140993,225.0,225.0,221.5,224.5,1.5,309
4746,2019-11-26,9921,1283941,289845250,224.5,227.0,223.0,226.0,1.5,543
4747,2019-11-27,9921,343482,77327706,228.0,228.0,223.5,224.5,-1.5,329
4748,2019-11-28,9921,456063,103528301,224.5,228.0,224.0,228.0,3.5,417
4749,2019-11-29,9921,545822,121612400,228.0,228.0,220.5,221.0,-7.0,330
4750,2019-12-02,9921,265831,58681903,221.0,222.5,220.0,220.5,-0.5,231
4751,2019-12-03,9921,315019,68983629,220.0,221.5,218.0,218.5,-2.0,290
4752,2019-12-04,9921,393444,85408904,217.5,219.0,215.5,217.5,-1.0,309
4753,2019-12-05,9921,778091,165853292,217.5,218.0,210.5,210.5,-7.0,741
4754,2019-12-06,9921,1269045,263001060,209.0,209.5,206.0,206.0,-4.5,1061
4755,2019-12-09,9921,1417451,286069553,204.0,204.5,200.0,202.0,-4.0,1171
4756,2019-12-10,9921,594061,120337822,203.5,205.0,201.0,201.0,-1.0,481
4757,2019-12-11,9921,983034,197427902,200.5,202.5,199.0,202.5,1.5,763
4758,2019-12-12,9921,725585,147059255,204.0,204.0,201.5,202.5,0.0,653
4759,2019-12-13,9921,720690,146042724,202.5,203.5,202.0,202.5,0.0,603
4760,2019-12-16,9921,484102,98262357,202.5,204.0,200.5,204.0,1.5,440
4761,2019-12-17,9921,664805,137206034,206.0,207.5,204.5,207.5,3.5,541
4762,2019-12-18,9921,811348,168653580,206.0,209.0,205.5,208.5,1.0,691
4763,2019-12-19,9921,477619,99619490,209.0,210.0,207.5,209.0,0.5,386
4764,2019-12-20,9921,919674,194869566,212.5,213.0,210.0,213.0,4.0,550
4765,2019-12-23,9921,419142,88764604,213.5,213.5,211.0,212.0,-1.0,370
4766,2019-12-24,9921,428917,91234238,212.0,214.0,210.0,212.0,0.0,333
4767,2019-12-25,9921,71785,15177135,212.0,212.0,211.0,212.0,0.0,79
4768,2019-12-26,9921,99784,21103924,212.0,212.0,210.5,211.5,-0.5,91
4769,2019-12-27,9921,286878,61327830,214.0,214.5,211.5,214.5,3.0,247
4770,2019-12-30,9921,506444,108455294,215.0,215.5,211.5,213.5,-1.0,346
4771,2019-12-31,9921,871442,183413646,213.0,213.0,208.0,213.0,-0.5,595
4772,2020-01-02,9921,365922,76758386,211.5,211.5,209.0,209.5,-3.5,350
4773,2020-01-03,9921,1428007,296777749,208.5,210.5,206.0,206.5,-3.0,1021
4774,2020-01-06,9921,817214,164960228,206.0,206.0,200.5,201.5,-5.0,731
4775,2020-01-07,9921,824812,166557524,202.0,204.0,200.5,201.5,0.0,653
4776,2020-01-08,9921,787003,156860098,201.0,201.0,197.0,199.0,-2.5,670
4777,2020-01-09,9921,994112,200213714,200.0,203.0,200.0,200.5,1.5,572
4778,2020-01-10,9921,2005422,391021290,199.0,200.0,193.0,193.0,-7.5,1713
4779,2020-01-13,9921,1434140,279320928,196.0,196.5,193.0,195.5,2.5,1149
4780,2020-01-14,9921,1571890,304136050,195.0,196.0,192.5,193.0,-2.5,1177
4781,2020-01-15,9921,1148845,222776275,195.0,196.0,192.0,193.5,0.5,964
4782,2020-01-16,9921,777160,149658700,193.0,193.5,191.0,193.0,-0.5,676
4783,2020-01-17,9921,485672,94217040,194.5,195.0,193.5,194.0,1.0,448
4784,2020-01-20,9921,691547,134451165,195.0,195.5,193.5,194.0,0.0,567
4785,2020-01-30,9921,2816353,502808481,178.0,183.5,175.5,176.0,-18.0,2236
4786,2020-01-31,9921,2528606,454903380,176.5,182.5,176.0,180.0,4.0,1588
4787,2020-02-03,9921,1429117,252483826,177.0,179.0,174.5,177.0,-3.0,1145
4788,2020-02-04,9921,852286,151559480,175.0,179.5,175.0,178.5,1.5,725
4789,2020-02-05,9921,1237357,227153688,180.0,187.5,178.5,182.0,3.5,1006
4790,2020-02-06,9921,827832,154318916,183.0,188.0,183.0,187.5,5.5,568
4791,2020-02-07,9921,857173,158994615,183.5,187.5,183.5,186.0,-1.5,497
4792,2020-02-10,9921,630255,114563665,185.0,185.0,181.0,181.0,-5.0,584
4793,2020-02-11,9921,576197,104815051,181.0,183.0,181.0,181.0,0.0,472
4794,2020-02-12,9921,458277,83332691,181.0,183.0,181.0,181.5,0.5,365
4795,2020-02-13,9921,519505,95654677,182.5,185.5,182.5,184.5,3.0,419
4796,2020-02-14,9921,817520,149162160,184.5,185.0,182.0,182.0,-2.5,589
4797,2020-02-17,9921,298950,54265900,184.0,184.0,180.5,181.5,-0.5,289
4798,2020-02-18,9921,1391533,248575100,180.0,180.0,177.0,179.5,-2.0,728
4799,2020-02-19,9921,414400,74874400,179.5,182.0,179.5,180.0,0.5,381
4800,2020-02-20,9921,402599,72901315,183.0,183.0,180.0,180.0,0.0,312
4801,2020-02-21,9921,489298,87353640,180.0,180.5,177.0,177.0,-3.0,425
4802,2020-02-24,9921,1847336,315763474,176.0,176.0,168.5,169.0,-8.0,1579
4803,2020-02-25,9921,1297086,219635831,166.5,173.0,164.0,171.0,2.0,1191
4804,2020-02-26,9921,1110264,187752744,167.0,171.0,166.5,167.0,-4.0,960
4805,2020-02-27,9921,1564566,259202890,167.0,169.0,163.5,164.5,-2.5,1144
4806,2020-03-02,9921,1920250,306466110,155.0,163.0,155.0,160.0,-4.5,1140
4807,2020-03-03,9921,1387829,230920494,161.5,169.5,161.5,166.5,6.5,790
4808,2020-03-04,9921,1452451,247738572,166.0,173.0,165.0,171.5,5.0,928
4809,2020-03-05,9921,1131758,199041666,173.0,177.0,173.0,177.0,5.5,805
4810,2020-03-06,9921,1902603,331275628,173.0,176.0,171.0,175.0,-2.0,1128
4811,2020-03-09,9921,1804841,307461652,169.0,172.5,167.5,172.5,-2.5,1164
4812,2020-03-10,9921,1695613,287502097,170.5,172.0,167.0,170.0,-2.5,1243
4813,2020-03-11,9921,1265866,215585970,168.0,173.0,168.0,169.0,-1.0,824
4814,2020-03-12,9921,1891495,304172434,168.0,171.0,156.5,157.5,-11.5,1524
4815,2020-03-13,9921,2217907,316478963,143.0,146.0,142.0,144.0,-13.5,1324
4816,2020-03-16,9921,2675401,367596635,141.0,141.0,133.0,133.0,-11.0,1928
4817,2020-03-17,9921,2351331,307299475,125.5,136.0,123.0,131.0,-2.0,1356
4818,2020-03-18,9921,2108399,274578765,129.5,133.5,125.0,132.0,1.0,1657
4819,2020-03-19,9921,2576941,311273479,127.0,128.5,119.0,119.0,-13.0,1624
4820,2020-03-20,9921,2106587,256385114,119.0,124.5,119.0,120.0,1.0,1435
4821,2020-03-23,9921,1625222,189853752,117.5,120.0,114.0,116.0,-4.0,1386
4822,2020-03-24,9921,1138856,144002712,124.0,127.5,124.0,127.5,11.5,611
4823,2020-03-25,9921,1229741,169163240,134.0,140.0,131.5,140.0,12.5,780
4824,2020-03-26,9921,3009991,440119687,144.0,151.0,141.5,144.5,4.5,2175
4825,2020-03-27,9921,2389900,356927507,149.0,155.0,143.5,145.5,1.0,1665
4826,2020-03-30,9921,935092,129499288,140.5,140.5,136.0,138.5,-7.0,665
4827,2020-03-31,9921,1117876,152294817,141.0,144.0,133.5,134.0,-4.5,769
4828,2020-04-01,9921,973887,129357584,135.0,135.0,130.5,131.5,-2.5,801
4829,2020-04-06,9921,1857276,239172544,130.0,131.0,126.0,129.0,-2.5,1199
4830,2020-04-07,9921,2671422,356897022,131.5,138.0,129.0,137.0,8.0,1769
4831,2020-04-08,9921,1759840,237942780,135.0,138.0,131.5,137.0,0.0,1377
4832,2020-04-09,9921,1867172,259395335,138.5,141.5,136.0,139.5,2.5,1363
4833,2020-04-10,9921,940704,129269856,139.0,139.0,135.0,138.5,-1.0,731
4834,2020-04-13,9921,1412207,188794138,136.0,137.0,132.0,132.5,-6.0,1036
4835,2020-04-14,9921,2499213,347286064,134.0,143.0,133.0,142.5,10.0,1940
4836,2020-04-15,9921,2675739,376199189,144.0,145.5,138.5,139.5,-3.0,1460
4837,2020-04-16,9921,4296134,577595207,137.0,137.0,131.5,134.5,-5.0,2753
4838,2020-04-17,9921,3966320,558382132,138.5,144.0,137.0,141.5,7.0,2283
4839,2020-04-20,9921,4263276,635927400,145.0,154.0,143.5,148.0,6.5,3007
4840,2020-04-21,9921,2929734,425881430,146.0,151.5,141.5,143.5,-4.5,2240
4841,2020-04-22,9921,2399750,349866123,142.0,149.5,141.0,147.5,4.0,1618
4842,2020-04-23,9921,2444105,365786190,148.0,153.0,146.0,150.5,3.0,1712
4843,2020-04-24,9921,1680288,252214839,148.0,151.5,147.0,150.5,0.0,1265
4844,2020-04-27,9921,3340702,525591061,153.0,160.5,153.0,157.0,6.5,2192
4845,2020-04-28,9921,4689792,769483254,163.0,172.0,158.0,165.5,8.5,3208
4846,2020-04-29,9921,5681128,951340516,165.5,171.5,163.5,171.5,6.0,3483
4847,2020-04-30,9921,4196376,741459928,172.0,184.0,171.0,177.5,6.0,2980
4848,2020-05-04,9921,4779384,842901072,172.0,184.5,166.0,183.0,5.5,3292
4849,2020-05-05,9921,3370205,632511054,185.0,189.5,185.0,189.0,6.0,2435
4850,2020-05-06,9921,3623968,693215260,191.0,198.0,185.5,197.0,8.0,2708
4851,2020-05-07,9921,3435281,664703582,195.5,199.5,189.0,193.0,-4.0,2781
4852,2020-05-08,9921,1771940,338361780,196.0,196.0,188.0,188.0,-5.0,1553
4853,2020-05-11,9921,1846100,348439245,192.0,192.5,186.5,187.5,-0.5,1582
4854,2020-05-12,9921,2900471,547198021,184.0,192.0,183.5,192.0,4.5,2244
4855,2020-05-13,9921,1757172,336852524,189.5,194.0,189.0,193.0,1.0,1530
4856,2020-05-14,9921,1217319,231742834,192.0,195.0,186.0,187.0,-6.0,1091
4857,2020-05-15,9921,3396445,664973876,191.0,199.0,191.0,199.0,12.0,2656
4858,2020-05-18,9921,5787738,1208281632,202.0,218.5,198.0,215.0,16.0,4164
4859,2020-05-19,9921,3322346,729478265,219.5,225.0,213.0,218.0,3.0,2452
4860,2020-05-21,9921,3807480,913425660,236.0,244.0,235.0,244.0,15.5,3180
4861,2020-05-22,9921,2484504,590036444,240.0,241.0,234.0,236.0,-8.0,2021
4862,2020-05-25,9921,1846481,436491078,240.0,241.5,230.5,238.5,2.5,1322
4863,2020-05-26,9921,1796515,431638630,238.5,243.5,235.0,242.5,4.0,1456
4864,2020-05-27,9921,1721680,417143200,244.0,246.0,239.0,242.0,-0.5,1512
4865,2020-05-28,9921,1784693,427537084,243.5,243.5,236.5,238.0,-4.0,1528
4866,2020-05-29,9921,3532578,834978252,236.0,241.5,234.0,235.0,-3.0,1638
4867,2020-06-01,9921,2501100,593836800,237.5,244.5,232.5,233.0,-2.0,1837
4868,2020-06-02,9921,1326646,312638127,236.5,239.5,232.5,236.5,3.5,1055
4869,2020-06-03,9921,1772701,424966497,241.0,241.0,237.5,238.5,2.0,1369
4870,2020-06-04,9921,1537383,371284106,242.5,245.0,239.0,241.5,3.0,1184
4871,2020-06-05,9921,2581671,645795092,246.0,253.0,246.0,252.0,10.5,2105
4872,2020-06-09,9921,1558986,388539004,250.0,251.5,246.0,249.5,4.5,1286
4873,2020-06-10,9921,1251926,314032926,253.0,254.5,249.0,249.5,0.0,1054
4874,2020-06-11,9921,6482692,1728315228,265.0,274.0,255.5,260.0,10.5,4614
4875,2020-06-12,9921,4896175,1281931000,260.0,271.0,252.0,260.5,0.5,3805
4876,2020-06-15,9921,2536337,649803598,261.0,262.5,252.0,252.0,-8.5,2067
4877,2020-06-16,9921,1946795,495454616,256.0,257.0,251.0,255.5,3.5,1582
4878,2020-06-17,9921,2470850,643930613,257.5,265.5,253.0,264.5,9.0,1972
4879,2020-06-18,9921,1951444,507400870,264.0,264.5,257.0,260.0,-4.5,1336
4880,2020-06-19,9921,2876548,738763079,264.0,264.0,253.5,253.5,-6.5,1496
4881,2020-06-22,9921,2298542,583420293,258.5,259.0,251.5,254.5,1.0,1414
4882,2020-06-23,9921,886609,227263404,258.5,259.0,252.5,257.0,2.5,779
4883,2020-06-29,9921,2167679,554283361,257.5,261.5,252.0,256.5,-5.0,1555
4884,2020-06-30,9921,2203506,580591572,260.0,266.5,258.5,264.0,7.5,1674
4885,2020-07-01,9921,3253771,884897816,265.0,277.0,264.0,271.5,7.5,2037
4886,2020-07-02,9921,1705892,472786804,272.5,279.5,271.0,279.5,8.0,1289
4887,2020-07-03,9921,1567429,429610893,283.5,284.5,270.0,272.0,-7.5,1378
4888,2020-07-06,9921,1220178,330028060,272.0,274.5,268.5,270.0,-2.0,1071
4889,2020-07-07,9921,3547531,979907963,275.0,284.0,270.0,274.0,4.0,2582
4890,2020-07-08,9921,2558421,704678821,273.0,281.0,273.0,277.5,3.5,953
4891,2020-07-09,9921,1857852,529970588,281.5,289.5,280.5,287.0,9.5,1490
4892,2020-07-10,9921,1293078,365937922,289.5,290.0,276.0,289.5,2.5,1108
4893,2020-07-13,9921,5350278,1676518404,300.0,318.0,300.0,318.0,28.5,2794
4894,2020-07-14,9921,3978405,1279403356,328.5,333.0,314.0,314.5,-3.5,3110
4895,2020-07-15,9921,2807696,920312729,329.5,334.0,320.0,327.0,12.5,2505
4896,2020-07-16,9921,2326830,741229841,326.5,326.5,313.5,317.0,-10.0,1919
4897,2020-07-17,9921,2079378,639352470,319.0,319.0,302.0,305.5,-11.5,1868
4898,2020-07-20,9921,2199289,668973145,307.0,315.0,300.0,305.0,-0.5,1920
4899,2020-07-21,9921,1194475,369071553,307.0,314.5,305.0,307.5,2.5,1051
4900,2020-07-22,9921,1410496,432934756,310.0,312.0,303.0,310.0,2.5,1220
4901,2020-07-23,9921,900340,274040205,311.0,311.0,301.5,304.0,-6.0,800
4902,2020-07-24,9921,995460,303544340,301.5,308.5,301.0,304.0,0.0,839
4903,2020-07-27,9921,1264425,379352640,303.5,306.0,297.0,298.0,-6.0,1046
4904,2020-07-28,9921,1593386,482056230,293.0,308.0,293.0,307.0,9.0,1246
4905,2020-07-29,9921,1098998,335871890,308.0,309.0,302.5,305.0,-2.0,948
4906,2020-07-30,9921,1125995,343795975,307.0,308.5,303.0,304.0,-1.0,840
4907,2020-07-31,9921,2532277,791269147,306.0,319.0,306.0,308.5,4.5,2063
4908,2020-08-03,9921,1251927,386025443,310.0,313.5,305.5,308.0,-0.5,1094
4909,2020-08-04,9921,1510669,478676735,311.0,321.0,310.0,319.5,11.5,1285
4910,2020-08-05,9921,1432872,454294540,321.5,322.5,309.0,321.0,1.5,1236
4911,2020-08-06,9921,1023830,328943007,321.0,328.0,315.5,320.5,-0.5,903
4912,2020-08-07,9921,996257,313804698,322.0,322.5,311.5,313.0,-7.5,810
4913,2020-08-10,9921,1930830,593188880,313.0,313.0,303.5,308.5,-4.5,1569
4914,2020-08-11,9921,2341141,705564873,303.5,306.0,298.0,301.0,-7.5,1773
4915,2020-08-12,9921,1449295,430165345,300.0,303.0,293.0,297.5,-3.5,1328
4916,2020-08-13,9921,1642309,493685200,302.0,309.0,297.5,298.5,1.0,1258
4917,2020-08-14,9921,2062955,633023275,304.0,314.0,301.0,304.0,5.5,1772
4918,2020-08-17,9921,1535900,479144400,304.0,316.5,303.0,316.5,12.5,1359
4919,2020-08-18,9921,2107635,678966640,317.0,326.0,313.0,321.5,5.0,1831
4920,2020-08-19,9921,1761333,549143230,326.0,326.0,306.0,306.0,-15.5,1498
4921,2020-08-20,9921,2799939,846821895,306.5,314.5,298.0,300.0,-6.0,2133
4922,2020-08-21,9921,1859129,577146877,299.5,315.0,298.5,313.5,0.0,1556
4923,2020-08-24,9921,1227441,382043092,306.5,318.0,301.5,312.0,-1.5,1088
4924,2020-08-25,9921,1575088,500965720,315.0,324.5,313.5,315.0,3.0,1380
4925,2020-08-26,9921,595711,186833543,321.0,321.0,310.0,311.0,-4.0,572
4926,2020-08-27,9921,1543986,492280534,314.0,322.5,313.0,320.0,9.0,1356
4927,2020-08-28,9921,2238286,690430590,315.5,316.0,303.0,308.0,-12.0,1799
4928,2020-08-31,9921,1089976,335863156,310.0,314.0,305.0,305.0,-3.0,903
4929,2020-09-01,9921,1023425,313407831,310.0,311.0,304.0,305.0,0.0,829
4930,2020-09-02,9921,907402,276449110,307.0,310.0,303.0,304.0,-1.0,819
4931,2020-09-03,9921,1898635,584520455,307.0,314.0,302.5,305.0,1.0,1518
4932,2020-09-04,9921,1221010,368699630,302.0,306.0,298.5,302.0,-3.0,921
4933,2020-09-07,9921,1385331,409104145,304.5,304.5,290.0,292.0,-10.0,1218
4934,2020-09-08,9921,891059,261687252,294.0,299.5,286.0,291.5,-0.5,831
4935,2020-09-09,9921,710420,206922560,289.0,295.0,288.0,293.0,1.5,624
4936,2020-09-10,9921,672724,197938991,293.0,297.5,293.0,293.5,0.5,576
4937,2020-09-11,9921,1405293,407807677,293.5,296.0,286.0,286.0,-7.5,1080
4938,2020-09-14,9921,1118586,317747797,290.0,290.0,280.0,283.5,-2.5,964
4939,2020-09-15,9921,1190154,335884428,283.5,285.5,278.5,280.5,-3.0,994
4940,2020-09-16,9921,956174,272617002,282.0,289.0,281.5,282.5,2.0,777
4941,2020-09-17,9921,1471003,423864370,281.0,290.5,281.0,289.5,7.0,1054
4942,2020-09-18,9921,1493143,425756968,289.5,290.5,282.0,284.0,-5.5,1018
4943,2020-09-21,9921,1448072,405820088,281.0,284.5,277.5,277.5,-6.5,1084
4944,2020-09-22,9921,1035164,286119504,278.0,280.0,272.5,275.0,-2.5,872
4945,2020-09-23,9921,712464,198613920,275.0,281.0,275.0,280.0,5.0,575
4946,2020-09-24,9921,2568995,676949200,275.0,275.0,256.0,256.0,-24.0,2068
4947,2020-09-25,9921,2671812,718018637,260.5,274.0,260.0,271.5,15.5,2185
4948,2020-09-28,9921,1449990,390028280,272.0,275.5,266.0,269.0,-2.5,1216
4949,2020-09-29,9921,1174001,316686266,271.0,274.5,267.5,269.0,0.0,876
4950,2020-09-30,9921,1089806,294366132,270.0,272.5,267.5,272.5,3.5,795
4951,2020-10-05,9921,1946106,544551558,280.0,290.0,274.0,276.0,3.5,1624
4952,2020-10-06,9921,753629,210767378,282.0,282.0,277.0,281.0,5.0,674
4953,2020-10-07,9921,640774,178607220,279.5,281.0,278.0,278.0,-3.0,567
4954,2020-10-08,9921,932323,256232825,281.0,282.0,272.0,274.0,-4.0,847
4955,2020-10-12,9921,857522,233085506,272.0,275.5,267.0,272.5,-1.5,753
4956,2020-10-13,9921,671161,181693142,271.5,272.5,268.0,271.5,-1.0,574
4957,2020-10-14,9921,1494744,399964992,271.5,273.0,265.0,267.0,-4.5,1123
4958,2020-10-15,9921,1195129,321754847,267.0,273.5,266.5,269.0,2.0,820
4959,2020-10-16,9921,1258404,333131176,267.5,270.0,261.0,262.0,-7.0,986
4960,2020-10-20,9921,2067345,546004580,261.5,269.5,260.5,264.0,4.0,1703
4961,2020-10-21,9921,1046684,280336312,268.0,269.5,264.5,267.5,3.5,952
4962,2020-10-22,9921,1407686,380136534,270.0,271.5,267.5,270.5,3.0,769
4963,2020-10-23,9921,916364,243650962,270.5,271.0,263.0,264.5,-6.0,811
4964,2020-10-26,9921,910311,241215887,264.5,268.0,261.0,264.5,0.0,813
4965,2020-10-27,9921,604996,159375665,264.0,265.5,261.5,263.0,-1.5,471
4966,2020-10-28,9921,3597015,969427238,264.0,276.0,263.0,269.5,6.5,3059
4967,2020-10-29,9921,1292908,347853286,266.5,272.5,263.0,271.0,1.5,1123
4968,2020-10-30,9921,4767107,1347123536,270.5,286.0,270.5,281.0,10.0,3381
4969,2020-11-02,9921,2723477,762233426,286.5,289.5,273.0,276.0,-5.0,2056
4970,2020-11-03,9921,2024348,553618777,276.5,283.0,269.0,271.5,-4.5,1720
4971,2020-11-04,9921,792448,216640794,272.5,276.0,271.0,273.5,2.0,709
4972,2020-11-05,9921,1202542,333178397,276.5,283.0,273.0,275.0,1.5,984
4973,2020-11-06,9921,1707896,479265428,276.0,284.5,275.0,282.0,7.0,1298
4974,2020-11-09,9921,3126534,921237527,289.0,299.0,288.0,292.5,10.5,2559
4975,2020-11-10,9921,4043597,1116139129,287.5,287.5,269.5,272.5,-20.0,3321
4976,2020-11-11,9921,1992946,548139619,277.0,278.5,270.0,276.5,4.0,1561
4977,2020-11-12,9921,1819393,494520711,276.0,276.5,270.0,271.5,-5.0,1409
4978,2020-11-13,9921,1410826,390424426,272.0,280.0,271.0,278.0,6.5,1027
4979,2020-11-16,9921,1177895,329784578,279.0,281.5,276.5,281.0,3.0,1005
4980,2020-11-17,9921,1256207,351120914,280.0,281.0,277.0,279.0,-2.0,1009
4981,2020-11-18,9921,2165693,618185297,278.5,288.5,278.5,284.0,5.0,1462
4982,2020-11-19,9921,905447,255987974,283.0,285.0,280.0,283.5,-0.5,753
4983,2020-11-20,9921,697376,199157398,285.0,287.5,283.5,286.0,2.5,633
4984,2020-11-23,9921,647821,185574572,286.0,289.0,284.0,286.5,0.5,575
4985,2020-11-24,9921,975631,280043235,286.5,289.5,286.0,287.0,0.5,817
4986,2020-11-25,9921,1089453,313872739,287.0,292.5,285.0,285.5,-1.5,983
4987,2020-11-26,9921,1157356,329905921,286.0,289.0,279.0,289.0,3.5,1007
4988,2020-11-27,9921,851846,243374825,287.5,288.5,284.0,287.0,-2.0,832
4989,2020-11-30,9921,1609578,457721375,286.5,290.0,282.5,282.5,-4.5,701
4990,2020-12-01,9921,487086,139338546,282.5,288.0,282.5,287.0,4.5,432
4991,2020-12-02,9921,663886,189059186,286.0,288.0,283.0,285.0,-2.0,522
4992,2020-12-03,9921,1295033,362120136,283.0,285.0,277.5,279.5,-5.5,1223
4993,2020-12-04,9921,2207643,621188210,280.0,287.0,277.0,279.5,0.0,1124
4994,2020-12-07,9921,1768132,481541216,279.5,280.0,269.5,271.0,-8.5,1519
4995,2020-12-08,9921,680181,187084372,271.0,277.0,271.0,274.5,3.5,609
4996,2020-12-09,9921,349613,96068753,274.5,276.0,272.0,275.0,0.5,328
4997,2020-12-10,9921,409561,112007542,273.5,275.0,271.0,273.5,-1.5,387
4998,2020-12-11,9921,1697459,455489880,274.5,275.5,265.0,265.5,-8.0,1544
4999,2020-12-14,9921,2635827,692629068,263.0,269.0,260.0,261.5,-4.0,2029
5000,2020-12-15,9921,1487346,399537553,263.5,271.0,262.5,269.0,7.5,1230
5001,2020-12-16,9921,1893959,525518345,270.5,280.0,270.5,280.0,11.0,1633
5002,2020-12-17,9921,803598,221537444,282.0,282.5,272.5,275.0,-5.0,727
5003,2020-12-18,9921,758182,205833966,271.0,275.5,270.5,271.5,-3.5,625
5004,2020-12-21,9921,3263264,854580208,271.0,273.0,259.0,259.0,-12.5,2556
5005,2020-12-22,9921,1423812,376361493,261.5,268.0,261.5,262.0,3.0,1147
5006,2020-12-24,9921,560081,147023519,262.5,264.5,261.0,262.0,1.0,559
5007,2020-12-25,9921,383457,100373452,263.5,263.5,259.5,260.0,-2.0,395
5008,2020-12-28,9921,483202,125735744,260.5,262.0,258.5,260.5,0.5,491
5009,2020-12-29,9921,1007253,268115243,261.0,270.0,260.0,265.5,5.0,875
5010,2020-12-30,9921,1487507,403152033,267.5,273.5,267.5,272.0,6.5,1258
5011,2020-12-31,9921,1094818,301913970,273.5,278.5,273.5,275.0,3.0,850
5012,2021-01-04,9921,698393,191294805,270.0,277.5,267.0,275.0,0.0,640
5013,2021-01-05,9921,1217158,338038678,275.0,282.0,273.5,276.0,1.0,979
5014,2021-01-06,9921,877723,243736432,276.0,280.0,275.5,278.5,2.5,744
5015,2021-01-07,9921,986145,276988968,281.0,283.0,280.0,280.0,1.5,865
5016,2021-01-08,9921,914299,257594250,281.0,283.0,279.0,281.5,1.5,697
5017,2021-01-11,9921,1586185,450235808,280.0,286.5,277.0,285.5,4.0,1259
5018,2021-01-12,9921,755045,214843264,286.0,286.5,282.5,282.5,-3.0,677
5019,2021-01-13,9921,2531854,740470194,282.5,295.5,282.5,293.0,10.5,1898
5020,2021-01-14,9921,1513887,437665498,287.0,296.0,282.5,284.5,-8.5,1298
5021,2021-01-15,9921,1532451,442395502,288.0,295.0,282.5,283.0,-1.5,1333
5022,2021-01-18,9921,948801,266399407,284.0,285.0,276.5,281.0,-2.0,611
5023,2021-01-19,9921,1644293,475081471,281.0,292.0,281.0,289.5,8.5,1104
5024,2021-01-20,9921,1797153,514527741,288.0,289.5,282.5,284.0,-5.5,1352
5025,2021-01-21,9921,725880,207491610,284.5,289.5,283.5,283.5,-0.5,640
5026,2021-01-22,9921,1831558,527972287,285.0,293.5,283.0,285.0,1.5,1421
5027,2021-01-25,9921,1002517,290627453,285.5,294.5,285.5,286.5,1.5,798
5028,2021-01-26,9921,1203841,337831933,286.5,289.0,276.5,277.0,-9.5,1060
5029,2021-01-27,9921,2284436,666692787,283.0,301.0,282.5,290.0,13.0,1696
5030,2021-01-28,9921,953070,269961043,288.5,288.5,280.5,283.0,-7.0,904
5031,2021-01-29,9921,1612793,447487517,282.5,284.0,272.5,272.5,-10.5,1321
5032,2021-02-01,9921,943033,262254590,273.0,282.0,273.0,282.0,9.5,770
5033,2021-02-02,9921,1145592,327241390,280.0,289.0,278.0,286.0,4.0,848
5034,2021-02-03,9921,1357794,393917672,292.0,296.0,285.0,285.0,-1.0,1015
5035,2021-02-04,9921,2192805,642632726,292.0,298.0,288.0,289.5,4.5,1876
5036,2021-02-05,9921,1140943,327457483,291.5,293.5,281.0,288.0,-1.5,1013
5037,2021-02-17,9921,2783750,796727669,302.0,302.0,280.0,283.0,-5.0,2027
5038,2021-02-18,9921,2588512,740353685,287.0,293.0,281.0,282.0,-1.0,1835
5039,2021-02-19,9921,1341512,380402883,280.0,287.5,280.0,283.0,1.0,1037
5040,2021-02-22,9921,1733161,489178333,283.0,285.5,280.0,283.0,0.0,1297
5041,2021-02-23,9921,1384060,396034486,284.0,289.0,282.5,286.0,3.0,1098
5042,2021-02-24,9921,1431726,413168065,288.5,292.0,286.0,287.0,1.0,1078
5043,2021-02-25,9921,1146363,332466467,285.0,293.0,285.0,292.0,5.0,996
5044,2021-02-26,9921,2470641,695823294,287.0,290.0,279.5,281.0,-11.0,1788
5045,2021-03-02,9921,968873,273876330,285.5,286.0,280.0,280.0,-1.0,840
5046,2021-03-04,9921,1518845,424002279,286.5,287.0,276.0,276.5,-8.5,1200
5047,2021-03-05,9921,1153634,319601427,276.5,282.5,270.5,281.5,5.0,894
5048,2021-03-08,9921,1079345,304632616,289.0,289.0,280.0,281.5,0.0,893
5049,2021-03-09,9921,1073376,300929059,283.5,283.5,278.0,281.0,-0.5,967
5050,2021-03-10,9921,1821837,509472978,280.0,281.5,276.5,279.0,-2.0,1330
5051,2021-03-11,9921,1730767,493420899,281.5,288.0,281.0,284.5,5.5,1293
5052,2021-03-12,9921,1241303,353869808,285.0,287.5,282.5,286.5,2.0,863
5053,2021-03-15,9921,1694826,488947862,287.0,293.5,285.0,287.5,1.0,1186
5054,2021-03-16,9921,1214571,347027907,288.5,289.0,283.0,284.0,-3.5,987
5055,2021-03-17,9921,702904,198415120,286.0,287.5,280.0,280.0,-4.0,663
5056,2021-03-19,9921,1473377,413250213,284.0,284.5,278.0,280.0,-5.0,1109
5057,2021-03-22,9921,1163776,324199934,280.0,281.5,274.0,280.0,0.0,849
5058,2021-03-23,9921,693072,196811694,280.0,286.5,279.5,283.5,3.5,579
5059,2021-03-24,9921,266760,75490308,282.0,285.0,281.5,282.5,-1.0,254
5060,2021-03-25,9921,573807,161727828,281.5,284.5,280.0,281.5,-1.0,442
5061,2021-03-26,9921,1858450,533818890,283.0,289.0,283.0,287.5,6.0,1466
5062,2021-03-29,9921,5669403,1752368596,300.0,315.5,299.5,313.5,26.0,4625
5063,2021-03-30,9921,5115009,1703111185,322.0,344.0,317.0,340.0,26.5,4472
5064,2021-03-31,9921,4307086,1465407439,340.0,346.0,327.0,344.0,4.0,3134
5065,2021-04-01,9921,1218556,413536538,344.0,346.0,335.0,338.5,-5.5,1183
5066,2021-04-06,9921,1416451,485317329,345.0,357.5,333.0,335.0,-3.5,1339
5067,2021-04-07,9921,916429,305575378,332.0,338.0,330.5,333.5,-1.5,785
5068,2021-04-08,9921,1340334,454912530,337.0,344.5,334.5,341.0,7.5,1132
5069,2021-04-09,9921,1129490,381108049,340.0,344.0,334.5,336.5,-4.5,943
5070,2021-04-13,9921,3134799,1100499873,354.5,361.0,342.5,344.5,6.5,2587
5071,2021-04-14,9921,1715834,578070310,341.0,344.0,331.0,338.5,-6.0,1626
5072,2021-04-15,9921,2559722,899415301,338.5,355.0,338.5,354.5,16.0,2161
5073,2021-04-16,9921,1362927,483082020,358.0,364.5,346.0,355.0,0.5,1266
5074,2021-04-19,9921,1029346,366219448,351.5,360.0,345.0,360.0,5.0,1034
5075,2021-04-20,9921,1303099,475455049,365.0,369.5,359.0,364.5,4.5,1077
5076,2021-04-21,9921,1882299,697013521,370.0,376.5,364.0,367.5,3.0,1561
5077,2021-04-22,9921,991497,358895919,368.5,370.0,358.0,360.0,-7.5,927
5078,2021-04-23,9921,595392,215082362,363.0,366.5,360.0,360.0,0.0,505
5079,2021-04-26,9921,720718,261612191,360.5,365.0,360.0,363.0,3.0,629
5080,2021-04-27,9921,1215819,429440305,363.0,366.0,348.5,352.0,-11.0,1149
5081,2021-04-28,9921,1728616,597311265,355.0,355.5,339.5,345.0,-7.0,1379
5082,2021-04-29,9921,1066066,375624788,345.0,358.0,345.0,356.0,11.0,907
5083,2021-05-03,9921,601927,213632121,351.0,359.0,351.0,355.0,-1.0,630
5084,2021-05-04,9921,2037752,692612849,349.0,351.0,331.5,335.0,-20.0,1748
5085,2021-05-05,9921,1017058,349208006,337.0,348.0,335.0,340.5,5.5,754
5086,2021-05-06,9921,1108475,368769378,339.0,345.0,332.0,335.0,-5.5,801
5087,2021-05-07,9921,1084523,357216505,335.0,335.5,326.0,328.0,-7.0,1077
5088,2021-05-10,9921,464521,156896150,336.0,340.5,329.0,336.5,8.5,448
5089,2021-05-11,9921,690247,223708310,333.5,333.5,316.0,319.0,-17.5,877
5090,2021-05-12,9921,1505196,452969058,311.0,317.0,287.5,300.0,-19.0,1471
5091,2021-05-13,9921,2273286,710066801,303.0,320.0,297.0,315.0,15.0,2083
5092,2021-05-14,9921,1276199,413129620,316.0,330.0,309.0,322.5,7.5,1114
5093,2021-05-17,9921,1494187,469104510,322.5,327.0,304.0,309.5,-13.0,1131
5094,2021-05-18,9921,757825,244967546,311.0,330.0,311.0,328.5,19.0,673
5095,2021-05-19,9921,887029,293518360,328.5,335.0,321.0,328.5,0.0,785
5096,2021-05-20,9921,721079,231603485,321.0,326.5,315.0,320.5,-8.0,654
5097,2021-05-21,9921,448647,144521860,327.0,328.0,317.5,318.5,-2.0,434
5098,2021-05-24,9921,388881,125614130,315.0,328.5,315.0,324.0,5.5,393
5099,2021-05-25,9921,736513,236644019,324.0,328.0,317.0,321.5,-2.5,709
5100,2021-05-26,9921,692587,222810511,317.5,324.5,317.5,322.5,1.0,569
5101,2021-05-27,9921,1119160,362923639,322.5,328.0,316.0,326.0,3.5,721
5102,2021-05-28,9921,1411484,471318081,332.0,338.5,324.5,333.0,7.0,1139
5103,2021-05-31,9921,835193,276229613,332.0,336.5,325.0,331.0,-2.0,763
5104,2021-06-01,9921,743874,245394276,331.0,334.0,325.0,334.0,3.0,671
5105,2021-06-02,9921,556114,185029045,332.0,335.5,330.0,335.5,1.5,577
5106,2021-06-03,9921,671405,219100474,335.5,335.5,323.0,323.0,-12.5,730
5107,2021-06-04,9921,602219,191615436,323.5,323.5,316.0,316.0,-7.0,683
5108,2021-06-07,9921,1260982,402412455,317.0,326.0,312.0,318.0,2.0,1151
5109,2021-06-08,9921,373767,119245177,323.5,325.5,317.0,318.5,0.5,441
5110,2021-06-09,9921,453778,143785947,318.5,321.5,315.0,316.5,-2.0,500
5111,2021-06-10,9921,667180,214204603,316.0,324.5,316.0,322.0,5.5,592
5112,2021-06-11,9921,686512,220649061,320.0,324.0,318.0,322.0,0.0,670
5113,2021-06-15,9921,814171,258217287,322.0,323.0,315.0,316.5,-5.5,846
5114,2021-06-16,9921,893838,282310110,315.0,319.5,313.5,315.0,-1.5,821
5115,2021-06-17,9921,821996,259507314,310.5,319.0,310.5,317.5,2.5,844
5116,2021-06-18,9921,1110178,350785196,314.5,318.0,313.0,317.0,-0.5,879
5117,2021-06-21,9921,974450,308101837,316.0,322.0,312.5,317.5,0.5,933
5118,2021-06-22,9921,1015787,320702532,315.5,321.5,314.0,314.0,-3.5,893
5119,2021-06-23,9921,722649,230192099,318.0,321.0,315.5,318.5,4.5,657
5120,2021-06-24,9921,482149,153822785,319.5,321.0,316.5,319.0,0.5,471
5121,2021-06-25,9921,1128339,365333968,318.0,330.5,318.0,322.5,3.5,1060
5122,2021-06-28,9921,452620,147379189,325.5,328.5,324.0,325.0,2.5,493
5123,2021-06-29,9921,829885,266478093,325.0,325.5,317.0,322.0,-3.0,805
5124,2021-06-30,9921,724328,231115293,320.0,322.5,316.5,318.5,-3.5,665
5125,2021-07-01,9921,777310,243317336,316.5,321.0,310.5,311.0,-7.5,829
5126,2021-07-02,9921,698104,219329274,315.0,321.0,311.0,311.0,0.0,637
5127,2021-07-05,9921,343229,107936778,314.0,315.5,312.0,315.0,4.0,371
5128,2021-07-06,9921,338731,105753159,316.0,317.5,310.5,310.5,-4.5,418
5129,2021-07-07,9921,943639,296155626,313.5,318.0,310.0,315.0,4.5,866
5130,2021-07-08,9921,1360313,414778798,315.0,316.0,301.0,302.0,-13.0,1684
5131,2021-07-09,9921,1368724,405502436,305.0,305.0,292.5,296.0,-6.0,1710
5132,2021-07-12,9921,890192,264454569,301.0,301.0,293.5,298.5,2.5,862
5133,2021-07-13,9921,1582971,475485464,303.0,306.0,296.5,300.0,1.5,1530
5134,2021-07-14,9921,929269,278090410,300.5,304.5,297.0,299.0,-1.0,845
5135,2021-07-15,9921,992437,295824366,298.5,302.0,295.5,298.5,-0.5,775
5136,2021-07-16,9921,945246,285162926,298.5,304.0,298.0,301.5,3.0,790
5137,2021-07-19,9921,680815,205045791,300.0,305.5,297.0,304.0,2.5,647
5138,2021-07-20,9921,1445453,425629078,301.5,301.5,292.5,293.5,-10.5,1408
5139,2021-07-21,9921,1146110,334287942,293.5,295.0,290.5,293.0,-0.5,1068
5140,2021-07-22,9921,832847,248192299,295.5,300.0,294.0,298.5,5.5,710
5141,2021-07-23,9921,504097,151937361,298.5,303.0,298.0,302.0,3.5,424
5142,2021-07-26,9921,961842,293308566,303.0,308.5,302.5,304.0,2.0,836
5143,2021-07-27,9921,853936,259705510,308.5,308.5,301.5,301.5,-2.5,757
5144,2021-07-28,9921,1266453,387260679,304.0,308.0,300.5,307.5,6.0,1004
5145,2021-07-29,9921,1743974,552383108,306.0,322.5,306.0,320.0,12.5,1779
5146,2021-07-30,9921,1331800,428166760,313.0,326.0,313.0,322.0,2.0,1202
5147,2021-08-02,9921,992593,321894179,322.0,331.5,320.0,325.5,3.5,989
5148,2021-08-03,9921,792227,258958894,319.5,331.0,319.5,328.0,2.5,806
5149,2021-08-04,9921,623048,202116508,325.0,329.0,321.5,325.0,-3.0,641
5150,2021-08-05,9921,1150458,372504610,323.0,326.5,320.5,326.5,1.5,897
5151,2021-08-06,9921,1411023,462484208,328.5,331.5,321.5,329.0,2.5,1233
5152,2021-08-09,9921,2810295,946961730,334.0,349.0,329.0,337.5,8.5,2419
5153,2021-08-10,9921,2447960,844102120,342.5,347.0,341.0,346.5,9.0,2278
5154,2021-08-11,9921,1556494,541284144,345.5,350.0,341.0,350.0,3.5,1501
5155,2021-08-12,9921,1076487,374157157,352.0,354.0,342.0,343.0,-7.0,1162
5156,2021-08-13,9921,709612,240227531,343.5,344.0,335.5,337.5,-5.5,811
5157,2021-08-16,9921,717609,233853284,331.0,336.0,321.0,327.0,-10.5,684
5158,2021-08-17,9921,1714019,547836126,326.5,326.5,316.0,320.5,-6.5,799
5159,2021-08-18,9921,1245583,391226610,315.0,321.5,308.5,320.5,0.0,1176
5160,2021-08-19,9921,996745,306570455,311.5,317.0,303.5,307.5,-13.0,1025
5161,2021-08-20,9921,990711,303675069,308.0,309.0,302.5,306.0,-1.5,772
5162,2021-08-23,9921,1377079,424324973,301.0,322.0,301.0,302.5,0.0,1147
5163,2021-08-24,9921,1143290,346461254,308.0,308.0,301.0,301.0,-1.5,954
5164,2021-08-25,9921,669147,206019039,304.5,312.0,302.0,312.0,11.0,595
5165,2021-08-26,9921,855110,267525868,309.5,316.5,308.5,314.0,2.0,752
5166,2021-08-27,9921,968019,309287843,315.0,323.5,313.0,321.5,7.5,875
5167,2021-08-30,9921,946627,312872219,324.0,333.0,323.0,332.5,11.0,903
5168,2021-08-31,9921,1708025,566542790,333.0,336.0,324.0,335.0,2.5,1388
5169,2021-09-01,9921,1172834,389937694,328.0,336.5,328.0,331.5,-3.5,784
5170,2021-09-02,9921,1356471,446957839,331.0,332.0,327.0,328.0,-3.5,829
5171,2021-09-03,9921,2457358,829373129,332.0,344.0,331.5,339.0,11.0,1777
5172,2021-09-06,9921,953785,323431137,339.0,341.0,337.0,339.0,0.0,748
5173,2021-09-07,9921,1235527,412120364,335.5,339.0,331.0,331.0,-8.0,1010
5174,2021-09-08,9921,1317869,429843241,327.5,329.0,323.0,326.0,-5.0,791
5175,2021-09-09,9921,527381,173602351,323.0,333.0,322.0,331.0,5.0,485
5176,2021-09-10,9921,780805,262575059,330.0,338.0,330.0,338.0,7.0,664
5177,2021-09-13,9921,733680,245995715,335.0,338.0,329.5,338.0,0.0,663
5178,2021-09-14,9921,1060350,361660842,336.0,344.0,335.5,343.0,5.0,947
5179,2021-09-15,9921,942442,319814891,345.0,345.0,331.5,335.5,-7.5,583
5180,2021-09-16,9921,550354,184464254,335.5,341.0,333.0,335.0,-0.5,585
5181,2021-09-17,9921,1456048,487998876,336.5,342.0,331.0,332.5,-2.5,1003
5182,2021-09-22,9921,1125571,362363994,324.5,331.5,315.5,321.5,-11.0,1022
5183,2021-09-23,9921,1001309,327514390,321.5,332.0,321.5,325.0,3.5,1249
5184,2021-09-24,9921,1171728,387066045,325.0,332.0,325.0,331.0,6.0,576
5185,2021-09-27,9921,532764,174022963,331.5,331.5,322.5,326.0,-5.0,517
5186,2021-09-28,9921,1049011,343947816,325.0,331.5,323.5,327.0,1.0,673
5187,2021-09-29,9921,1557846,491595515,320.0,322.0,312.0,316.5,-10.5,1762
5188,2021-09-30,9921,960027,304218005,316.0,322.0,311.5,318.5,2.0,1171
5189,2021-10-01,9921,759787,234061978,317.5,317.5,304.0,309.5,-9.0,1841
5190,2021-10-04,9921,496660,151386184,304.5,314.0,300.0,300.0,-9.5,515
5191,2021-10-06,9921,1164703,344674738,302.0,305.0,293.0,295.5,-4.0,1043
5192,2021-10-07,9921,1303435,393746388,304.0,310.0,297.0,300.0,4.5,1089
5193,2021-10-08,9921,860463,258568886,302.0,303.0,298.5,301.0,1.0,700
5194,2021-10-12,9921,992757,294827019,296.0,300.5,288.5,297.5,-3.5,778
5195,2021-10-13,9921,996498,291187373,302.0,302.0,289.0,291.0,-6.5,949
5196,2021-10-14,9921,1721309,520855451,293.5,306.0,293.5,302.0,11.0,1128
5197,2021-10-15,9921,1670491,518838824,310.0,314.0,305.5,311.0,9.0,1305
5198,2021-10-18,9921,769282,239971734,315.0,315.0,308.0,314.0,3.0,849
5199,2021-10-19,9921,543469,173293689,315.5,321.0,315.0,319.0,5.0,551
5200,2021-10-20,9921,761779,243580029,320.0,324.0,317.0,320.0,1.0,605
5201,2021-10-22,9921,611459,194026392,313.0,320.0,312.5,315.5,-1.5,482
5202,2021-10-25,9921,441018,140262866,319.0,320.0,313.0,317.0,1.5,247
5203,2021-10-26,9921,658136,213159583,318.0,326.0,318.0,325.0,8.0,686
5204,2021-10-27,9921,966032,308492031,323.5,327.5,315.5,319.0,-6.0,995
5205,2021-10-28,9921,1065613,345316189,324.0,327.0,320.0,324.0,5.0,770
5206,2021-10-29,9921,975494,314089575,322.0,326.5,319.0,322.5,-1.5,889
5207,2021-11-01,9921,253701,80942844,325.0,325.0,316.0,319.5,-3.0,662
5208,2021-11-02,9921,698236,225281579,323.5,328.0,318.5,321.5,2.0,560
5209,2021-11-03,9921,276053,87987794,321.0,321.5,316.5,319.5,-2.0,813
5210,2021-11-04,9921,314531,99967491,318.5,319.0,316.0,318.0,-1.5,888
5211,2021-11-05,9921,653479,210297783,318.0,326.0,315.5,323.0,5.0,627
5212,2021-11-08,9921,1769616,548596557,323.0,325.0,303.0,304.0,-19.0,3281
5213,2021-11-10,9921,1504655,453808152,302.0,305.0,300.0,300.0,-2.0,1304
5214,2021-11-11,9921,1680681,514574194,300.0,309.0,300.0,306.5,6.5,1096
5215,2021-11-12,9921,1197839,367311916,308.0,312.0,303.5,303.5,-3.0,1062
5216,2021-11-15,9921,1013963,314411356,304.0,313.5,304.0,313.5,10.0,1087
5217,2021-11-16,9921,939522,295115638,311.0,317.0,309.0,316.0,2.5,909
5218,2021-11-17,9921,1011048,315161649,316.0,316.0,310.5,311.5,-4.5,1095
5219,2021-11-18,9921,1206555,382735305,316.0,320.0,313.5,317.5,6.0,1031
5220,2021-11-19,9921,620780,194667846,315.0,319.5,311.0,312.5,-5.0,1935
5221,2021-11-22,9921,1262754,404251893,322.0,324.0,314.0,322.0,9.5,1078
5222,2021-11-23,9921,423921,134467654,318.0,320.0,315.0,316.5,-5.5,676
5223,2021-11-24,9921,553808,174365476,314.0,317.5,313.0,314.5,-2.0,463
5224,2021-11-25,9921,363080,114622083,315.0,318.0,313.5,316.5,2.0,228
5225,2021-11-29,9921,389633,122795514,312.5,318.0,310.0,317.5,4.5,416
5226,2021-11-30,9921,1671165,521834030,314.5,317.5,311.0,311.5,-6.0,2690
5227,2021-12-01,9921,630071,195675528,307.0,313.0,307.0,309.5,-2.0,1024
5228,2021-12-02,9921,1302704,410344469,310.0,317.5,308.0,317.0,7.5,847
5229,2021-12-03,9921,475125,148797953,315.0,315.0,312.5,312.5,-4.5,980
5230,2021-12-06,9921,523436,164821135,313.0,318.0,312.0,316.5,4.0,559
5231,2021-12-07,9921,627650,197411726,314.5,318.5,310.0,316.0,-0.5,744
5232,2021-12-08,9921,765598,243357660,316.0,322.0,315.0,317.0,1.0,889
5233,2021-12-09,9921,1038288,332296761,317.0,322.0,316.5,322.0,5.0,617
5234,2021-12-10,9921,1468155,484594312,326.0,336.0,323.0,332.0,10.0,1565
5235,2021-12-13,9921,1538190,523481833,339.0,344.5,337.5,339.5,7.5,1372
5236,2021-12-14,9921,1010492,340942370,336.0,345.0,331.5,336.0,-3.5,927
5237,2021-12-15,9921,562921,187054846,339.5,339.5,329.0,330.5,-5.5,993
5238,2021-12-16,9921,1031114,341443699,333.0,335.5,326.5,330.5,0.0,1750
5239,2021-12-17,9921,527241,174441738,327.0,334.5,327.0,329.5,-1.0,497
5240,2021-12-20,9921,752441,248070717,327.0,335.0,322.0,329.5,0.0,729
5241,2021-12-21,9921,1218362,406994984,329.5,335.5,328.0,333.5,4.0,687
5242,2021-12-22,9921,425920,143594945,339.0,339.0,334.5,337.0,3.5,342
5243,2021-12-23,9921,714779,244864860,338.0,344.0,338.0,343.5,6.5,613
5244,2021-12-24,9921,307690,105944346,343.5,347.0,342.0,343.5,0.0,297
5245,2021-12-27,9921,442286,151923473,341.0,345.0,341.0,343.5,0.0,404
5246,2021-12-28,9921,825524,284107360,343.5,346.0,341.0,346.0,2.5,581
5247,2021-12-29,9921,518901,181169699,347.0,353.0,346.5,349.0,3.0,412
5248,2021-12-30,9921,959021,330809719,351.0,351.0,343.0,345.0,-4.0,771
5249,2022-01-03,9921,736327,255311420,350.0,351.0,343.5,345.5,0.5,482
5250,2022-01-04,9921,496728,171534358,345.5,347.0,343.5,345.0,-0.5,902
5251,2022-01-05,9921,432832,149991891,341.5,349.5,341.0,347.5,2.5,413
5252,2022-01-06,9921,572938,196805157,346.5,348.0,341.5,344.5,-3.0,511
5253,2022-01-07,9921,303657,103531337,347.5,347.5,337.5,337.5,-7.0,308
5254,2022-01-10,9921,336988,114981501,337.0,343.0,337.0,343.0,5.5,269
5255,2022-01-11,9921,755519,255076166,342.0,342.0,331.0,338.0,-5.0,634
5256,2022-01-12,9921,337004,115098432,341.0,343.0,338.5,342.0,4.0,326
5257,2022-01-13,9921,752238,259791804,346.0,349.0,342.5,345.5,3.5,577
5258,2022-01-14,9921,485892,165409291,345.5,345.5,339.0,340.0,-5.5,426
5259,2022-01-17,9921,1017146,336681449,331.0,333.5,328.5,330.5,-9.5,2616
5260,2022-01-18,9921,653423,215738016,330.5,332.5,328.0,328.5,-2.0,1390
5261,2022-01-19,9921,726719,238516332,328.5,330.0,324.5,325.5,-3.0,1125
5262,2022-01-20,9921,835567,272337692,322.5,329.0,321.0,329.0,3.5,665
5263,2022-01-21,9921,1979006,622951672,323.0,327.5,309.0,317.0,-12.0,5634
5264,2022-01-24,9921,644463,204050595,313.0,318.5,313.0,317.0,0.0,1455
5265,2022-01-25,9921,1242554,386143885,308.0,317.5,305.5,312.0,-5.0,2594
5266,2022-01-26,9921,748636,235983422,312.0,317.0,310.0,316.5,4.5,1379
5267,2022-02-07,9921,2410086,722973964,301.0,305.5,294.0,300.0,-16.5,2163
5268,2022-02-08,9921,1384688,422348263,305.0,308.5,301.5,306.5,6.5,1256
5269,2022-02-09,9921,1310716,406957508,305.0,316.0,305.0,309.5,3.0,1268
5270,2022-02-10,9921,971815,301942401,309.0,316.0,306.5,316.0,6.5,764
5271,2022-02-11,9921,369793,114528471,310.5,313.5,308.0,309.0,-7.0,435
5272,2022-02-14,9921,940381,283096197,302.0,303.0,298.0,302.5,-6.5,1045
5273,2022-02-15,9921,709861,213264343,298.5,303.0,295.5,300.0,-2.5,697
5274,2022-02-16,9921,810298,244889689,300.5,304.5,300.5,301.5,1.5,1074
5275,2022-02-17,9921,1026319,307570695,298.0,303.0,297.5,300.5,-1.0,853
5276,2022-02-18,9921,1008871,302479209,299.0,302.5,298.0,299.5,-1.0,794
5277,2022-02-21,9921,967380,290788039,298.0,303.0,296.0,303.0,3.5,272
5278,2022-02-22,9921,1091672,325062989,299.5,301.0,297.0,297.5,-5.5,1211
5279,2022-02-23,9921,838010,249091798,299.0,299.5,296.0,297.0,-0.5,812
5280,2022-02-24,9921,2060527,595399477,294.5,294.5,286.5,287.5,-9.5,2086
5281,2022-02-25,9921,1566838,453270742,288.5,292.0,287.0,289.5,2.0,1229
5282,2022-03-01,9921,1762771,514314123,286.0,297.0,286.0,295.5,6.0,1503
5283,2022-03-02,9921,1175492,342995891,291.5,294.0,290.5,293.0,-2.5,927
5284,2022-03-03,9921,533902,157674260,293.5,298.0,293.5,295.0,2.0,553
5285,2022-03-04,9921,397203,115546226,291.0,293.0,288.5,291.0,-4.0,424
5286,2022-03-07,9921,1017305,287218545,288.0,290.5,280.0,281.5,-9.5,1069
5287,2022-03-08,9921,823266,230362901,281.5,283.5,277.5,278.0,-3.5,884
5288,2022-03-09,9921,662848,185594132,278.0,284.5,278.0,280.5,2.5,665
5289,2022-03-10,9921,538000,155085194,283.0,290.0,282.5,290.0,9.5,952
5290,2022-03-11,9921,1751533,490808709,285.0,287.5,276.5,277.0,-13.0,1901
5291,2022-03-14,9921,734252,204520361,281.0,282.5,276.5,279.0,2.0,653
5292,2022-03-15,9921,928807,255896851,277.5,280.0,272.0,272.0,-7.0,876
5293,2022-03-16,9921,791038,215224797,273.0,278.0,270.0,272.0,0.0,620
5294,2022-03-17,9921,751606,209627592,281.5,285.0,275.0,276.5,4.5,743
5295,2022-03-18,9921,1002530,277138664,275.0,279.0,273.0,276.0,-0.5,649
5296,2022-03-21,9921,696082,195828747,279.0,284.5,278.0,282.0,6.0,674
5297,2022-03-22,9921,438071,121864576,282.5,283.0,276.0,277.0,-5.0,820
5298,2022-03-24,9921,453620,126337183,280.5,281.5,277.0,277.0,-3.5,1330
5299,2022-03-25,9921,954291,260391997,275.5,276.5,271.0,272.5,-4.5,1007
5300,2022-03-28,9921,2453118,623425772,259.0,259.5,251.0,251.0,-21.5,2336
5301,2022-03-29,9921,1812811,455013256,251.0,256.0,249.0,249.5,-1.5,2312
5302,2022-03-30,9921,1765023,460002335,251.5,265.0,250.5,263.0,13.5,1585
5303,2022-03-31,9921,1818331,476402785,261.0,266.5,258.0,260.5,-2.5,1364
5304,2022-04-01,9921,1433849,370270799,255.5,264.0,252.5,261.5,1.0,1242
5305,2022-04-06,9921,1089263,282353421,256.0,262.5,255.0,259.0,-2.5,974
5306,2022-04-08,9921,1445908,383135108,260.5,266.5,260.5,264.5,6.0,2163
5307,2022-04-11,9921,1612680,435254255,267.0,275.0,265.0,265.5,1.0,1560
5308,2022-04-12,9921,747133,198983195,261.5,269.0,261.5,267.0,1.5,1828
5309,2022-04-13,9921,785333,209909908,269.0,272.0,265.0,266.0,-1.0,1405
5310,2022-04-14,9921,1015464,268378123,269.5,269.5,262.5,264.0,-2.0,1557
5311,2022-04-15,9921,1104251,288042429,263.0,266.0,258.0,259.5,-4.5,1713
5312,2022-04-18,9921,477320,123357603,255.5,262.0,255.0,259.0,-0.5,1748
5313,2022-04-19,9921,416990,107865926,261.0,262.0,257.5,257.5,-1.5,1402
5314,2022-04-20,9921,569179,147964513,258.0,262.5,256.5,260.5,3.0,1514
5315,2022-04-21,9921,687719,178516482,263.5,263.5,257.5,258.5,-2.0,1564
5316,2022-04-22,9921,825861,214543724,254.0,262.0,254.0,261.0,2.5,1755
5317,2022-04-25,9921,1451696,361791938,251.5,255.0,247.0,248.5,-12.5,1664
5318,2022-04-27,9921,859594,207698513,247.0,247.5,238.5,240.0,-10.5,1688
5319,2022-04-28,9921,816148,195337647,241.0,242.0,238.0,239.0,-1.0,1792
5320,2022-04-29,9921,768792,190624199,240.5,251.0,240.5,248.5,9.5,1579
5321,2022-05-03,9921,481297,121396323,254.0,254.0,249.5,251.5,3.0,863
5322,2022-05-04,9921,170556,43088261,253.0,254.0,251.5,252.5,1.0,1028
5323,2022-05-05,9921,325752,82753040,256.0,257.5,251.0,251.0,-1.5,1578
5324,2022-05-06,9921,796209,194184087,250.0,251.0,241.0,243.0,-8.0,2638
5325,2022-05-09,9921,480181,114727178,241.0,244.0,237.0,237.0,-6.0,1322
5326,2022-05-10,9921,857552,198258547,230.0,234.0,225.0,233.0,-4.0,1819
5327,2022-05-11,9921,2490901,566664232,226.0,231.0,225.5,227.5,-5.5,2913
5328,2022-05-12,9921,1754963,396936381,227.5,231.5,222.0,223.5,-4.0,2353
5329,2022-05-16,9921,753847,180799894,240.0,243.5,237.0,237.5,4.0,1768
5330,2022-05-17,9921,1100996,269865580,239.5,248.0,239.5,247.0,9.5,1558
5331,2022-05-18,9921,969671,241885383,246.0,252.0,245.0,250.5,3.5,2367
5332,2022-05-19,9921,1275784,301595891,238.0,240.0,232.0,236.5,-14.0,3349
5333,2022-05-20,9921,662787,159612192,236.5,244.0,236.5,239.0,2.5,622
5334,2022-05-23,9921,385940,92347103,246.5,246.5,236.5,236.5,-2.5,450
5335,2022-05-24,9921,297821,70122194,237.0,238.5,233.5,233.5,-3.0,341
5336,2022-05-25,9921,849273,205910655,237.0,245.0,237.0,242.0,8.5,764
5337,2022-05-26,9921,526788,128255849,242.5,246.0,242.0,243.0,1.0,870
5338,2022-05-27,9921,475387,117594594,244.0,249.0,244.0,247.0,4.0,1607
5339,2022-05-30,9921,823404,209302378,249.0,257.0,249.0,256.0,9.0,1032
5340,2022-05-31,9921,1243663,322915317,256.0,263.0,253.5,263.0,7.0,981
5341,2022-06-01,9921,689147,177157214,258.5,261.0,255.0,255.0,-8.0,732
5342,2022-06-02,9921,309321,78759885,253.0,256.5,250.5,255.0,0.0,367
5343,2022-06-06,9921,654136,167077240,258.5,259.0,252.5,255.0,0.0,764
5344,2022-06-07,9921,882701,226052318,253.0,259.0,253.0,257.0,2.0,809
5345,2022-06-08,9921,584405,150561735,257.5,261.5,255.0,256.5,-0.5,578
5346,2022-06-09,9921,234345,59871809,254.0,257.5,254.0,256.0,-0.5,257
5347,2022-06-10,9921,724395,182595624,252.0,254.0,249.0,252.5,-3.5,652
5348,2022-06-13,9921,1417294,350219797,246.5,250.0,244.5,244.5,-8.0,1202
5349,2022-06-14,9921,982344,239492345,245.0,246.0,239.5,246.0,1.5,759
5350,2022-06-15,9921,727881,181332204,243.0,251.5,243.0,249.0,3.0,783
5351,2022-06-16,9921,712525,177710459,251.5,253.0,245.5,245.5,-3.5,891
5352,2022-06-17,9921,1212797,292778076,244.0,245.5,238.0,241.0,-4.5,998
5353,2022-06-20,9921,679095,162492184,236.5,242.5,236.5,239.0,-2.0,553
5354,2022-06-21,9921,1059120,261638067,244.0,251.5,240.5,248.0,9.0,900
5355,2022-06-22,9921,637428,159537027,248.0,254.0,246.5,248.5,0.5,674
5356,2022-06-23,9921,523735,131448852,253.5,253.5,248.0,250.5,2.0,985
5357,2022-06-24,9921,2348581,605539189,254.0,263.5,252.5,255.0,4.5,2731
5358,2022-06-27,9921,1627303,424249019,257.0,263.5,257.0,260.0,5.0,2553
5359,2022-06-28,9921,631520,161034481,262.0,262.0,252.0,253.5,-6.5,657
5360,2022-06-29,9921,877206,217857988,250.0,252.5,245.0,247.5,-6.0,756
5361,2022-06-30,9921,1384916,336008179,245.5,248.0,240.0,240.0,-7.5,838
5362,2022-07-01,9921,2509808,567653291,237.0,237.0,220.5,221.0,-19.0,2315
5363,2022-07-04,9921,1896681,421611706,220.0,225.5,215.0,223.5,2.5,1446
5364,2022-07-05,9921,655860,148600553,227.0,231.0,223.5,226.0,2.5,732
5365,2022-07-06,9921,1196581,268070698,229.5,229.5,220.5,221.5,-4.5,1377
5366,2022-07-07,9921,475335,105928102,224.5,225.5,219.0,222.5,1.0,487
5367,2022-07-08,9921,599871,136055863,225.0,229.0,224.5,228.0,5.5,573
5368,2022-07-11,9921,563393,127641154,228.0,232.0,224.0,227.0,-1.0,656
5369,2022-07-12,9921,1003134,233866050,230.0,235.0,229.0,233.0,6.0,1051
5370,2022-07-13,9921,1015595,233481437,235.0,236.0,227.0,227.0,-6.0,2504
5371,2022-07-14,9921,422359,96512597,227.0,231.0,226.0,230.0,3.0,414
5372,2022-07-15,9921,1165060,260852088,230.0,230.0,221.5,223.0,-7.0,1228
5373,2022-07-18,9921,528166,119688400,225.0,228.5,224.5,227.0,4.0,586
5374,2022-07-20,9921,884405,207539828,231.0,237.5,228.5,235.0,6.0,791
5375,2022-07-21,9921,1115818,271610156,234.5,251.0,234.5,245.5,10.5,1009
5376,2022-07-22,9921,920306,226880510,245.0,250.0,244.0,245.0,-0.5,882
5377,2022-07-25,9921,664851,163955861,245.0,249.5,244.0,246.5,1.5,712
5378,2022-07-26,9921,602446,149748772,249.0,251.0,247.0,248.0,1.5,755
5379,2022-07-27,9921,705389,170250070,243.5,244.0,240.0,240.5,-7.5,1992
5380,2022-07-28,9921,657127,158224751,244.0,244.0,238.0,240.0,-0.5,704
5381,2022-07-29,9921,516565,126113460,244.0,246.0,242.0,244.0,4.0,559
5382,2022-08-01,9921,325725,80042717,247.5,248.0,244.0,244.5,0.5,362
5383,2022-08-02,9921,570290,139721564,242.5,247.0,242.0,245.0,0.5,566
5384,2022-08-03,9921,753754,182326001,245.0,245.5,237.0,243.5,-1.5,739
5385,2022-08-04,9921,422170,101664786,243.0,245.0,238.5,240.0,-3.5,450
5386,2022-08-08,9921,266774,66607297,247.5,251.0,247.0,250.0,2.0,387
5387,2022-08-09,9921,407402,101697828,249.0,252.5,246.5,250.0,0.0,463
5388,2022-08-10,9921,443962,111099673,251.5,252.0,247.0,250.0,0.0,456
5389,2022-08-11,9921,2504956,646065979,254.0,263.5,253.0,263.0,13.0,1539
5390,2022-08-12,9921,1675278,444299796,262.5,268.0,260.5,264.5,1.5,1556
5391,2022-08-15,9921,752414,198228880,267.5,268.0,259.0,263.0,-1.5,894
5392,2022-08-16,9921,647216,170318413,265.0,265.0,260.5,262.5,-0.5,798
5393,2022-08-17,9921,924122,243380706,261.5,266.0,261.5,262.5,0.0,903
5394,2022-08-18,9921,964734,254086163,262.5,265.0,261.0,265.0,2.5,946
5395,2022-08-19,9921,868421,220452107,255.0,258.0,252.0,252.5,0.0,956
5396,2022-08-22,9921,389285,98876183,249.0,257.0,247.5,255.5,3.0,477
5397,2022-08-23,9921,426336,106885272,251.0,253.0,249.0,250.5,-5.0,503
5398,2022-08-25,9921,320140,80324106,248.0,252.0,248.0,250.0,2.0,410
5399,2022-08-26,9921,332657,83769764,250.0,254.0,249.0,251.5,1.5,619
5400,2022-08-29,9921,847706,204967322,245.0,249.5,239.5,241.0,-10.5,1002
5401,2022-08-30,9921,824592,197664779,240.0,242.5,238.0,239.0,-2.0,974
5402,2022-08-31,9921,695306,166785116,237.5,242.0,237.5,239.5,0.5,543
5403,2022-09-01,9921,1841018,423614037,237.0,237.0,226.5,232.0,-7.5,1918
5404,2022-09-02,9921,910108,209784709,232.5,234.0,229.0,229.0,-3.0,936
5405,2022-09-05,9921,439227,101858649,232.0,235.0,230.5,230.5,1.5,520
5406,2022-09-06,9921,690939,158572239,235.5,235.5,228.0,230.0,-0.5,771
5407,2022-09-07,9921,1341641,305334329,228.0,229.5,227.0,227.0,-3.0,850
5408,2022-09-08,9921,1288013,292878672,228.0,229.0,226.5,228.0,1.0,1199
5409,2022-09-13,9921,377667,89676175,239.0,239.0,236.0,237.0,2.0,1202
5410,2022-09-14,9921,769827,179195713,231.5,234.0,230.5,232.5,-4.5,730
5411,2022-09-15,9921,943115,220938462,232.0,235.5,232.0,234.0,1.5,852
5412,2022-09-16,9921,861850,200716865,233.0,235.0,232.5,232.5,-1.5,602
5413,2022-09-19,9921,433117,101201566,235.0,236.0,232.0,233.5,1.0,500
5414,2022-09-20,9921,331665,77700162,236.0,236.0,233.5,234.0,0.5,380
5415,2022-09-21,9921,1199742,279102765,232.5,233.5,232.0,233.0,-1.0,688
5416,2022-09-22,9921,2154704,481153416,230.0,232.5,220.0,221.0,-12.0,1821
5417,2022-09-23,9921,1165226,251470417,221.0,221.0,212.5,214.5,-6.5,1427
5418,2022-09-26,9921,1413209,294418996,210.5,212.0,205.0,206.0,-8.5,1199
5419,2022-09-27,9921,1977066,403834671,206.0,210.0,202.5,205.0,-1.0,1611
5420,2022-09-28,9921,855420,174458119,205.5,211.0,200.5,201.0,-4.0,941
5421,2022-09-29,9921,1187182,244795454,206.0,208.5,203.5,207.0,6.0,940
5422,2022-09-30,9921,1296915,264623453,203.0,210.0,198.0,205.5,-1.5,992
5423,2022-10-04,9921,597909,124857428,209.5,210.5,207.5,207.5,0.5,532
5424,2022-10-05,9921,555212,116638797,208.5,212.0,208.5,210.0,2.5,592
5425,2022-10-06,9921,957973,198355112,210.5,212.0,204.5,207.5,-2.5,917
5426,2022-10-07,9921,770265,158557771,206.5,210.0,204.0,204.0,-3.5,684
5427,2022-10-11,9921,1471950,297545894,200.0,206.0,198.0,204.0,0.0,1330
5428,2022-10-12,9921,1399729,291942081,204.0,213.0,204.0,210.5,6.5,1089
5429,2022-10-13,9921,1544353,326890400,208.5,217.0,207.5,210.0,-0.5,1685
5430,2022-10-14,9921,695135,146531725,214.0,216.0,208.0,208.0,-2.0,579
5431,2022-10-17,9921,1466652,313208919,211.0,217.0,209.5,215.5,7.5,1159
5432,2022-10-18,9921,644570,139937832,220.0,223.5,214.5,217.0,1.5,669
5433,2022-10-19,9921,633093,134719394,214.0,216.0,210.5,210.5,-6.5,979
5434,2022-10-21,9921,534715,110017257,208.0,208.5,203.0,205.0,-3.0,657
5435,2022-10-24,9921,838477,172980476,208.0,213.0,203.0,206.0,1.0,796
5436,2022-10-25,9921,588875,119266253,207.5,210.0,199.0,203.0,-3.0,681
5437,2022-10-26,9921,641720,134013212,205.5,211.0,204.5,209.5,6.5,699
5438,2022-10-27,9921,786867,168179329,211.0,216.0,211.0,212.0,2.5,644
5439,2022-10-28,9921,807282,167037113,212.0,214.5,204.5,205.0,-7.0,1033
5440,2022-10-31,9921,584715,120981809,207.0,210.0,204.5,205.5,0.5,487
5441,2022-11-01,9921,718642,150548307,205.5,211.0,205.5,208.0,2.5,503
5442,2022-11-02,9921,753262,155193534,208.5,209.0,203.0,208.0,0.0,637
5443,2022-11-03,9921,282565,57902577,205.5,207.5,204.0,204.0,-4.0,357
5444,2022-11-04,9921,505777,103516062,202.5,208.0,201.0,207.0,3.0,453
5445,2022-11-07,9921,559645,118664567,207.0,213.5,207.0,213.5,6.5,608
5446,2022-11-08,9921,1698435,365315183,213.0,218.0,211.0,217.5,4.0,1091
5447,2022-11-09,9921,967536,213528136,221.0,222.5,215.5,222.5,5.0,1155
5448,2022-11-11,9921,1486001,342400428,228.5,233.5,226.0,233.0,11.5,1239
5449,2022-11-14,9921,1205667,281406893,230.0,238.5,222.0,238.5,5.5,1695
5450,2022-11-15,9921,902519,217967250,239.0,243.5,236.5,243.5,5.0,1042
5451,2022-11-16,9921,967253,237338095,242.5,249.0,242.5,245.5,2.0,1233
5452,2022-11-17,9921,1050706,250300570,245.0,245.0,236.0,237.0,-8.5,2549
5453,2022-11-18,9921,1591680,371312679,235.0,236.0,230.0,234.5,-2.5,3010
5454,2022-11-21,9921,519445,119173529,232.5,232.5,228.0,229.0,-5.5,3458
5455,2022-11-22,9921,1406330,337698236,233.5,245.5,232.5,245.0,16.0,2480
5456,2022-11-23,9921,826668,201862630,245.0,247.5,241.5,242.5,-2.5,2182
5457,2022-11-24,9921,929208,225330497,245.5,249.5,240.0,242.0,-0.5,2629
5458,2022-11-25,9921,427989,102820153,240.5,243.0,238.5,239.5,-2.5,1180
5459,2022-11-28,9921,771782,181987714,235.0,239.0,232.5,235.0,-4.5,1845
5460,2022-11-30,9921,1611347,371246200,229.0,232.5,228.5,230.0,-1.0,1658
5461,2022-12-01,9921,1077780,252128189,232.0,238.0,231.5,231.5,1.5,1297
5462,2022-12-02,9921,1378417,317914986,232.5,235.0,229.0,229.5,-2.0,2032
5463,2022-12-05,9921,1218139,282002820,230.0,234.0,228.0,232.5,3.0,1708
5464,2022-12-06,9921,756780,173500700,231.0,233.0,227.0,227.0,-5.5,1833
5465,2022-12-07,9921,606453,138247534,227.0,230.0,226.0,228.0,1.0,645
5466,2022-12-08,9921,525567,118963729,229.0,229.0,224.5,226.0,-2.0,576
5467,2022-12-09,9921,881338,204188674,228.5,234.0,228.5,231.5,5.5,747
5468,2022-12-12,9921,1590366,356665880,225.5,226.5,223.0,224.0,-7.5,2267
5469,2022-12-13,9921,6069211,1245092799,205.5,213.5,202.0,206.0,-18.0,5635
5470,2022-12-14,9921,4013588,842143899,207.0,215.5,205.0,214.5,8.5,3711
5471,2022-12-15,9921,1562536,337111125,213.0,217.5,212.5,217.0,2.5,1684
5472,2022-12-16,9921,1010581,212993893,211.5,213.0,209.0,210.0,-7.0,1370
5473,2022-12-19,9921,699734,145145853,208.0,209.5,205.0,209.5,-0.5,816
5474,2022-12-20,9921,761242,156706720,210.0,210.0,203.5,204.5,-5.0,1013
5475,2022-12-21,9921,471844,97813055,205.5,209.0,205.5,207.0,2.5,592
5476,2022-12-22,9921,531984,111816439,208.5,212.0,207.0,211.5,4.5,612
5477,2022-12-23,9921,293267,61172874,207.5,210.0,206.5,209.0,-2.5,605
5478,2022-12-26,9921,217399,45239525,210.0,210.0,207.0,208.0,-1.0,378
5479,2022-12-27,9921,241905,50398800,209.0,210.0,206.5,208.5,0.5,383
5480,2022-12-28,9921,444868,91284321,207.0,208.0,203.5,204.5,-4.0,644
5481,2022-12-29,9921,698030,140671591,203.0,205.0,200.0,202.0,-2.5,903
5482,2022-12-30,9921,502860,101555284,203.0,205.0,200.5,200.5,-1.5,629
5483,2023-01-03,9921,986995,197846326,200.5,205.0,198.5,200.0,-0.5,1051
5484,2023-01-04,9921,711736,141183774,199.5,201.0,196.0,200.5,0.5,1005
5485,2023-01-05,9921,606252,121424164,202.0,203.5,199.0,199.5,-1.0,790
5486,2023-01-06,9921,508655,102091548,199.5,202.5,199.5,200.0,0.5,574
5487,2023-01-09,9921,1033254,209756323,200.0,206.0,199.0,206.0,6.0,1096
5488,2023-01-10,9921,1137610,229320647,206.0,206.0,200.5,201.0,-5.0,1073
5489,2023-01-11,9921,861259,172212529,202.0,203.0,199.0,199.5,-1.5,1290
5490,2023-01-12,9921,385373,77894835,202.5,203.0,201.0,202.5,3.0,472
5491,2023-01-13,9921,1385116,287862297,204.0,214.0,202.5,208.0,5.5,1561
5492,2023-01-16,9921,1089750,230431727,211.5,214.0,208.0,212.0,4.0,1228
5493,2023-01-17,9921,627144,133381035,213.0,215.5,211.0,213.0,1.0,809
5494,2023-01-30,9921,2340156,506275545,220.5,224.0,209.5,214.0,1.0,2445
5495,2023-01-31,9921,1491311,310236989,212.0,215.0,205.0,205.0,-9.0,2455
5496,2023-02-01,9921,912968,186565176,206.5,207.5,203.0,204.0,-1.0,1007
5497,2023-02-02,9921,1064345,216582065,202.0,205.0,201.0,204.5,0.5,1229
5498,2023-02-03,9921,951216,199098551,204.5,212.0,204.0,211.5,7.0,1179
5499,2023-02-07,9921,543381,112731637,209.5,209.5,206.5,206.5,-3.0,690
5500,2023-02-08,9921,447470,93543851,207.5,210.0,207.0,209.5,3.0,574
5501,2023-02-09,9921,339481,70815103,208.0,211.0,208.0,208.0,-1.5,475
5502,2023-02-10,9921,311321,64356402,207.5,208.5,206.0,206.5,-1.5,517
5503,2023-02-13,9921,767495,160041753,206.5,211.0,205.0,210.0,3.5,844
5504,2023-02-14,9921,749889,159098983,211.0,213.5,210.5,212.0,2.0,791
5505,2023-02-15,9921,562609,116967013,211.0,211.5,206.0,207.0,-5.0,866
5506,2023-02-16,9921,465046,96356455,208.5,208.5,206.5,207.5,0.5,713
5507,2023-02-17,9921,294906,61478613,206.5,210.0,206.5,208.5,1.0,451
5508,2023-02-20,9921,245053,51304824,208.5,210.5,207.5,210.0,1.5,429
5509,2023-02-21,9921,305815,63855810,209.5,210.5,207.5,207.5,-2.5,524
5510,2023-02-22,9921,1214700,250683280,207.5,209.0,204.5,206.5,-1.0,1166
5511,2023-02-23,9921,957078,198946479,206.5,209.0,206.5,207.5,1.0,896
5512,2023-02-24,9921,2295722,469941825,209.0,209.5,203.5,203.5,-4.0,2385
5513,2023-03-01,9921,977728,198833087,202.0,205.5,202.0,203.0,-0.5,1168
5514,2023-03-02,9921,1318750,266345208,203.0,205.0,200.5,202.0,-1.0,1480
5515,2023-03-03,9921,654970,132915187,203.0,204.5,202.0,202.5,0.5,853
5516,2023-03-06,9921,1203038,245090635,204.0,205.0,202.0,203.5,1.0,1310
5517,2023-03-07,9921,1077090,220773933,204.0,205.5,203.5,205.5,2.0,1102
5518,2023-03-08,9921,1124656,228237327,205.0,205.0,202.0,203.0,-2.5,1700
5519,2023-03-09,9921,923291,186253990,203.5,203.5,201.0,201.0,-2.0,1236
5520,2023-03-10,9921,1412842,280817242,200.0,200.5,198.0,198.5,-2.5,2366
5521,2023-03-13,9921,5125976,965465545,196.0,196.0,185.0,186.5,-12.0,6782
5522,2023-03-14,9921,3792335,685533998,179.0,183.0,179.0,180.5,-6.0,4466
5523,2023-03-15,9921,2085709,375151010,181.0,181.5,179.0,179.0,-1.5,3039
5524,2023-03-16,9921,4114387,714344398,177.0,177.5,171.5,173.5,-5.5,4531
5525,2023-03-17,9921,3678937,625860852,173.5,173.5,168.5,169.5,-4.0,4272
5526,2023-03-20,9921,2196042,379170533,170.0,174.0,169.5,173.5,4.0,2294
5527,2023-03-21,9921,2383695,410811557,173.5,174.5,171.0,171.5,-2.0,2465
5528,2023-03-22,9921,3804699,680935301,173.0,182.5,172.5,181.5,10.0,3662
5529,2023-03-23,9921,2309335,413143004,177.5,181.5,177.0,179.5,-2.0,2397
5530,2023-03-24,9921,3544365,625627108,179.0,179.5,175.0,176.0,-3.5,3393
5531,2023-03-27,9921,3294832,575307232,176.0,177.5,172.5,175.0,-1.0,2650
5532,2023-03-28,9921,2719828,473252957,175.0,177.5,172.5,173.5,-1.5,2796
5533,2023-03-29,9921,3766421,649989952,173.0,175.5,170.0,175.0,1.5,3802
5534,2023-03-30,9921,2000396,351402470,175.5,177.5,174.5,175.0,0.0,1573
5535,2023-03-31,9921,2167406,384280916,176.5,179.5,175.5,176.0,1.0,2091
5536,2023-04-06,9921,1909027,337018865,176.0,177.5,175.5,175.5,-0.5,2374
5537,2023-04-07,9921,1117466,194372564,175.0,175.0,173.5,173.5,-2.0,1846
5538,2023-04-10,9921,556587,97154228,173.0,175.5,173.0,175.5,2.0,851
5539,2023-04-11,9921,1337576,235744129,176.0,177.5,174.5,177.0,1.5,1517
5540,2023-04-12,9921,7740813,1458273526,180.0,193.0,180.0,188.5,11.5,6585
5541,2023-04-13,9921,2519315,476786525,187.5,192.0,187.0,188.5,0.0,7665
5542,2023-04-14,9921,2163935,410284175,190.5,191.0,188.0,189.0,0.5,2179
5543,2023-04-17,9921,1453665,272897085,189.0,190.0,185.5,188.0,-1.0,1970
5544,2023-04-18,9921,1768393,336413257,188.0,191.5,187.0,191.5,3.5,1684
5545,2023-04-20,9921,1124891,209950191,187.0,190.0,185.0,185.5,-2.5,1478
5546,2023-04-21,9921,1451589,265089971,185.5,186.5,181.0,182.0,-3.5,1811
5547,2023-04-24,9921,996422,182049853,183.0,184.0,181.5,183.0,1.0,952
5548,2023-04-25,9921,1021883,185463951,184.5,185.0,180.0,181.0,-2.0,1379
5549,2023-04-26,9921,1231813,223528511,180.0,183.5,178.5,182.5,1.5,1469
5550,2023-04-27,9921,946723,171547298,182.0,182.5,180.0,181.5,-1.0,1137
5551,2023-04-28,9921,780462,142724427,181.5,184.0,181.5,183.5,2.0,919
5552,2023-05-02,9921,1827145,330388227,184.0,185.5,178.5,179.0,-4.5,2336
5553,2023-05-03,9921,601890,108107411,179.0,181.0,178.0,179.5,0.5,855
5554,2023-05-04,9921,649586,118244620,179.5,183.0,179.5,182.5,3.0,775
5555,2023-05-08,9921,794626,146884663,185.0,186.0,183.0,185.0,2.0,1060
5556,2023-05-09,9921,776273,143340644,185.5,186.0,183.5,185.0,0.0,943
5557,2023-05-10,9921,799574,146106197,185.0,185.0,181.0,182.5,-2.5,1101
5558,2023-05-11,9921,4414180,839897260,185.0,193.0,184.0,192.5,10.0,4295
5559,2023-05-12,9921,7538202,1497957126,193.0,202.0,192.0,201.0,8.5,9003
5560,2023-05-15,9921,2954803,582399951,199.5,199.5,194.5,198.0,-3.0,10802
5561,2023-05-16,9921,3014966,601662291,198.0,202.0,195.5,201.0,3.0,3031
5562,2023-05-17,9921,1355569,270683952,199.5,201.5,197.5,200.0,-1.0,6954
5563,2023-05-18,9921,1690474,332820519,200.0,200.0,195.0,196.0,-4.0,19381
5564,2023-05-19,9921,1461804,288301267,197.0,199.5,195.0,196.5,0.5,4930
5565,2023-05-22,9921,801490,158981720,196.5,199.5,196.5,199.0,2.5,3147
5566,2023-05-23,9921,1178471,233886902,199.5,199.5,197.0,199.0,0.0,5281
5567,2023-05-25,9921,751793,149870834,202.0,202.0,197.5,199.0,-3.0,3536
5568,2023-05-26,9921,1545962,314292253,205.5,206.5,200.0,200.0,1.0,1971
5569,2023-05-29,9921,893775,179360469,203.0,203.0,199.0,201.0,1.0,2293
5570,2023-05-30,9921,1133064,228301609,201.0,204.0,199.0,200.5,-0.5,1292
5571,2023-05-31,9921,3176452,652961445,202.0,207.5,200.5,206.0,5.5,3280
5572,2023-06-01,9921,871859,178952924,207.0,207.5,203.5,205.5,-0.5,8263
5573,2023-06-02,9921,826223,169315741,206.5,206.5,203.5,205.0,-0.5,2596
5574,2023-06-05,9921,1399471,284476503,205.5,206.0,202.5,203.0,-2.0,1591
5575,2023-06-06,9921,1077675,220706208,203.5,206.0,202.5,206.0,3.0,1226
5576,2023-06-07,9921,1328533,275747690,207.5,209.0,205.5,209.0,3.0,1926
5577,2023-06-08,9921,930040,191151278,208.5,209.0,204.0,205.5,-3.5,3218
5578,2023-06-09,9921,613419,125723990,206.5,206.5,204.0,205.0,-0.5,878
5579,2023-06-13,9921,2719524,575704333,215.0,215.5,209.0,211.5,-2.5,7205
5580,2023-06-14,9921,1904683,407612438,212.0,216.0,210.0,215.5,4.0,2002
5581,2023-06-15,9921,1876708,412682269,217.0,223.0,215.0,221.0,5.5,3529
5582,2023-06-16,9921,1342213,294810482,222.0,223.0,217.0,217.5,-3.5,7289
5583,2023-06-19,9921,1019369,221748455,217.5,219.0,216.0,218.0,0.5,2187
5584,2023-06-20,9921,970491,209575491,218.0,218.0,213.5,216.5,-1.5,2255
5585,2023-06-21,9921,1543555,341302980,217.5,223.0,216.5,222.0,5.5,2368
5586,2023-06-26,9921,2824043,650280542,223.0,233.5,220.0,231.0,9.0,7197
5587,2023-06-27,9921,1864979,430271960,227.5,235.0,227.0,230.0,-1.0,4640
5588,2023-06-28,9921,1216948,282312165,229.0,234.0,228.0,233.0,3.0,3492
5589,2023-06-29,9921,1559138,363713327,235.5,239.5,228.5,230.5,-2.5,18085
5590,2023-06-30,9921,911354,209871036,228.0,232.5,228.0,230.0,-0.5,2531
5591,2023-07-03,9921,725399,168718576,231.5,235.0,229.0,234.0,4.0,1857
5592,2023-07-04,9921,834135,196631721,232.5,237.5,232.5,237.0,3.0,1481
5593,2023-07-05,9921,1688929,393180104,234.5,238.0,230.0,231.0,-6.0,17816
5594,2023-07-06,9921,1046241,241077864,230.0,233.5,226.5,231.5,0.5,2100
5595,2023-07-07,9921,1822636,415943745,227.0,234.0,223.5,232.0,0.5,6977
5596,2023-07-10,9921,901116,208391658,230.0,234.0,230.0,231.0,-1.0,1556
5597,2023-07-11,9921,1107914,255044778,230.0,232.5,226.5,232.5,1.5,1967
5598,2023-07-12,9921,730748,168963492,230.0,233.0,229.0,232.5,0.0,4015
5599,2023-07-13,9921,1114424,260989736,233.0,236.0,232.0,233.0,0.5,2190
5600,2023-07-14,9921,2230260,534854691,236.0,247.0,235.5,240.0,7.0,5242
5601,2023-07-17,9921,967983,227864740,240.0,241.0,232.5,235.0,-5.0,4855
5602,2023-07-18,9921,1338855,312970484,233.0,236.5,230.5,235.0,0.0,3519
5603,2023-07-19,9921,1822206,417819497,235.0,235.0,226.0,228.5,-6.5,5308
5604,2023-07-20,9921,1192108,275628756,230.0,233.5,226.5,232.5,4.0,1875
5605,2023-07-21,9921,1585319,367430907,233.0,234.5,227.0,232.5,0.0,3277
5606,2023-07-24,9921,2803207,670241765,236.5,242.0,234.5,241.5,9.0,2560
5607,2023-07-25,9921,1247593,298425357,244.0,246.0,235.5,237.0,-4.5,15785
5608,2023-07-26,9921,545355,129007951,237.0,238.0,234.5,236.5,-0.5,12045
5609,2023-07-27,9921,932402,216531240,237.5,239.0,230.0,232.0,-4.5,14506
5610,2023-07-28,9921,508859,117946208,232.5,234.5,230.5,232.0,0.0,3686
5611,2023-07-31,9921,544867,126543024,235.0,235.0,231.0,232.0,0.0,1905
5612,2023-08-01,9921,481759,111037541,234.5,234.5,228.5,230.5,-1.5,4079
5613,2023-08-02,9921,1676707,373604210,227.5,228.0,218.5,221.0,-9.5,18875
5614,2023-08-04,9921,1113863,243359044,220.0,221.0,215.5,220.0,-1.0,2841
5615,2023-08-07,9921,530518,117740066,219.5,223.5,219.0,223.0,3.0,848
5616,2023-08-08,9921,969396,213105810,224.5,224.5,218.5,219.0,-4.0,1355
5617,2023-08-09,9921,1038846,226207875,222.5,222.5,216.0,217.0,-2.0,1321
5618,2023-08-10,9921,952749,206246791,217.0,219.0,214.0,217.0,0.0,1495
5619,2023-08-11,9921,880501,191144830,216.5,220.0,214.5,217.0,0.0,929
5620,2023-08-14,9921,1254356,272057560,216.0,221.0,214.5,214.5,-2.5,1177
5621,2023-08-15,9921,702362,151334098,218.0,218.0,214.0,214.0,-0.5,794
5622,2023-08-16,9921,1117994,234471848,213.0,213.0,206.5,211.0,-3.0,1425
5623,2023-08-17,9921,1386772,286647629,207.0,208.5,205.0,207.0,-4.0,1753
5624,2023-08-18,9921,1293361,264257772,205.5,207.5,202.0,203.0,-4.0,1535
5625,2023-08-21,9921,607579,124768083,203.0,208.0,203.0,204.0,1.0,787
5626,2023-08-22,9921,579890,118942813,208.0,209.0,203.5,203.5,-0.5,651
5627,2023-08-23,9921,1198719,242198260,203.5,205.5,200.5,201.5,-2.0,1219
5628,2023-08-24,9921,975350,198287586,203.0,204.5,202.5,203.0,1.5,961
5629,2023-08-25,9921,1572668,305009017,195.0,198.0,191.0,191.0,0.0,2248
5630,2023-08-28,9921,1145516,218617975,191.0,193.5,187.0,191.0,0.0,1277
5631,2023-08-29,9921,1213864,230135688,191.0,191.5,188.0,189.5,-1.5,1600
5632,2023-08-30,9921,1023848,196092579,191.0,193.0,189.5,192.5,3.0,1899
5633,2023-08-31,9921,1642769,320277418,192.5,196.5,191.5,196.0,3.5,1316
5634,2023-09-01,9921,1222319,235497597,195.5,195.5,191.5,191.5,-4.5,1482
5635,2023-09-04,9921,815954,157818452,191.0,195.5,191.0,193.0,1.5,947
5636,2023-09-05,9921,1244170,245894936,196.0,199.5,193.5,199.0,6.0,1330
5637,2023-09-06,9921,1695861,330488996,199.0,199.0,193.5,194.5,-4.5,1878
5638,2023-09-07,9921,894118,171844050,194.5,195.0,191.5,191.5,-3.0,1513
5639,2023-09-08,9921,933143,178524059,191.0,193.5,190.0,190.5,-1.0,1225
5640,2023-09-11,9921,1533646,291537817,190.5,192.5,188.5,190.0,-0.5,1486
5641,2023-09-12,9921,721608,137966919,190.5,192.5,190.5,190.5,0.5,717
5642,2023-09-13,9921,902260,171628874,190.5,191.5,189.0,189.5,-1.0,1068
5643,2023-09-14,9921,1999087,379606006,190.0,191.0,189.0,190.0,0.5,1505
5644,2023-09-15,9921,1442001,275015529,190.0,192.5,189.5,191.5,1.5,1175
5645,2023-09-18,9921,1334103,252502605,191.5,192.0,188.0,189.0,-2.5,1497
5646,2023-09-19,9921,2115333,397918731,189.0,191.0,186.0,186.5,-2.5,2276
5647,2023-09-20,9921,1757757,321109499,187.0,187.0,180.5,181.5,-5.0,2503
5648,2023-09-21,9921,1297551,233386571,181.5,182.0,178.5,179.0,-2.5,1547
5649,2023-09-22,9921,1259798,228394111,180.0,183.5,178.0,182.5,3.5,1348
5650,2023-09-25,9921,1906343,349018803,183.0,184.5,181.0,183.0,0.5,881
5651,2023-09-26,9921,992620,178969120,181.0,182.5,179.0,180.5,-2.5,1325
5652,2023-09-27,9921,1870525,333102827,180.0,180.0,176.5,178.0,-2.5,2156
5653,2023-09-28,9921,1081498,193115172,178.5,180.0,177.5,178.5,0.5,1273
5654,2023-10-02,9921,819322,149212250,179.0,184.0,178.5,182.5,4.0,981
5655,2023-10-03,9921,940512,169899784,181.0,181.5,180.0,180.0,-2.5,1338
5656,2023-10-04,9921,1490361,267200885,178.5,182.0,176.5,180.0,0.0,1682
5657,2023-10-05,9921,1066729,192662257,183.0,183.0,179.5,179.5,-0.5,1150
5658,2023-10-06,9921,1013479,181625576,180.0,181.5,178.0,179.0,-0.5,1303
5659,2023-10-11,9921,2339791,414576617,181.0,181.0,176.0,177.0,-2.0,2693
5660,2023-10-12,9921,1581026,278573671,177.5,178.5,175.0,176.5,-0.5,1701
5661,2023-10-13,9921,941822,166329135,176.5,177.5,175.5,176.0,-0.5,1314
5662,2023-10-16,9921,1289158,224521085,176.0,176.5,173.0,174.0,-2.0,1730
5663,2023-10-17,9921,1222339,211384165,175.0,175.0,172.0,172.0,-2.0,1784
5664,2023-10-18,9921,1747561,302585662,173.0,175.0,171.5,172.5,0.5,1622
5665,2023-10-19,9921,1688157,287999961,172.0,172.5,170.0,170.0,-2.5,2127
5666,2023-10-20,9921,1445973,243940108,169.0,170.0,167.5,168.5,-1.5,1865
5667,2023-10-23,9921,1075414,182566711,168.0,171.5,168.0,169.0,0.5,1189
5668,2023-10-24,9921,937935,159411319,169.5,171.5,168.0,170.5,1.5,1136
5669,2023-10-25,9921,795810,135836509,170.5,171.5,170.0,170.0,-0.5,997
5670,2023-10-26,9921,2088526,346710829,168.5,169.0,165.0,165.0,-5.0,3176
5671,2023-10-27,9921,556350,92523264,165.5,167.0,165.5,166.0,1.0,881
5672,2023-10-30,9921,1173860,193631550,166.0,167.5,163.5,165.5,-0.5,1726
5673,2023-10-31,9921,1557324,253956271,164.0,165.0,161.0,163.0,-2.5,2537
5674,2023-11-01,9921,1604396,257854070,162.5,163.0,160.0,160.0,-3.0,2371
5675,2023-11-02,9921,1489730,241741159,161.0,164.0,160.5,162.5,2.5,1482
5676,2023-11-03,9921,2872293,490386849,164.0,172.5,163.5,172.5,10.0,2842
5677,2023-11-06,9921,2662246,462638652,173.5,176.5,170.5,173.5,1.0,2610
5678,2023-11-07,9921,1034333,177295708,173.5,174.0,170.0,171.0,-2.5,1405
5679,2023-11-08,9921,1202104,207709704,171.5,175.0,170.0,171.0,0.0,1348
5680,2023-11-09,9921,1135680,193640372,173.0,173.0,169.0,170.0,-1.0,1212
5681,2023-11-10,9921,1615464,271685945,169.0,170.0,167.0,168.5,-1.5,1794
5682,2023-11-13,9921,1890624,312214672,169.0,169.5,164.0,165.0,-3.5,2814
5683,2023-11-14,9921,2105242,343119175,165.0,165.0,162.0,163.0,-2.0,2497
5684,2023-11-15,9921,5237949,871504632,162.5,172.0,160.5,171.0,8.0,4860
5685,2023-11-16,9921,5290563,926048099,170.0,179.5,169.0,174.5,3.5,4916
5686,2023-11-17,9921,2965254,516405088,174.5,178.0,172.5,173.5,-1.0,2843
5687,2023-11-20,9921,2513736,434634048,175.0,175.5,170.5,175.5,2.0,2088
5688,2023-11-21,9921,1866621,327201557,175.5,176.5,173.5,175.5,0.0,1858
5689,2023-11-22,9921,1700731,296071574,176.0,176.5,172.5,173.5,-2.0,1829
5690,2023-11-23,9921,1455514,253427399,173.5,175.0,172.5,175.0,1.5,1259
5691,2023-11-24,9921,2041976,353959202,175.0,175.5,172.0,173.5,-1.5,2141
5692,2023-11-27,9921,1516923,262885518,173.0,175.0,172.0,173.5,0.0,1485
5693,2023-11-28,9921,6494561,1187762305,173.5,187.5,173.0,185.5,12.0,6118
5694,2023-11-29,9921,4513634,835192230,187.5,189.0,182.5,185.5,0.0,3801
5695,2023-11-30,9921,32843889,6223518939,185.0,190.0,182.5,190.0,4.5,6096
5696,2023-12-01,9921,4132854,766832324,189.0,189.0,183.0,184.5,-5.5,4716
5697,2023-12-04,9921,1723874,321762478,184.5,188.5,183.5,187.5,3.0,1712
5698,2023-12-05,9921,1299360,242482980,187.0,188.5,185.0,186.5,-1.0,1604
5699,2023-12-06,9921,857568,158967804,187.0,187.5,184.5,185.0,-1.5,1134
5700,2023-12-07,9921,1173995,214982399,185.5,185.5,182.0,182.0,-3.0,1564
5701,2023-12-08,9921,1370262,250377201,183.5,184.0,180.5,184.0,2.0,1468
5702,2023-12-11,9921,1222775,221430616,184.5,184.5,180.0,180.5,-3.5,1561
5703,2023-12-12,9921,1420074,253473419,182.5,182.5,176.0,177.0,-3.5,2109
5704,2023-12-13,9921,890931,158991715,178.5,181.0,177.0,177.0,0.0,1071
5705,2023-12-14,9921,1097959,195710214,179.0,179.5,177.0,178.0,1.0,1230
5706,2023-12-15,9921,1788825,324401407,179.0,183.0,178.5,181.5,3.5,1712
5707,2023-12-18,9921,3397285,626214076,182.0,187.5,181.0,184.0,2.5,3176
5708,2023-12-19,9921,1286321,235923476,184.0,185.5,181.5,182.5,-1.5,1420
5709,2023-12-20,9921,1352164,249500957,183.5,186.0,182.5,184.0,1.5,1472
5710,2023-12-21,9921,1079297,196672511,183.0,184.0,181.0,181.5,-2.5,1147
5711,2023-12-22,9921,884692,161130029,182.0,183.5,181.5,181.5,0.0,758
5712,2023-12-25,9921,979482,181441073,183.5,186.5,183.0,186.0,4.5,1241
5713,2023-12-26,9921,662566,123030816,186.0,187.0,185.0,186.0,0.0,870
5714,2023-12-27,9921,1073136,200494477,186.0,188.0,184.5,187.0,1.0,1255
5715,2023-12-28,9921,1152794,212736832,187.0,187.0,183.0,184.5,-2.5,1340
5716,2023-12-29,9921,430265,79381080,184.5,185.5,183.5,184.0,-0.5,615
5717,2024-01-02,9921,673366,124788333,184.5,187.0,184.5,185.5,1.5,778
5718,2024-01-03,9921,909952,166171454,184.0,184.5,181.0,181.5,-4.0,1392
5719,2024-01-04,9921,906073,162726245,181.5,181.5,178.5,179.5,-2.0,1328
5720,2024-01-05,9921,825448,148405021,180.0,180.5,178.5,180.0,0.5,827
5721,2024-01-08,9921,627359,113278875,180.5,182.0,179.5,181.0,1.0,696
5722,2024-01-09,9921,426559,77685934,182.0,183.0,181.5,182.0,1.0,576
5723,2024-01-10,9921,828175,148380122,181.5,181.5,178.0,179.5,-2.5,1173
5724,2024-01-11,9921,5390941,932447063,175.5,176.0,170.0,175.0,-4.5,5314
5725,2024-01-12,9921,929131,163294439,175.0,178.0,174.5,175.0,0.0,1188
5726,2024-01-15,9921,653275,113789488,176.5,176.5,173.0,173.5,-1.5,1151
5727,2024-01-16,9921,1236996,211366814,172.5,172.5,170.0,170.0,-3.5,2068
5728,2024-01-17,9921,2567083,430382695,170.0,170.0,166.5,167.0,-3.0,3465
5729,2024-01-18,9921,1404848,233661403,167.5,169.0,165.0,166.5,-0.5,1888
5730,2024-01-19,9921,922644,154158275,166.5,168.0,166.0,167.0,0.5,1090
5731,2024-01-22,9921,781486,133103206,168.0,171.0,168.0,171.0,4.0,976
5732,2024-01-23,9921,918041,159222139,171.0,174.5,171.0,174.5,3.5,1071
5733,2024-01-24,9921,3224431,581641442,178.0,182.5,177.5,179.5,5.0,2833
5734,2024-01-25,9921,1551738,273537346,179.5,180.0,174.5,175.5,-4.0,4848
5735,2024-01-26,9921,900116,161044558,176.5,180.0,176.5,179.0,3.5,1099
5736,2024-01-29,9921,875538,158387652,180.0,181.5,180.0,181.5,2.5,1126
5737,2024-01-30,9921,1005187,179387416,181.5,181.5,177.0,178.0,-3.5,1264
5738,2024-01-31,9921,604039,107853213,179.0,180.0,177.0,178.5,0.5,683
5739,2024-02-01,9921,971969,175867164,179.5,182.0,179.5,180.5,2.0,1123
5740,2024-02-02,9921,411225,74179990,181.0,181.5,179.5,180.0,-0.5,1089
5741,2024-02-05,9921,889637,160155061,178.5,181.5,178.5,180.0,0.0,1004
5742,2024-02-15,9921,2296698,421179146,180.0,185.5,180.0,185.0,5.0,2114
5743,2024-02-16,9921,9803587,1919341935,186.5,203.0,185.5,202.0,17.0,7628
5744,2024-02-19,9921,3435442,685038334,200.0,202.0,195.5,201.0,-1.0,5707
5745,2024-02-20,9921,1801039,359631381,200.0,202.5,198.0,199.0,-2.0,8620
5746,2024-02-21,9921,1172632,232079951,200.0,200.5,196.0,196.5,-2.5,14929
5747,2024-02-22,9921,1105195,216616466,196.0,198.0,192.5,195.5,-1.0,4552
5748,2024-02-23,9921,1740333,346058932,195.0,200.5,194.5,200.0,4.5,3074
5749,2024-02-26,9921,1701224,338956709,200.0,201.5,197.0,199.0,-1.0,4114
5750,2024-02-27,9921,1947499,386599820,198.5,200.5,195.5,199.5,0.5,2877
5751,2024-02-29,9921,4816829,982985611,199.5,207.5,199.0,204.0,4.5,5630
5752,2024-03-01,9921,1663009,337767785,203.0,205.0,200.0,203.0,-1.0,3788
5753,2024-03-04,9921,2319921,469976388,202.5,204.5,201.0,201.0,-2.0,1998
5754,2024-03-05,9921,2736205,556303251,204.0,206.5,201.0,202.0,1.0,2733
5755,2024-03-06,9921,5287610,1112237246,203.5,214.0,202.5,209.0,7.0,5120
5756,2024-03-07,9921,7636119,1667930216,214.5,223.5,211.5,221.5,12.5,12953
5757,2024-03-08,9921,5084854,1109641432,222.0,224.5,213.5,215.5,-6.0,17913
5758,2024-03-11,9921,3136227,687058437,215.5,223.0,215.0,217.5,2.0,6150
5759,2024-03-12,9921,2834425,613725523,216.0,219.0,213.5,215.5,-2.0,5224
5760,2024-03-13,9921,2711343,574150424,215.0,215.0,209.0,212.5,-3.0,4412
5761,2024-03-14,9921,2944189,615036484,210.5,211.5,205.0,211.0,-1.5,4553
5762,2024-03-15,9921,2109275,444489976,211.0,213.0,208.0,209.0,-2.0,2834
5763,2024-03-18,9921,2317328,491876584,213.0,217.5,209.5,214.0,5.0,3108
5764,2024-03-19,9921,4110434,903412111,216.0,222.5,214.5,220.0,6.0,4339
5765,2024-03-20,9921,7736368,1762194105,220.0,235.0,217.5,229.5,9.5,10884
5766,2024-03-21,9921,4370178,1004398545,235.0,237.5,224.5,227.5,-2.0,14059
5767,2024-03-22,9921,4131340,913409117,227.5,227.5,218.0,222.0,-5.5,4321
5768,2024-03-25,9921,2477353,540938082,224.0,224.0,216.0,219.0,-3.0,2981
5769,2024-03-26,9921,1958244,426456873,220.0,222.5,214.0,216.0,-3.0,2129
5770,2024-03-27,9921,3451233,759108344,214.5,224.0,213.0,224.0,8.0,5251
5771,2024-03-28,9921,3266758,736839928,224.0,228.5,222.0,225.0,1.0,3335
5772,2024-03-29,9921,8109770,1780148689,228.0,229.0,215.5,217.5,-7.5,12183
